audit_category,example_id,model,condition,language,old_code,review,gold_new_code,direct_output,gold_location_output,direct_exact_match,gold_location_exact_match,direct_location_overlap_f1,gold_location_location_overlap_f1,diff_type,direct_output_flags,gold_location_output_flags,label_candidate_options,manual_label
qwen32b_direct_correct_to_gold_wrong,crn-008380,qwen2.5-coder:32b,direct_vs_gold_location,java," protected void processExtraArgs(Herder herder, Connect connect, String[] extraAr
                 cb.get();
             }
         } catch (Throwable t) {
-            log.error(""Stopping Connect due to an error while attempting to create a connector"", t);
             connect.stop();
             Exit.exit(3);
         }",Can we please keep [the existing wording](https://github.com/apache/kafka/blob/de088a2e9758e36efe60b1d8acb18b4881b5a9fc/connect/runtime/src/main/java/org/apache/kafka/connect/cli/ConnectStandalone.java#L121) for this error message?," protected void processExtraArgs(Herder herder, Connect connect, String[] extraAr
                 cb.get();
             }
         } catch (Throwable t) {
+            log.error(""Stopping after connector error"", t);
             connect.stop();
             Exit.exit(3);
         }"," protected void processExtraArgs(Herder herder, Connect connect, String[] extraAr
                 cb.get();
             }
         } catch (Throwable t) {
+            log.error(""Stopping after connector error"", t);
             connect.stop();
             Exit.exit(3);
         }"," protected void processExtraArgs(Herder herder, Connect connect, String[] extraAr
                 cb.get();
             }
         } catch (Throwable t) {
             log.error(""Failed to create connector: "", t);
             connect.stop();
             Exit.exit(3);
         }",1,0,1.0,1.0,replace_only,extraction_by_fenced_code_block,extraction_by_fenced_code_block,semantically_equivalent;content_mismatch;over_edit;under_edit;wrong_location;output_format_issue;truncation_suspected;uncertain,
qwen32b_direct_correct_to_gold_wrong,crn-001139,qwen2.5-coder:32b,direct_vs_gold_location,kotlin," public operator fun <A : Comparable<A>, B : Comparable<B>> Either<A, B>.compareT
 
 @Deprecated(
   RedundantAPI + ""Prefer zipOrAccumulate"",
-  ReplaceWith(""Either.zipOrAccumulate<A, B, B, B>({ a:A, bb:A -> a.plus(bb)}, this, b) { a:B, bb:B -> a.plus(bb) }"")
 )
 public fun <A, B> Either<A, B>.combine(SGA: Semigroup<A>, SGB: Semigroup<B>, b: Either<A, B>): Either<A, B> =
   Either.zipOrAccumulate({ a, bb -> SGA.run { a.combine(bb) }  }, this, b) { a, bb -> SGB.run { a.combine(bb) } }","```suggestion
  ReplaceWith(""Either.zipOrAccumulate<A, B, B, B>({ a:A, bb:A -> a.plus(bb) }, this, b) { a:B, bb:B -> a.plus(bb) }"")
```"," public operator fun <A : Comparable<A>, B : Comparable<B>> Either<A, B>.compareT
 
 @Deprecated(
   RedundantAPI + ""Prefer zipOrAccumulate"",
+  ReplaceWith(""Either.zipOrAccumulate<A, B, B, B>({ a:A, bb:A -> a.plus(bb) }, this, b) { a:B, bb:B -> a.plus(bb) }"")
 )
 public fun <A, B> Either<A, B>.combine(SGA: Semigroup<A>, SGB: Semigroup<B>, b: Either<A, B>): Either<A, B> =
   Either.zipOrAccumulate({ a, bb -> SGA.run { a.combine(bb) }  }, this, b) { a, bb -> SGB.run { a.combine(bb) } }"," public operator fun <A : Comparable<A>, B : Comparable<B>> Either<A, B>.compareT
 
 @Deprecated(
   RedundantAPI + ""Prefer zipOrAccumulate"",
+  ReplaceWith(""Either.zipOrAccumulate<A, B, B, B>({ a:A, bb:A -> a.plus(bb) }, this, b) { a:B, bb:B -> a.plus(bb) }"")
 )
 public fun <A, B> Either<A, B>.combine(SGA: Semigroup<A>, SGB: Semigroup<B>, b: Either<A, B>): Either<A, B> =
   Either.zipOrAccumulate({ a, bb -> SGA.run { a.combine(bb) }  }, this, b) { a, bb -> SGB.run { a.combine(bb) } }"," public operator fun <A : Comparable<A>, B : Comparable<B>> Either<A, B>.compareT
 
 @Deprecated(
   RedundantAPI + ""Prefer zipOrAccumulate"",
  ReplaceWith(""Either.zipOrAccumulate<A, B, B, B>({ a:A, bb:A -> a.plus(bb) }, this, b) { a:B, bb:B -> a.plus(bb) }"")
 )
 public fun <A, B> Either<A, B>.combine(SGA: Semigroup<A>, SGB: Semigroup<B>, b: Either<A, B>): Either<A, B> =
   Either.zipOrAccumulate({ a, bb -> SGA.run { a.combine(bb) }  }, this, b) { a, bb -> SGB.run { a.combine(bb) } }",1,0,1.0,1.0,replace_only,extraction_by_fenced_code_block,extraction_by_fenced_code_block,semantically_equivalent;content_mismatch;over_edit;under_edit;wrong_location;output_format_issue;truncation_suspected;uncertain,
qwen32b_direct_correct_to_gold_wrong,crn-014900,qwen2.5-coder:32b,direct_vs_gold_location,scala," object MetricDoc {
       qualification: MetricQualification,
   ) extends StaticAnnotation
 
-  // This tag works in combination with the FanTag and declares a metric that can be represented by
-  // the documentation info of the corresponding FanTag.
   case class FanInstanceTag() extends StaticAnnotation
 
 }","```suggestion
  // This tag works in combination with the FanTag and declares a metric that can be represented in
  // the documentation by the info of the corresponding FanTag.
```"," object MetricDoc {
       qualification: MetricQualification,
   ) extends StaticAnnotation
 
+  // This tag works in combination with the FanTag and declares a metric that can be represented in
+  // the documentation by the info of the corresponding FanTag.
   case class FanInstanceTag() extends StaticAnnotation
 
 }"," object MetricDoc {
       qualification: MetricQualification,
   ) extends StaticAnnotation
 
+  // This tag works in combination with the FanTag and declares a metric that can be represented in
+  // the documentation by the info of the corresponding FanTag.
   case class FanInstanceTag() extends StaticAnnotation
 
 }"," object MetricDoc {
       qualification: MetricQualification,
   ) extends StaticAnnotation

  // This tag works in combination with the FanTag and declares a metric that can be represented in
  // the documentation by the info of the corresponding FanTag.

   case class FanInstanceTag() extends StaticAnnotation

 }",1,0,1.0,0.6666666666666666,replace_only,wrapper_text;extraction_by_fenced_code_block,extraction_by_fenced_code_block,semantically_equivalent;content_mismatch;over_edit;under_edit;wrong_location;output_format_issue;truncation_suspected;uncertain,
qwen32b_direct_correct_to_gold_wrong,crn-009758,qwen2.5-coder:32b,direct_vs_gold_location,python," async def guard_func(*args, **kwargs):
 
 @pytest.fixture(name=""caplog"")
 def caplog_fixture(caplog):
-    """"""Test that capture logs are likely needing debug level.""""""
     caplog.set_level(logging.DEBUG)
     yield caplog
 ","If the idea is to keep this fixture, we should improve the docstring, maybe:
```suggestion
    """"""Set log level to debug for tests using the caplog fixture.""""""
```"," async def guard_func(*args, **kwargs):
 
 @pytest.fixture(name=""caplog"")
 def caplog_fixture(caplog):
+    """"""Set log level to debug for tests using the caplog fixture.""""""
     caplog.set_level(logging.DEBUG)
     yield caplog
 "," async def guard_func(*args, **kwargs):
 
 @pytest.fixture(name=""caplog"")
 def caplog_fixture(caplog):
+    """"""Set log level to debug for tests using the caplog fixture.""""""
     caplog.set_level(logging.DEBUG)
     yield caplog
 "," async def guard_func(*args, **kwargs):
 
 @pytest.fixture(name=""caplog"")
 def caplog_fixture(caplog):
    """"""Set log level to debug for tests using the caplog fixture.""""""
     caplog.set_level(logging.DEBUG)
     yield caplog
 ",1,0,1.0,1.0,replace_only,extraction_by_fenced_code_block,extraction_by_fenced_code_block,semantically_equivalent;content_mismatch;over_edit;under_edit;wrong_location;output_format_issue;truncation_suspected;uncertain,
qwen32b_direct_correct_to_gold_wrong,crn-000675,qwen2.5-coder:32b,direct_vs_gold_location,swift," enum SemanticColors {
     static let headerLabelConversationDetails = UIColor(light: Asset.gray70, dark: Asset.gray50)
     static let textLabelTitleCellActive = UIColor(light: Asset.black, dark: Asset.white)
     static let textLabelSubtitleCellActive = UIColor(light: Asset.gray90, dark: Asset.white)
-    static let textLabelConversationDetailNoItems = UIColor(light: Asset.black, dark: Asset.gray20)
 }
 
 private extension UIColor {","Hmm, Not sure if this name represents where the color is being used. How about something like:

`textLabelConversationSearchNoItems`"," enum SemanticColors {
     static let headerLabelConversationDetails = UIColor(light: Asset.gray70, dark: Asset.gray50)
     static let textLabelTitleCellActive = UIColor(light: Asset.black, dark: Asset.white)
     static let textLabelSubtitleCellActive = UIColor(light: Asset.gray90, dark: Asset.white)
+    static let textLabelConversationSearchNoItems = UIColor(light: Asset.black, dark: Asset.gray20)
 }
 
 private extension UIColor {"," enum SemanticColors {
     static let headerLabelConversationDetails = UIColor(light: Asset.gray70, dark: Asset.gray50)
     static let textLabelTitleCellActive = UIColor(light: Asset.black, dark: Asset.white)
     static let textLabelSubtitleCellActive = UIColor(light: Asset.gray90, dark: Asset.white)
+    static let textLabelConversationSearchNoItems = UIColor(light: Asset.black, dark: Asset.gray20)
 }
 
 private extension UIColor {"," enum SemanticColors {
     static let headerLabelConversationDetails = UIColor(light: Asset.gray70, dark: Asset.gray50)
     static let textLabelTitleCellActive = UIColor(light: Asset.black, dark: Asset.white)
     static let textLabelSubtitleCellActive = UIColor(light: Asset.gray90, dark: Asset.white)
     static let textLabelConversationSearchNoItems = UIColor(light: Asset.black, dark: Asset.gray20)
 }
 
 private extension UIColor {",1,0,1.0,1.0,replace_only,wrapper_text;extraction_by_fenced_code_block,extraction_by_fenced_code_block,semantically_equivalent;content_mismatch;over_edit;under_edit;wrong_location;output_format_issue;truncation_suspected;uncertain,
qwen32b_direct_correct_to_gold_wrong,crn-013594,qwen2.5-coder:32b,direct_vs_gold_location,kotlin,"
 
 package org.matrix.android.sdk.api.session.room.threads
 
-import androidx.lifecycle.LiveData
 import androidx.paging.PagedList
-import kotlinx.coroutines.CoroutineScope
-import org.matrix.android.sdk.api.session.room.ResultBoundaries
 import org.matrix.android.sdk.api.session.room.threads.model.ThreadSummary
-import org.matrix.android.sdk.internal.session.room.relation.threads.FetchThreadsResult
-import org.matrix.android.sdk.internal.session.room.relation.threads.ThreadFilter
 
 /**
  * This interface defines methods to interact with thread related features.","
<!--
  1 failure:  Unused import
  0 warning: 
  
  
  DangerID: danger-id-Danger;
  File: matrix-sdk-android/src/main/java/org/matrix/android/sdk/api/session/room/threads/ThreadsService.kt;
  Line: 22;
-->
- :no_entry_sign: Unused import



  ","
 
 package org.matrix.android.sdk.api.session.room.threads
 
 import androidx.paging.PagedList
 import org.matrix.android.sdk.api.session.room.threads.model.ThreadSummary
 
 /**
  * This interface defines methods to interact with thread related features."," 
 package org.matrix.android.sdk.api.session.room.threads
 
 import androidx.paging.PagedList
 import org.matrix.android.sdk.api.session.room.threads.model.ThreadSummary
 
 /**
  * This interface defines methods to interact with thread related features.","package org.matrix.android.sdk.api.session.room.threads

import androidx.paging.PagedList
import org.matrix.android.sdk.api.session.room.threads.model.ThreadSummary

/**
 * This interface defines methods to interact with thread related features.",1,0,0.9090909090909091,0.5263157894736842,delete_only,extraction_by_fenced_code_block,extraction_by_fenced_code_block,semantically_equivalent;content_mismatch;over_edit;under_edit;wrong_location;output_format_issue;truncation_suspected;uncertain,
qwen32b_direct_correct_to_gold_wrong,crn-001152,qwen2.5-coder:32b,direct_vs_gold_location,kotlin," public sealed class Ior<out A, out B> {
 
   @Deprecated(
     NicheAPI + ""Prefer when or fold instead"",
-    ReplaceWith(""fold({ c }, { it + c }, { _, b -> b + c })"")
   )
   public inline fun <C> foldLeft(c: C, f: (C, B) -> C): C {
     contract { callsInPlace(f, InvocationKind.AT_MOST_ONCE) }","```suggestion
    ReplaceWith(""fold({ c }, { f(c, it) }, { _, b -> f(c, b) })"")
```"," public sealed class Ior<out A, out B> {
 
   @Deprecated(
     NicheAPI + ""Prefer when or fold instead"",
+    ReplaceWith(""fold({ c }, { f(c, it) }, { _, b -> f(c, b) })"")
   )
   public inline fun <C> foldLeft(c: C, f: (C, B) -> C): C {
     contract { callsInPlace(f, InvocationKind.AT_MOST_ONCE) }"," public sealed class Ior<out A, out B> {
 
   @Deprecated(
     NicheAPI + ""Prefer when or fold instead"",
+    ReplaceWith(""fold({ c }, { f(c, it) }, { _, b -> f(c, b) })"")
   )
   public inline fun <C> foldLeft(c: C, f: (C, B) -> C): C {
     contract { callsInPlace(f, InvocationKind.AT_MOST_ONCE) }"," public sealed class Ior<out A, out B> {
 
   @Deprecated(
     NicheAPI + ""Prefer when or fold instead"",
    ReplaceWith(""fold({ c }, { f(c, it) }, { _, b -> f(c, b) })"")
   )
   public inline fun <C> foldLeft(c: C, f: (C, B) -> C): C {
     contract { callsInPlace(f, InvocationKind.AT_MOST_ONCE) }",1,0,1.0,1.0,replace_only,extraction_by_fenced_code_block,extraction_by_fenced_code_block,semantically_equivalent;content_mismatch;over_edit;under_edit;wrong_location;output_format_issue;truncation_suspected;uncertain,
qwen32b_direct_correct_to_gold_wrong,crn-008245,qwen2.5-coder:32b,direct_vs_gold_location,java," public List<EnumValueInfo> values() {
     }
 
     /**
-     * Returns description information of the enum.
      */
     @Override
     public DescriptionInfo descriptionInfo() {","```suggestion
     * Returns the description information of the enum.
```"," public List<EnumValueInfo> values() {
     }
 
     /**
+     * Returns the description information of the enum.
      */
     @Override
     public DescriptionInfo descriptionInfo() {"," public List<EnumValueInfo> values() {
     }
 
     /**
+     * Returns the description information of the enum.
      */
     @Override
     public DescriptionInfo descriptionInfo() {"," public List<EnumValueInfo> values() {
     }
 
     /**
     * Returns the description information of the enum.
      */
     @Override
     public DescriptionInfo descriptionInfo() {",1,0,1.0,1.0,replace_only,extraction_by_fenced_code_block,extraction_by_fenced_code_block,semantically_equivalent;content_mismatch;over_edit;under_edit;wrong_location;output_format_issue;truncation_suspected;uncertain,
qwen32b_direct_correct_to_gold_wrong,crn-011822,qwen2.5-coder:32b,direct_vs_gold_location,php," protected function isStringKeyedArray($op) {
         }
 
         reset($op);
-        if (is_string(key($op))) {
-            return true;
-        }
-
-        return false;
     }
 
     /**",Further optimization: just `return is_string(key($op));` instead of an if and two different returns.," protected function isStringKeyedArray($op) {
         }
 
         reset($op);
+        return is_string(key($op));
     }
 
     /**"," protected function isStringKeyedArray($op) {
         }
 
         reset($op);
+        return is_string(key($op));
     }
 
     /**"," protected function isStringKeyedArray($op) {
         }

         reset($op);
         return is_string(key($op));
     }

     /**",1,0,1.0,0.8333333333333334,replace_only,extraction_by_fenced_code_block,extraction_by_fenced_code_block,semantically_equivalent;content_mismatch;over_edit;under_edit;wrong_location;output_format_issue;truncation_suspected;uncertain,
qwen32b_direct_correct_to_gold_wrong,crn-009099,qwen2.5-coder:32b,direct_vs_gold_location,python,"
     get_home_dir, get_conf_path, get_module_path, running_in_ci)
 from spyder.config.manager import CONF
 from spyder.dependencies import DEPENDENCIES
-from spyder.plugins.debugger.api import (
-    DebuggerWidgetActions)
 from spyder.plugins.externalconsole.api import ExtConsoleShConfiguration
 from spyder.plugins.help.widgets import ObjectComboBox
 from spyder.plugins.help.tests.test_plugin import check_text","```suggestion
from spyder.plugins.debugger.api import DebuggerWidgetActions
```","
     get_home_dir, get_conf_path, get_module_path, running_in_ci)
 from spyder.config.manager import CONF
 from spyder.dependencies import DEPENDENCIES
+from spyder.plugins.debugger.api import DebuggerWidgetActions
 from spyder.plugins.externalconsole.api import ExtConsoleShConfiguration
 from spyder.plugins.help.widgets import ObjectComboBox
 from spyder.plugins.help.tests.test_plugin import check_text","     get_home_dir, get_conf_path, get_module_path, running_in_ci)
 from spyder.config.manager import CONF
 from spyder.dependencies import DEPENDENCIES
+from spyder.plugins.debugger.api import DebuggerWidgetActions
 from spyder.plugins.externalconsole.api import ExtConsoleShConfiguration
 from spyder.plugins.help.widgets import ObjectComboBox
 from spyder.plugins.help.tests.test_plugin import check_text","     get_home_dir, get_conf_path, get_module_path, running_in_ci)
 from spyder.config.manager import CONF
 from spyder.dependencies import DEPENDENCIES
from spyder.plugins.debugger.api import DebuggerWidgetActions
 from spyder.plugins.externalconsole.api import ExtConsoleShConfiguration
 from spyder.plugins.help.widgets import ObjectComboBox
 from spyder.plugins.help.tests.test_plugin import check_text",1,0,0.8,0.8,replace_only,extraction_by_fenced_code_block,extraction_by_fenced_code_block,semantically_equivalent;content_mismatch;over_edit;under_edit;wrong_location;output_format_issue;truncation_suspected;uncertain,
qwen32b_direct_correct_to_gold_wrong,crn-010973,qwen2.5-coder:32b,direct_vs_gold_location,ruby,"
 # frozen_string_literal: true
 # encoding: utf-8
 
-# Copyright (C) 2019-2020 MongoDB Inc.
 #
 # Licensed under the Apache License, Version 2.0 (the 'License');
 # you may not use this file except in compliance with the License.","```suggestion
# Copyright (C) 2019-present MongoDB Inc.
```","
 # frozen_string_literal: true
 # encoding: utf-8
 
+# Copyright (C) 2019-present MongoDB Inc.
 #
 # Licensed under the Apache License, Version 2.0 (the 'License');
 # you may not use this file except in compliance with the License."," # frozen_string_literal: true
 # encoding: utf-8
 
+# Copyright (C) 2019-present MongoDB Inc.
 #
 # Licensed under the Apache License, Version 2.0 (the 'License');
 # you may not use this file except in compliance with the License."," # frozen_string_literal: true
 # encoding: utf-8
 
# Copyright (C) 2019-present MongoDB Inc.
 #
 # Licensed under the Apache License, Version 2.0 (the 'License');
 # you may not use this file except in compliance with the License.",1,0,0.6666666666666666,0.6666666666666666,replace_only,extraction_by_fenced_code_block,extraction_by_fenced_code_block,semantically_equivalent;content_mismatch;over_edit;under_edit;wrong_location;output_format_issue;truncation_suspected;uncertain,
qwen32b_direct_correct_to_gold_wrong,crn-013800,qwen2.5-coder:32b,direct_vs_gold_location,kotlin," class OnDemandPatch : BytecodePatch(
     override fun execute(context: BytecodeContext): PatchResult {
         OnDemandFingerprint.result?.apply {
             val insertIndex = scanResult.patternScanResult!!.endIndex - 1
-            // Force the UI to behave like with a Premium account
-            mutableMethod.addInstruction(insertIndex,""const/4 v0, 0x2"")
         } ?: return OnDemandFingerprint.toErrorResult()
         return PatchResultSuccess()
     }","```suggestion
            // Spoof a premium account
            mutableMethod.addInstruction(insertIndex, ""const/4 v0, 0x2"")
```"," class OnDemandPatch : BytecodePatch(
     override fun execute(context: BytecodeContext): PatchResult {
         OnDemandFingerprint.result?.apply {
             val insertIndex = scanResult.patternScanResult!!.endIndex - 1
+            // Spoof a premium account
+            mutableMethod.addInstruction(insertIndex, ""const/4 v0, 0x2"")
         } ?: return OnDemandFingerprint.toErrorResult()
         return PatchResultSuccess()
     }"," class OnDemandPatch : BytecodePatch(
     override fun execute(context: BytecodeContext): PatchResult {
         OnDemandFingerprint.result?.apply {
             val insertIndex = scanResult.patternScanResult!!.endIndex - 1
+            // Spoof a premium account
+            mutableMethod.addInstruction(insertIndex, ""const/4 v0, 0x2"")
         } ?: return OnDemandFingerprint.toErrorResult()
         return PatchResultSuccess()
     }"," class OnDemandPatch : BytecodePatch(
     override fun execute(context: BytecodeContext): PatchResult {
         OnDemandFingerprint.result?.apply {
             val insertIndex = scanResult.patternScanResult!!.endIndex - 1
            // Spoof a premium account
            mutableMethod.addInstruction(insertIndex, ""const/4 v0, 0x2"")
         } ?: return OnDemandFingerprint.toErrorResult()
         return PatchResultSuccess()
     }",1,0,1.0,1.0,replace_only,extraction_by_fenced_code_block,extraction_by_fenced_code_block,semantically_equivalent;content_mismatch;over_edit;under_edit;wrong_location;output_format_issue;truncation_suspected;uncertain,
qwen32b_direct_correct_to_gold_wrong,crn-011185,qwen2.5-coder:32b,direct_vs_gold_location,go," import (
 	""os""
 	""path/filepath""
 
 	""github.com/algorand/go-algorand/crypto""
 	""github.com/algorand/go-algorand/data/basics""
 	""github.com/algorand/go-algorand/ledger/ledgercore""
 	""github.com/algorand/go-algorand/protocol""
-	""github.com/algorand/msgp/msgp""
 )
 
 const (",nits: move it to a different section.," import (
 	""os""
 	""path/filepath""
 
+	""github.com/algorand/msgp/msgp""
+	
 	""github.com/algorand/go-algorand/crypto""
 	""github.com/algorand/go-algorand/data/basics""
 	""github.com/algorand/go-algorand/ledger/ledgercore""
 	""github.com/algorand/go-algorand/protocol""
 )
 
 const ("," import (
 	""os""
 	""path/filepath""
 
+	""github.com/algorand/msgp/msgp""
+
 	""github.com/algorand/go-algorand/crypto""
 	""github.com/algorand/go-algorand/data/basics""
 	""github.com/algorand/go-algorand/ledger/ledgercore""
 	""github.com/algorand/go-algorand/protocol""
 )
 
 const (","import (
	""os""
	""path/filepath""

	""github.com/algorand/go-algorand/crypto""
	""github.com/algorand/go-algorand/data/basics""
	""github.com/algorand/go-algorand/ledger/ledgercore""
	""github.com/algorand/go-algorand/protocol""
	""github.com/algorand/msgp/msgp""
)

const (",1,0,1.0,0.2857142857142857,mixed,extraction_by_fenced_code_block,extraction_by_fenced_code_block,semantically_equivalent;content_mismatch;over_edit;under_edit;wrong_location;output_format_issue;truncation_suspected;uncertain,
qwen32b_direct_correct_to_gold_wrong,crn-001902,qwen2.5-coder:32b,direct_vs_gold_location,kotlin," class AddSmoking : OsmFilterQuestType<SmokingAllowed>() {
     override val elementFilter = """"""
          nodes, ways, relations with
          (
-             amenity ~ bar|cafe|biergarten|restaurant|food_court
-             and (indoor_seating != no or outdoor_seating != no)
              or leisure = outdoor_seating
              or amenity ~ nightclub|stripclub|pub
              or (","```suggestion
             amenity ~ bar|cafe|biergarten|restaurant|food_court and (indoor_seating != no or outdoor_seating != no)
```
mixing and and or while legal may be confusing for readers"," class AddSmoking : OsmFilterQuestType<SmokingAllowed>() {
     override val elementFilter = """"""
          nodes, ways, relations with
          (
+             amenity ~ bar|cafe|biergarten|restaurant|food_court and (indoor_seating != no or outdoor_seating != no)
              or leisure = outdoor_seating
              or amenity ~ nightclub|stripclub|pub
              or ("," class AddSmoking : OsmFilterQuestType<SmokingAllowed>() {
     override val elementFilter = """"""
          nodes, ways, relations with
          (
+             amenity ~ bar|cafe|biergarten|restaurant|food_court and (indoor_seating != no or outdoor_seating != no)
              or leisure = outdoor_seating
              or amenity ~ nightclub|stripclub|pub
              or ("," class AddSmoking : OsmFilterQuestType<SmokingAllowed>() {
     override val elementFilter = """"""
          nodes, ways, relations with
          (
             amenity ~ bar|cafe|biergarten|restaurant|food_court and (indoor_seating != no or outdoor_seating != no)
              or leisure = outdoor_seating
              or amenity ~ nightclub|stripclub|pub
              or (",1,0,1.0,1.0,replace_only,extraction_by_fenced_code_block,extraction_by_fenced_code_block,semantically_equivalent;content_mismatch;over_edit;under_edit;wrong_location;output_format_issue;truncation_suspected;uncertain,
qwen32b_direct_correct_to_gold_wrong,crn-009407,qwen2.5-coder:32b,direct_vs_gold_location,python," def dummy():
 
         frame = _testcapi.frame_new(dummy.__code__, globals(), locals())
         # The following line should not cause a segmentation fault.
-        self.assertEqual(frame.f_back, None)
 
 if __name__ == ""__main__"":
     unittest.main()","```suggestion
        self.assertIsNone(frame.f_back)
```"," def dummy():
 
         frame = _testcapi.frame_new(dummy.__code__, globals(), locals())
         # The following line should not cause a segmentation fault.
+        self.assertIsNone(frame.f_back)
 
 if __name__ == ""__main__"":
     unittest.main()"," def dummy():
 
         frame = _testcapi.frame_new(dummy.__code__, globals(), locals())
         # The following line should not cause a segmentation fault.
+        self.assertIsNone(frame.f_back)
 
 if __name__ == ""__main__"":
     unittest.main()"," def dummy():
 
         frame = _testcapi.frame_new(dummy.__code__, globals(), locals())
         # The following line should not cause a segmentation fault.
        self.assertIsNone(frame.f_back)
 
 if __name__ == ""__main__"":
     unittest.main()",1,0,1.0,1.0,replace_only,extraction_by_fenced_code_block,extraction_by_fenced_code_block,semantically_equivalent;content_mismatch;over_edit;under_edit;wrong_location;output_format_issue;truncation_suspected;uncertain,
qwen32b_direct_correct_to_gold_wrong,crn-004026,qwen2.5-coder:32b,direct_vs_gold_location,csharp," internal string GetSelectFragment(string entitySuffix, string collectionSuffix,
 							                    IncludeLazyProps = SelectMode == SelectMode.FetchLazyProperties,
 						                    });
 				case SelectMode.ChildFetch:
-					//Skip ChileFetch for many-to-many as element id is added by element persister
 					if (Joinable.IsCollection && ((IQueryableCollection) Joinable).IsManyToMany)
 						return string.Empty;
 					return ReflectHelper.CastOrThrow<ISupportSelectModeJoinable>(Joinable, ""child fetch select mode"")","```suggestion
					// Skip ChildFetch for many-to-many as element id is added by element persister.
```"," internal string GetSelectFragment(string entitySuffix, string collectionSuffix,
 							                    IncludeLazyProps = SelectMode == SelectMode.FetchLazyProperties,
 						                    });
 				case SelectMode.ChildFetch:
+					// Skip ChildFetch for many-to-many as element id is added by element persister.
 					if (Joinable.IsCollection && ((IQueryableCollection) Joinable).IsManyToMany)
 						return string.Empty;
 					return ReflectHelper.CastOrThrow<ISupportSelectModeJoinable>(Joinable, ""child fetch select mode"")"," internal string GetSelectFragment(string entitySuffix, string collectionSuffix,
 							                    IncludeLazyProps = SelectMode == SelectMode.FetchLazyProperties,
 						                    });
 				case SelectMode.ChildFetch:
+					// Skip ChildFetch for many-to-many as element id is added by element persister.
 					if (Joinable.IsCollection && ((IQueryableCollection) Joinable).IsManyToMany)
 						return string.Empty;
 					return ReflectHelper.CastOrThrow<ISupportSelectModeJoinable>(Joinable, ""child fetch select mode"")"," internal string GetSelectFragment(string entitySuffix, string collectionSuffix,
 							                    IncludeLazyProps = SelectMode == SelectMode.FetchLazyProperties,
 						                    });
 				case SelectMode.ChildFetch:
					// Skip ChildFetch for many-to-many as element id is added by element persister.
 					if (Joinable.IsCollection && ((IQueryableCollection) Joinable).IsManyToMany)
 						return string.Empty;
 					return ReflectHelper.CastOrThrow<ISupportSelectModeJoinable>(Joinable, ""child fetch select mode"")",1,0,1.0,1.0,replace_only,wrapper_text;extraction_by_fenced_code_block,extraction_by_fenced_code_block,semantically_equivalent;content_mismatch;over_edit;under_edit;wrong_location;output_format_issue;truncation_suspected;uncertain,
qwen32b_direct_correct_to_gold_wrong,crn-013276,qwen2.5-coder:32b,direct_vs_gold_location,python," def test_bfgs_infinite(self):
             assert not np.isfinite(func(x))
 
     def test_bfgs_xrtol(self):
-        # test for #17345 to test xrtol parameter 
         x0 = [1.3, 0.7, 0.8, 1.9, 1.2]
         res = optimize.minimize(optimize.rosen,
                                 x0, method='bfgs', options={'xrtol': 1e-3})","```suggestion
        # test for #17345 to test xrtol parameter
```"," def test_bfgs_infinite(self):
             assert not np.isfinite(func(x))
 
     def test_bfgs_xrtol(self):
+        # test for #17345 to test xrtol parameter
         x0 = [1.3, 0.7, 0.8, 1.9, 1.2]
         res = optimize.minimize(optimize.rosen,
                                 x0, method='bfgs', options={'xrtol': 1e-3})"," def test_bfgs_infinite(self):
             assert not np.isfinite(func(x))
 
     def test_bfgs_xrtol(self):
+        # test for #17345 to test xrtol parameter
         x0 = [1.3, 0.7, 0.8, 1.9, 1.2]
         res = optimize.minimize(optimize.rosen,
                                 x0, method='bfgs', options={'xrtol': 1e-3})"," def test_bfgs_infinite(self):
             assert not np.isfinite(func(x))
 
     def test_bfgs_xrtol(self):
        # test for #17345 to test xrtol parameter
         x0 = [1.3, 0.7, 0.8, 1.9, 1.2]
         res = optimize.minimize(optimize.rosen,
                                 x0, method='bfgs', options={'xrtol': 1e-3})",1,0,1.0,1.0,replace_only,wrapper_text;extraction_by_fenced_code_block,extraction_by_fenced_code_block,semantically_equivalent;content_mismatch;over_edit;under_edit;wrong_location;output_format_issue;truncation_suspected;uncertain,
qwen32b_direct_correct_to_gold_wrong,crn-012691,qwen2.5-coder:32b,direct_vs_gold_location,javascript," export default function ApproveContentCard({
                           variant={TextVariant.headingSm}
                           fontWeight={FONT_WEIGHT.BOLD}
                           color={TextColor.TEXT_DEFAULT}
-                          as=""h6""
                         >
                           {formatCurrency(
                             fiatTransactionTotal,","Shouldn't this be 
```suggestion
                          as=""h4""
```"," export default function ApproveContentCard({
                           variant={TextVariant.headingSm}
                           fontWeight={FONT_WEIGHT.BOLD}
                           color={TextColor.TEXT_DEFAULT}
+                          as=""h4""
                         >
                           {formatCurrency(
                             fiatTransactionTotal,"," export default function ApproveContentCard({
                           variant={TextVariant.headingSm}
                           fontWeight={FONT_WEIGHT.BOLD}
                           color={TextColor.TEXT_DEFAULT}
+                          as=""h4""
                         >
                           {formatCurrency(
                             fiatTransactionTotal,"," export default function ApproveContentCard({
                           variant={TextVariant.headingSm}
                           fontWeight={FONT_WEIGHT.BOLD}
                           color={TextColor.TEXT_DEFAULT}
                          as=""h4""
                         >
                           {formatCurrency(
                             fiatTransactionTotal,",1,0,1.0,1.0,replace_only,extraction_by_fenced_code_block,extraction_by_fenced_code_block,semantically_equivalent;content_mismatch;over_edit;under_edit;wrong_location;output_format_issue;truncation_suspected;uncertain,
qwen32b_direct_correct_to_gold_wrong,crn-004720,qwen2.5-coder:32b,direct_vs_gold_location,java," public class ApexUnitTestClassShouldHaveAssertsRule extends AbstractApexUnitTest
         ASSERT_METHODS.add(""assert.isfalse"");
         ASSERT_METHODS.add(""assert.isinstanceoftype"");
         ASSERT_METHODS.add(""assert.isnotinstanceoftype"");
-        ASSERT_METHODS.add(""assert.isnnull"");
         ASSERT_METHODS.add(""assert.isnotnull"");
         ASSERT_METHODS.add(""assert.istrue"");
         // Fully-qualified variants...rare but still valid/possible","```suggestion
        ASSERT_METHODS.add(""assert.isnull"");
```"," public class ApexUnitTestClassShouldHaveAssertsRule extends AbstractApexUnitTest
         ASSERT_METHODS.add(""assert.isfalse"");
         ASSERT_METHODS.add(""assert.isinstanceoftype"");
         ASSERT_METHODS.add(""assert.isnotinstanceoftype"");
+        ASSERT_METHODS.add(""assert.isnull"");
         ASSERT_METHODS.add(""assert.isnotnull"");
         ASSERT_METHODS.add(""assert.istrue"");
         // Fully-qualified variants...rare but still valid/possible"," public class ApexUnitTestClassShouldHaveAssertsRule extends AbstractApexUnitTest
         ASSERT_METHODS.add(""assert.isfalse"");
         ASSERT_METHODS.add(""assert.isinstanceoftype"");
         ASSERT_METHODS.add(""assert.isnotinstanceoftype"");
+        ASSERT_METHODS.add(""assert.isnull"");
         ASSERT_METHODS.add(""assert.isnotnull"");
         ASSERT_METHODS.add(""assert.istrue"");
         // Fully-qualified variants...rare but still valid/possible"," public class ApexUnitTestClassShouldHaveAssertsRule extends AbstractApexUnitTest
         ASSERT_METHODS.add(""assert.isfalse"");
         ASSERT_METHODS.add(""assert.isinstanceoftype"");
         ASSERT_METHODS.add(""assert.isnotinstanceoftype"");
        ASSERT_METHODS.add(""assert.isnull"");
         ASSERT_METHODS.add(""assert.isnotnull"");
         ASSERT_METHODS.add(""assert.istrue"");
         // Fully-qualified variants...rare but still valid/possible",1,0,1.0,1.0,replace_only,extraction_by_fenced_code_block,extraction_by_fenced_code_block,semantically_equivalent;content_mismatch;over_edit;under_edit;wrong_location;output_format_issue;truncation_suspected;uncertain,
qwen32b_direct_correct_to_gold_wrong,crn-012788,qwen2.5-coder:32b,direct_vs_gold_location,c," _io__WindowsConsoleIO___init___impl(winconsoleio *self, PyObject *nameobj,
     int fd_is_own = 0;
     HANDLE handle = NULL;
 
-    assert(PyObject_TypeCheck((self), (PyTypeObject *)&PyWindowsConsoleIO_Type));
     if (self->fd >= 0) {
         if (self->closefd) {
             /* Have to close the existing file first. */","```suggestion
    assert(PyObject_TypeCheck(self, (PyTypeObject *)&PyWindowsConsoleIO_Type));
```"," _io__WindowsConsoleIO___init___impl(winconsoleio *self, PyObject *nameobj,
     int fd_is_own = 0;
     HANDLE handle = NULL;
 
+    assert(PyObject_TypeCheck(self, (PyTypeObject *)&PyWindowsConsoleIO_Type));
     if (self->fd >= 0) {
         if (self->closefd) {
             /* Have to close the existing file first. */"," _io__WindowsConsoleIO___init___impl(winconsoleio *self, PyObject *nameobj,
     int fd_is_own = 0;
     HANDLE handle = NULL;
 
+    assert(PyObject_TypeCheck(self, (PyTypeObject *)&PyWindowsConsoleIO_Type));
     if (self->fd >= 0) {
         if (self->closefd) {
             /* Have to close the existing file first. */"," _io__WindowsConsoleIO___init___impl(winconsoleio *self, PyObject *nameobj,
     int fd_is_own = 0;
     HANDLE handle = NULL;
 
    assert(PyObject_TypeCheck(self, (PyTypeObject *)&PyWindowsConsoleIO_Type));
     if (self->fd >= 0) {
         if (self->closefd) {
             /* Have to close the existing file first. */",1,0,1.0,1.0,replace_only,extraction_by_fenced_code_block,extraction_by_fenced_code_block,semantically_equivalent;content_mismatch;over_edit;under_edit;wrong_location;output_format_issue;truncation_suspected;uncertain,
qwen32b_direct_correct_to_gold_wrong,crn-013832,qwen2.5-coder:32b,direct_vs_gold_location,kotlin," import org.jf.dexlib2.iface.instruction.formats.Instruction35c
 @Patch
 @DependsOn([IntegrationsPatch::class, SettingsPatch::class])
 @Name(""open-links-directly"")
-@Description(""Bypasses URL redirects and open links directly inside YouTube app."")
 @OpenLinksDirectlyCompatibility
 @Version(""0.0.1"")
 class OpenLinksDirectlyPatch : BytecodePatch(","```suggestion
@Description(""Bypasses URL redirects and opens links directly inside YouTube app."")
```"," import org.jf.dexlib2.iface.instruction.formats.Instruction35c
 @Patch
 @DependsOn([IntegrationsPatch::class, SettingsPatch::class])
 @Name(""open-links-directly"")
+@Description(""Bypasses URL redirects and opens links directly inside YouTube app."")
 @OpenLinksDirectlyCompatibility
 @Version(""0.0.1"")
 class OpenLinksDirectlyPatch : BytecodePatch("," import org.jf.dexlib2.iface.instruction.formats.Instruction35c
 @Patch
 @DependsOn([IntegrationsPatch::class, SettingsPatch::class])
 @Name(""open-links-directly"")
+@Description(""Bypasses URL redirects and opens links directly inside YouTube app."")
 @OpenLinksDirectlyCompatibility
 @Version(""0.0.1"")
 class OpenLinksDirectlyPatch : BytecodePatch("," import org.jf.dexlib2.iface.instruction.formats.Instruction35c
 @Patch
 @DependsOn([IntegrationsPatch::class, SettingsPatch::class])
 @Name(""open-links-directly"")
@Description(""Bypasses URL redirects and opens links directly inside YouTube app."")
 @OpenLinksDirectlyCompatibility
 @Version(""0.0.1"")
 class OpenLinksDirectlyPatch : BytecodePatch(",1,0,1.0,1.0,replace_only,extraction_by_fenced_code_block,extraction_by_fenced_code_block,semantically_equivalent;content_mismatch;over_edit;under_edit;wrong_location;output_format_issue;truncation_suspected;uncertain,
qwen32b_direct_correct_to_gold_wrong,crn-010747,qwen2.5-coder:32b,direct_vs_gold_location,python," def _wrap_aggregation(
         DataFrame or Series
             Returns the same type as `self._df`.
         """"""
-        if not isinstance(numeric_only, NumericOnly):
-            numeric_only = NumericOnly(numeric_only)
 
         agg_args = tuple() if agg_args is None else agg_args
         agg_kwargs = dict() if agg_kwargs is None else agg_kwargs","I wonder if we can unconditionally cast to `NumericOnly(numeric_only)`, even if it already is a proper enum..."," def _wrap_aggregation(
         DataFrame or Series
             Returns the same type as `self._df`.
         """"""
+        numeric_only = NumericOnly(numeric_only)
 
         agg_args = tuple() if agg_args is None else agg_args
         agg_kwargs = dict() if agg_kwargs is None else agg_kwargs"," def _wrap_aggregation(
         DataFrame or Series
             Returns the same type as `self._df`.
         """"""
+        numeric_only = NumericOnly(numeric_only)
 
         agg_args = tuple() if agg_args is None else agg_args
         agg_kwargs = dict() if agg_kwargs is None else agg_kwargs","def _wrap_aggregation(
        DataFrame or Series
            Returns the same type as `self._df`.
        """"""
    numeric_only = NumericOnly(numeric_only)

    agg_args = tuple() if agg_args is None else agg_args
    agg_kwargs = dict() if agg_kwargs is None else agg_kwargs",1,0,1.0,0.36363636363636365,replace_only,extraction_by_fenced_code_block,extraction_by_fenced_code_block,semantically_equivalent;content_mismatch;over_edit;under_edit;wrong_location;output_format_issue;truncation_suspected;uncertain,
qwen32b_direct_correct_to_gold_wrong,crn-012638,qwen2.5-coder:32b,direct_vs_gold_location,go," func (s *Server) initJobs() {
 	)
 
 	s.Jobs.RegisterJobType(
-		model.JobTypeInstallNotifyAdmin,
 		notify_admin.MakeInstallNotifyWorker(s.Jobs, New(ServerConnector(s.Channels()))),
-		notify_admin.MakeScheduler(s.Jobs, s.License(), model.JobTypeInstallNotifyAdmin),
 	)
 
 	s.platform.Jobs = s.Jobs",nit: maybe `model.JobTypeInstallPluginNotifyAdmin`? `JobTypeInstallNotifyAdmin` feels like it's a job to install notify admin ^^," func (s *Server) initJobs() {
 	)
 
 	s.Jobs.RegisterJobType(
+		model.JobTypeInstallPluginNotifyAdmin,
 		notify_admin.MakeInstallNotifyWorker(s.Jobs, New(ServerConnector(s.Channels()))),
+		notify_admin.MakeScheduler(s.Jobs, s.License(), model.JobTypeInstallPluginNotifyAdmin),
 	)
 
 	s.platform.Jobs = s.Jobs"," func (s *Server) initJobs() {
 	)
 
 	s.Jobs.RegisterJobType(
+		model.JobTypeInstallPluginNotifyAdmin,
 		notify_admin.MakeInstallNotifyWorker(s.Jobs, New(ServerConnector(s.Channels()))),
+		notify_admin.MakeScheduler(s.Jobs, s.License(), model.JobTypeInstallPluginNotifyAdmin),
 	)
 
 	s.platform.Jobs = s.Jobs"," func (s *Server) initJobs() {
 	)
 
 	s.Jobs.RegisterJobType(
		model.JobTypeInstallPluginNotifyAdmin,
 		notify_admin.MakeInstallNotifyWorker(s.Jobs, New(ServerConnector(s.Channels()))),
		notify_admin.MakeScheduler(s.Jobs, s.License(), model.JobTypeInstallPluginNotifyAdmin),
 	)
 
 	s.platform.Jobs = s.Jobs",1,0,1.0,1.0,replace_only,extraction_by_fenced_code_block,extraction_by_fenced_code_block,semantically_equivalent;content_mismatch;over_edit;under_edit;wrong_location;output_format_issue;truncation_suspected;uncertain,
qwen32b_direct_correct_to_gold_wrong,crn-008614,qwen2.5-coder:32b,direct_vs_gold_location,go," func TestTransactions(suite *testing.T) {
 		_, err := env.PachClient.RunBatchInTransaction(func(builder *client.TransactionBuilder) error {
 			_, err := builder.PfsAPIClient.CreateRepo(builder.Ctx(), &pfs.CreateRepoRequest{
 				Repo: &pfs.Repo{
-					Name: ""someproject"",
 				},
 			})
 			require.NoError(t, err)","did you mean
```suggestion
					Name: ""somerepo"",
```"," func TestTransactions(suite *testing.T) {
 		_, err := env.PachClient.RunBatchInTransaction(func(builder *client.TransactionBuilder) error {
 			_, err := builder.PfsAPIClient.CreateRepo(builder.Ctx(), &pfs.CreateRepoRequest{
 				Repo: &pfs.Repo{
+					Name: ""somerepo"",
 				},
 			})
 			require.NoError(t, err)"," func TestTransactions(suite *testing.T) {
 		_, err := env.PachClient.RunBatchInTransaction(func(builder *client.TransactionBuilder) error {
 			_, err := builder.PfsAPIClient.CreateRepo(builder.Ctx(), &pfs.CreateRepoRequest{
 				Repo: &pfs.Repo{
+					Name: ""somerepo"",
 				},
 			})
 			require.NoError(t, err)"," func TestTransactions(suite *testing.T) {
 		_, err := env.PachClient.RunBatchInTransaction(func(builder *client.TransactionBuilder) error {
 			_, err := builder.PfsAPIClient.CreateRepo(builder.Ctx(), &pfs.CreateRepoRequest{
 				Repo: &pfs.Repo{
					Name: ""somerepo"",
 				},
 			})
 			require.NoError(t, err)",1,0,1.0,1.0,replace_only,extraction_by_fenced_code_block,extraction_by_fenced_code_block,semantically_equivalent;content_mismatch;over_edit;under_edit;wrong_location;output_format_issue;truncation_suspected;uncertain,
qwen32b_direct_correct_to_gold_wrong,crn-000365,qwen2.5-coder:32b,direct_vs_gold_location,swift," private func shippingRulesData(
 
       return ShippingRule.shippingRule(from: fragment)
     }
-    .compactMap { $0 }
 
   return shippingRules
 }","Leave this in, there are other deprecated warnings of using `.flatMap` where we can use `.compactMap` in the model layer, but more investigation needs to be done as to why we're using `compactMap` and then again `compactMap` the same collection. Seems like we need `flatMap` to further reduce the number of levels in the collection."," private func shippingRulesData(
 
       return ShippingRule.shippingRule(from: fragment)
     }
+    .flatMap { $0 }
 
   return shippingRules
 }"," private func shippingRulesData(
 
       return ShippingRule.shippingRule(from: fragment)
     }
+    .flatMap { $0 }
 
   return shippingRules
 }"," private func shippingRulesData(
 
       return ShippingRule.shippingRule(from: fragment)
     }

   return shippingRules
 }",1,0,1.0,0.6666666666666666,replace_only,extraction_by_fenced_code_block,extraction_by_fenced_code_block,semantically_equivalent;content_mismatch;over_edit;under_edit;wrong_location;output_format_issue;truncation_suspected;uncertain,
qwen32b_direct_correct_to_gold_wrong,crn-010028,qwen2.5-coder:32b,direct_vs_gold_location,go," var cgroupREs = []*regexp.Regexp{
 
 	// This regex applies for container runtimes, that won't put the PodUID into
 	// the cgroup name.
-	// Currently only cri-o in combination with kubeedge is known for this abnormaly.
 	regexp.MustCompile(`` +
 		// /crio-
 		`(?P<poduid>)[[:punct:]]crio[[:punct:]]` +","```suggestion
	// Currently only cri-o in combination with kubeedge is known for this abnormally.
```"," var cgroupREs = []*regexp.Regexp{
 
 	// This regex applies for container runtimes, that won't put the PodUID into
 	// the cgroup name.
+	// Currently only cri-o in combination with kubeedge is known for this abnormally.
 	regexp.MustCompile(`` +
 		// /crio-
 		`(?P<poduid>)[[:punct:]]crio[[:punct:]]` +"," var cgroupREs = []*regexp.Regexp{
 
 	// This regex applies for container runtimes, that won't put the PodUID into
 	// the cgroup name.
+	// Currently only cri-o in combination with kubeedge is known for this abnormally.
 	regexp.MustCompile(`` +
 		// /crio-
 		`(?P<poduid>)[[:punct:]]crio[[:punct:]]` +"," var cgroupREs = []*regexp.Regexp{
 
 	// This regex applies for container runtimes, that won't put the PodUID into
 	// the cgroup name.
	// Currently only cri-o in combination with kubeedge is known for this abnormally.
 	regexp.MustCompile(`` +
 		// /crio-
 		`(?P<poduid>)[[:punct:]]crio[[:punct:]]` +",1,0,1.0,1.0,replace_only,wrapper_text;extraction_by_fenced_code_block,extraction_by_fenced_code_block,semantically_equivalent;content_mismatch;over_edit;under_edit;wrong_location;output_format_issue;truncation_suspected;uncertain,
qwen32b_direct_correct_to_gold_wrong,crn-006396,qwen2.5-coder:32b,direct_vs_gold_location,ruby," class FunctionalFebruaryBadge < Badge
     seed ""Functional February"",
       :ultimate,
       'functional',
-      'Completed five exercises in a functional language in February'
 
     def self.worth_queuing?(exercise:)
       TRACK_SLUGS.include?(exercise.track.slug)","```suggestion
      'Completed and published five exercises in a functional language in February'
```"," class FunctionalFebruaryBadge < Badge
     seed ""Functional February"",
       :ultimate,
       'functional',
+      'Completed and published five exercises in a functional language in February'
 
     def self.worth_queuing?(exercise:)
       TRACK_SLUGS.include?(exercise.track.slug)"," class FunctionalFebruaryBadge < Badge
     seed ""Functional February"",
       :ultimate,
       'functional',
+      'Completed and published five exercises in a functional language in February'
 
     def self.worth_queuing?(exercise:)
       TRACK_SLUGS.include?(exercise.track.slug)"," class FunctionalFebruaryBadge < Badge
     seed ""Functional February"",
       :ultimate,
       'functional',
      'Completed and published five exercises in a functional language in February'
 
     def self.worth_queuing?(exercise:)
       TRACK_SLUGS.include?(exercise.track.slug)",1,0,1.0,1.0,replace_only,extraction_by_fenced_code_block,extraction_by_fenced_code_block,semantically_equivalent;content_mismatch;over_edit;under_edit;wrong_location;output_format_issue;truncation_suspected;uncertain,
qwen32b_direct_correct_to_gold_wrong,crn-013141,qwen2.5-coder:32b,direct_vs_gold_location,go," func resourceIpGroup() *pluginsdk.Resource {
 			""resource_group_name"": commonschema.ResourceGroupName(),
 
 			""firewall_ids"": {
-				Type:     pluginsdk.TypeSet,
 				Computed: true,
 				Elem: &pluginsdk.Schema{
 					Type: pluginsdk.TypeString,
 				},
 			},
 
 			""firewall_policy_ids"": {
-				Type:     pluginsdk.TypeSet,
 				Computed: true,
 				Elem: &pluginsdk.Schema{
 					Type: pluginsdk.TypeString,","this should be a type list
```suggestion
				Type:     pluginsdk.TypeList,
```"," func resourceIpGroup() *pluginsdk.Resource {
 			""resource_group_name"": commonschema.ResourceGroupName(),
 
 			""firewall_ids"": {
+				Type:     pluginsdk.TypeList,
 				Computed: true,
 				Elem: &pluginsdk.Schema{
 					Type: pluginsdk.TypeString,
 				},
 			},
 
 			""firewall_policy_ids"": {
+				Type:     pluginsdk.TypeList,
 				Computed: true,
 				Elem: &pluginsdk.Schema{
 					Type: pluginsdk.TypeString,"," func resourceIpGroup() *pluginsdk.Resource {
 			""resource_group_name"": commonschema.ResourceGroupName(),
 
 			""firewall_ids"": {
+				Type:     pluginsdk.TypeList,
 				Computed: true,
 				Elem: &pluginsdk.Schema{
 					Type: pluginsdk.TypeString,
 				},
 			},
 
 			""firewall_policy_ids"": {
+				Type:     pluginsdk.TypeList,
 				Computed: true,
 				Elem: &pluginsdk.Schema{
 					Type: pluginsdk.TypeString,"," func resourceIpGroup() *pluginsdk.Resource {
 			""resource_group_name"": commonschema.ResourceGroupName(),
 
 			""firewall_ids"": {
				Type:     pluginsdk.TypeList,
 				Computed: true,
 				Elem: &pluginsdk.Schema{
 					Type: pluginsdk.TypeString,
 				},
 			},
 
 			""firewall_policy_ids"": {
				Type:     pluginsdk.TypeList,
 				Computed: true,
 				Elem: &pluginsdk.Schema{
 					Type: pluginsdk.TypeString,",1,0,1.0,1.0,replace_only,extraction_by_fenced_code_block,extraction_by_fenced_code_block,semantically_equivalent;content_mismatch;over_edit;under_edit;wrong_location;output_format_issue;truncation_suspected;uncertain,
qwen32b_direct_correct_to_gold_wrong,crn-001098,qwen2.5-coder:32b,direct_vs_gold_location,kotlin," class ReviewingSettingsFragment : SettingsFragment() {
         requirePreference<ListPreference>(R.string.new_spread_preference).apply {
             setValueIndex(col.get_config_int(""newSpread""))
             setOnPreferenceChangeListener { newValue ->
-                col.set_config(""newSpread"", newValue.toString().toInt())
             }
         }
 ","```suggestion
                col.set_config(""newSpread"", (newValue as String).toInt())
```"," class ReviewingSettingsFragment : SettingsFragment() {
         requirePreference<ListPreference>(R.string.new_spread_preference).apply {
             setValueIndex(col.get_config_int(""newSpread""))
             setOnPreferenceChangeListener { newValue ->
+                col.set_config(""newSpread"", (newValue as String).toInt())
             }
         }
 "," class ReviewingSettingsFragment : SettingsFragment() {
         requirePreference<ListPreference>(R.string.new_spread_preference).apply {
             setValueIndex(col.get_config_int(""newSpread""))
             setOnPreferenceChangeListener { newValue ->
+                col.set_config(""newSpread"", (newValue as String).toInt())
             }
         }
 "," class ReviewingSettingsFragment : SettingsFragment() {
         requirePreference<ListPreference>(R.string.new_spread_preference).apply {
             setValueIndex(col.get_config_int(""newSpread""))
             setOnPreferenceChangeListener { newValue ->
                col.set_config(""newSpread"", (newValue as String).toInt())
             }
         }
 ",1,0,1.0,1.0,replace_only,extraction_by_fenced_code_block,extraction_by_fenced_code_block,semantically_equivalent;content_mismatch;over_edit;under_edit;wrong_location;output_format_issue;truncation_suspected;uncertain,
qwen32b_direct_correct_to_gold_wrong,crn-007223,qwen2.5-coder:32b,direct_vs_gold_location,go," func (s *Server) refreshHandler(w http.ResponseWriter, r *http.Request) {
 		}
 	}
 
-	// returnData := struct {
-	// 	IDToken      string `json:""id_token""`
-	// 	TokenType    string `json:""token_type""`
-	// 	Expiry       string `json:""expires_in""`
-	// 	RefreshToken string `json:""refresh_token""`
-	// }{rawIDToken, token.Type(), token.Expiry.String(), token.RefreshToken}
-	fmt.Println(token.RefreshToken, ""myRefreshToken"")
 	returnData := struct {
 		IDToken string `json:""id_token""`
 	}{rawIDToken}",remove the lines from 679 - 685," func (s *Server) refreshHandler(w http.ResponseWriter, r *http.Request) {
 		}
 	}
 
 	returnData := struct {
 		IDToken string `json:""id_token""`
 	}{rawIDToken}"," func (s *Server) refreshHandler(w http.ResponseWriter, r *http.Request) {
 		}
 	}
 
 	returnData := struct {
 		IDToken string `json:""id_token""`
 	}{rawIDToken}","func (s *Server) refreshHandler(w http.ResponseWriter, r *http.Request) {
	}
}

returnData := struct {
	IDToken string `json:""id_token""`
}{rawIDToken}",1,0,1.0,0.6666666666666666,delete_only,extraction_by_fenced_code_block,extraction_by_fenced_code_block,semantically_equivalent;content_mismatch;over_edit;under_edit;wrong_location;output_format_issue;truncation_suspected;uncertain,
qwen32b_direct_correct_to_gold_wrong,crn-008604,qwen2.5-coder:32b,direct_vs_gold_location,go," func TestDatumStatusRestart(t *testing.T) {
 	require.NoError(t, c.CreateProjectRepo(project, dataRepo))
 
 	pipeline := tu.UniqueString(""pipeline"")
-	// This pipeline sleeps for 20 secs per datum
 	require.NoError(t, c.CreateProjectPipeline(project,
 		pipeline,
 		"""",","```suggestion
	// This pipeline sleeps for 30 secs per datum
```"," func TestDatumStatusRestart(t *testing.T) {
 	require.NoError(t, c.CreateProjectRepo(project, dataRepo))
 
 	pipeline := tu.UniqueString(""pipeline"")
+	// This pipeline sleeps for 30 secs per datum
 	require.NoError(t, c.CreateProjectPipeline(project,
 		pipeline,
 		"""","," func TestDatumStatusRestart(t *testing.T) {
 	require.NoError(t, c.CreateProjectRepo(project, dataRepo))
 
 	pipeline := tu.UniqueString(""pipeline"")
+	// This pipeline sleeps for 30 secs per datum
 	require.NoError(t, c.CreateProjectPipeline(project,
 		pipeline,
 		"""","," func TestDatumStatusRestart(t *testing.T) {
 	require.NoError(t, c.CreateProjectRepo(project, dataRepo))
 
 	pipeline := tu.UniqueString(""pipeline"")
	// This pipeline sleeps for 30 secs per datum
 	require.NoError(t, c.CreateProjectPipeline(project,
 		pipeline,
 		"""",",1,0,1.0,1.0,replace_only,wrapper_text;extraction_by_fenced_code_block,extraction_by_fenced_code_block,semantically_equivalent;content_mismatch;over_edit;under_edit;wrong_location;output_format_issue;truncation_suspected;uncertain,
qwen32b_direct_correct_to_gold_wrong,crn-000579,qwen2.5-coder:32b,direct_vs_gold_location,swift," final class InputBar: UIView {
     let markdownView = MarkdownBarView()
 
     var editingBackgroundColor = SemanticColors.LegacyColors.brightYellow
-    var barBackgroundColor: UIColor?  = SemanticColors.SearchBar.backgroundInputView
     var writingSeparatorColor: UIColor?  = SemanticColors.View.backgroundSeparatorCell
     var ephemeralColor: UIColor {
         return .accent()","```suggestion
    var barBackgroundColor: UIColor? = SemanticColors.SearchBar.backgroundInputView
```"," final class InputBar: UIView {
     let markdownView = MarkdownBarView()
 
     var editingBackgroundColor = SemanticColors.LegacyColors.brightYellow
+    var barBackgroundColor: UIColor? = SemanticColors.SearchBar.backgroundInputView
     var writingSeparatorColor: UIColor?  = SemanticColors.View.backgroundSeparatorCell
     var ephemeralColor: UIColor {
         return .accent()"," final class InputBar: UIView {
     let markdownView = MarkdownBarView()
 
     var editingBackgroundColor = SemanticColors.LegacyColors.brightYellow
+    var barBackgroundColor: UIColor? = SemanticColors.SearchBar.backgroundInputView
     var writingSeparatorColor: UIColor?  = SemanticColors.View.backgroundSeparatorCell
     var ephemeralColor: UIColor {
         return .accent()"," final class InputBar: UIView {
     let markdownView = MarkdownBarView()
 
     var editingBackgroundColor = SemanticColors.LegacyColors.brightYellow
    var barBackgroundColor: UIColor? = SemanticColors.SearchBar.backgroundInputView
     var writingSeparatorColor: UIColor?  = SemanticColors.View.backgroundSeparatorCell
     var ephemeralColor: UIColor {
         return .accent()",1,0,1.0,1.0,replace_only,extraction_by_fenced_code_block,extraction_by_fenced_code_block,semantically_equivalent;content_mismatch;over_edit;under_edit;wrong_location;output_format_issue;truncation_suspected;uncertain,
qwen32b_direct_correct_to_gold_wrong,crn-012470,qwen2.5-coder:32b,direct_vs_gold_location,java,"
  * limitations under the License.
  */
 /**
- * Kafka Client for consuming events from a Kafka Cluster
  */
 package org.apache.kafka.clients.consumer;
\ No newline at end of file","```suggestion
 * Provides a Kafka client for consuming records from topics and/or partitions in a Kafka cluster.
```","
  * limitations under the License.
  */
 /**
+ * Provides a Kafka client for consuming records from topics and/or partitions in a Kafka cluster.
  */
 package org.apache.kafka.clients.consumer;
\ No newline at end of file","  * limitations under the License.
  */
 /**
+ * Provides a Kafka client for consuming records from topics and/or partitions in a Kafka cluster.
  */
 package org.apache.kafka.clients.consumer;
\ No newline at end of file","  * limitations under the License.
  */
 /**
 * Provides a Kafka client for consuming records from topics and/or partitions in a Kafka cluster.
  */
 package org.apache.kafka.clients.consumer;
\ No newline at end of file",1,0,0.6666666666666666,0.6666666666666666,replace_only,extraction_by_fenced_code_block,extraction_by_fenced_code_block,semantically_equivalent;content_mismatch;over_edit;under_edit;wrong_location;output_format_issue;truncation_suspected;uncertain,
qwen32b_direct_correct_to_gold_wrong,crn-003466,qwen2.5-coder:32b,direct_vs_gold_location,scala," object PcDocumentHighlightProvider:
         lazy val soughtNames: Set[Name] = sought.map(_.name)
 
         /*
-         * For comprehsnions have two owners, one for the enumerators and one for
          * yield. This is a heuristic to find that out.
          */
         def isForComprehensionOwner(named: NameTree) =","```suggestion
         * For comprehensions have two owners, one for the enumerators and one for
```"," object PcDocumentHighlightProvider:
         lazy val soughtNames: Set[Name] = sought.map(_.name)
 
         /*
+         * For comprehensions have two owners, one for the enumerators and one for
          * yield. This is a heuristic to find that out.
          */
         def isForComprehensionOwner(named: NameTree) ="," object PcDocumentHighlightProvider:
         lazy val soughtNames: Set[Name] = sought.map(_.name)
 
         /*
+         * For comprehensions have two owners, one for the enumerators and one for
          * yield. This is a heuristic to find that out.
          */
         def isForComprehensionOwner(named: NameTree) ="," object PcDocumentHighlightProvider:
         lazy val soughtNames: Set[Name] = sought.map(_.name)
 
         /*
         * For comprehensions have two owners, one for the enumerators and one for
          * yield. This is a heuristic to find that out.
          */
         def isForComprehensionOwner(named: NameTree) =",1,0,1.0,1.0,replace_only,wrapper_text;extraction_by_fenced_code_block,extraction_by_fenced_code_block,semantically_equivalent;content_mismatch;over_edit;under_edit;wrong_location;output_format_issue;truncation_suspected;uncertain,
qwen32b_direct_correct_to_gold_wrong,crn-007661,qwen2.5-coder:32b,direct_vs_gold_location,csharp," public async Task Delete()
 
                 var cmd = new DeleteDocumentCommand(id, changeVector, Database);
                 await Database.TxMerger.Enqueue(cmd);
-                if (TrafficWatchManager.HasRegisteredClients)
-                    AddStringToHttpContext(id, TrafficWatchChangeType.Documents);
             }
 
             NoContentStatus();",we can remove this since we log in the ctor now," public async Task Delete()
 
                 var cmd = new DeleteDocumentCommand(id, changeVector, Database);
                 await Database.TxMerger.Enqueue(cmd);
             }
 
             NoContentStatus();"," public async Task Delete()
 
                 var cmd = new DeleteDocumentCommand(id, changeVector, Database);
                 await Database.TxMerger.Enqueue(cmd);
             }
 
             NoContentStatus();"," public async Task Delete()
 
                 var cmd = new DeleteDocumentCommand(id, changeVector, Database);
                 await Database.TxMerger.Enqueue(cmd);
             
             }
 
             NoContentStatus();",1,0,1.0,1.0,delete_only,extraction_by_fenced_code_block,extraction_by_fenced_code_block,semantically_equivalent;content_mismatch;over_edit;under_edit;wrong_location;output_format_issue;truncation_suspected;uncertain,
qwen32b_direct_correct_to_gold_wrong,crn-000059,qwen2.5-coder:32b,direct_vs_gold_location,swift," public class DefaultCrashManager: CrashManager {
                 return crumb
             }
             // Turn Sentry breadcrumbs off since we have our own log swizzling
-            options.integrations = options.integrations?.filter { $0 != ""SentryAutoBreadcrumbTrackingIntegration"" }
         })
         enabled = true
 ","nit: Not a blocker but I think you can achieve the same with this without relying on the implementation detail of the string it converts to. 
options.enableAutoBreadcrumbTracking = false"," public class DefaultCrashManager: CrashManager {
                 return crumb
             }
             // Turn Sentry breadcrumbs off since we have our own log swizzling
+            options.enableAutoBreadcrumbTracking = false
         })
         enabled = true
 "," public class DefaultCrashManager: CrashManager {
                 return crumb
             }
             // Turn Sentry breadcrumbs off since we have our own log swizzling
+            options.enableAutoBreadcrumbTracking = false
         })
         enabled = true
 "," public class DefaultCrashManager: CrashManager {
                 return crumb
             }
             // Turn Sentry breadcrumbs off since we have our own log swizzling
             options.enableAutoBreadcrumbTracking = false
         })
         enabled = true
 ",1,0,1.0,1.0,replace_only,extraction_by_fenced_code_block,extraction_by_fenced_code_block,semantically_equivalent;content_mismatch;over_edit;under_edit;wrong_location;output_format_issue;truncation_suspected;uncertain,
qwen32b_direct_correct_to_gold_wrong,crn-011320,qwen2.5-coder:32b,direct_vs_gold_location,go," func TestMinAvmVersionParamEvalCheckSignature(t *testing.T) {
 	version2 := uint64(rekeyingEnabledVersion)
 	params.MinAvmVersion = &version2
 	program := make([]byte, binary.MaxVarintLen64)
-	// set the teal program version to 1
 	binary.PutUvarint(program, 1)
 
 	verErr := fmt.Sprintf(""program version must be >= %d"", appsEnabledVersion)","```suggestion
	// set the program version to 1
```"," func TestMinAvmVersionParamEvalCheckSignature(t *testing.T) {
 	version2 := uint64(rekeyingEnabledVersion)
 	params.MinAvmVersion = &version2
 	program := make([]byte, binary.MaxVarintLen64)
+	// set the program version to 1
 	binary.PutUvarint(program, 1)
 
 	verErr := fmt.Sprintf(""program version must be >= %d"", appsEnabledVersion)"," func TestMinAvmVersionParamEvalCheckSignature(t *testing.T) {
 	version2 := uint64(rekeyingEnabledVersion)
 	params.MinAvmVersion = &version2
 	program := make([]byte, binary.MaxVarintLen64)
+	// set the program version to 1
 	binary.PutUvarint(program, 1)
 
 	verErr := fmt.Sprintf(""program version must be >= %d"", appsEnabledVersion)"," func TestMinAvmVersionParamEvalCheckSignature(t *testing.T) {
 	version2 := uint64(rekeyingEnabledVersion)
 	params.MinAvmVersion = &version2
 	program := make([]byte, binary.MaxVarintLen64)
	// set the program version to 1
 	binary.PutUvarint(program, 1)
 
 	verErr := fmt.Sprintf(""program version must be >= %d"", appsEnabledVersion)",1,0,1.0,1.0,replace_only,wrapper_text;extraction_by_fenced_code_block,extraction_by_fenced_code_block,semantically_equivalent;content_mismatch;over_edit;under_edit;wrong_location;output_format_issue;truncation_suspected;uncertain,
qwen32b_direct_correct_to_gold_wrong,crn-008769,qwen2.5-coder:32b,direct_vs_gold_location,java," public class ProcessBundleHandler {
   @VisibleForTesting final BundleProcessorCache bundleProcessorCache;
   private final Set<String> runnerCapabilities;
 
-  private DataSampler dataSampler;
 
   public ProcessBundleHandler(
       PipelineOptions options,","```suggestion
  private final DataSampler dataSampler;
```"," public class ProcessBundleHandler {
   @VisibleForTesting final BundleProcessorCache bundleProcessorCache;
   private final Set<String> runnerCapabilities;
 
+  private final DataSampler dataSampler;
 
   public ProcessBundleHandler(
       PipelineOptions options,"," public class ProcessBundleHandler {
   @VisibleForTesting final BundleProcessorCache bundleProcessorCache;
   private final Set<String> runnerCapabilities;
 
+  private final DataSampler dataSampler;
 
   public ProcessBundleHandler(
       PipelineOptions options,"," public class ProcessBundleHandler {
   @VisibleForTesting final BundleProcessorCache bundleProcessorCache;
   private final Set<String> runnerCapabilities;
 
  private final DataSampler dataSampler;
 
   public ProcessBundleHandler(
       PipelineOptions options,",1,0,1.0,1.0,replace_only,extraction_by_fenced_code_block,extraction_by_fenced_code_block,semantically_equivalent;content_mismatch;over_edit;under_edit;wrong_location;output_format_issue;truncation_suspected;uncertain,
qwen32b_direct_correct_to_gold_wrong,crn-002569,qwen2.5-coder:32b,direct_vs_gold_location,r," git_sitrep <- function(tool = c(""git"", ""github""),
 }
 
 git_user_sitrep <- function(scope = c(""user"", ""project"")) {
-  scope <- match.arg(scope)
 
   where <- where_from_scope(scope)
 ",Perhaps use `rlang::arg_match()` just because it's done elsewhere and basically feels like house style.," git_sitrep <- function(tool = c(""git"", ""github""),
 }
 
 git_user_sitrep <- function(scope = c(""user"", ""project"")) {
+  scope <- rlang::arg_match(scope)
 
   where <- where_from_scope(scope)
 "," git_sitrep <- function(tool = c(""git"", ""github""),
 }
 
 git_user_sitrep <- function(scope = c(""user"", ""project"")) {
+  scope <- rlang::arg_match(scope)
 
   where <- where_from_scope(scope)
 ","git_sitrep <- function(tool = c(""git"", ""github""),
}

git_user_sitrep <- function(scope = c(""user"", ""project"")) {
  scope <- rlang::arg_match(scope)

  where <- where_from_scope(scope)",1,0,1.0,0.2222222222222222,replace_only,extraction_by_fenced_code_block,extraction_by_fenced_code_block,semantically_equivalent;content_mismatch;over_edit;under_edit;wrong_location;output_format_issue;truncation_suspected;uncertain,
qwen32b_direct_correct_to_gold_wrong,crn-003741,qwen2.5-coder:32b,direct_vs_gold_location,scala," object Lowering {
     * NB: Does not need to unlock because that is handled inside Concurrent/Channel.selectFrom.
     */
   private def mkSelectDefaultCase(default: Option[Expression], t: Type, loc: SourceLocation)(implicit flix: Flix): List[MatchRule] = {
-    val locksType = Types.mkList(Types.ConcurrentReentrantLock, loc)
     default match {
       case Some(defaultExp) =>
         val pat = mkTuplePattern(List(Pattern.Int32(-1, loc), mkWildPattern(loc)), loc)",Unused :)," object Lowering {
     * NB: Does not need to unlock because that is handled inside Concurrent/Channel.selectFrom.
     */
   private def mkSelectDefaultCase(default: Option[Expression], t: Type, loc: SourceLocation)(implicit flix: Flix): List[MatchRule] = {
     default match {
       case Some(defaultExp) =>
         val pat = mkTuplePattern(List(Pattern.Int32(-1, loc), mkWildPattern(loc)), loc)"," object Lowering {
     * NB: Does not need to unlock because that is handled inside Concurrent/Channel.selectFrom.
     */
   private def mkSelectDefaultCase(default: Option[Expression], t: Type, loc: SourceLocation)(implicit flix: Flix): List[MatchRule] = {
     default match {
       case Some(defaultExp) =>
         val pat = mkTuplePattern(List(Pattern.Int32(-1, loc), mkWildPattern(loc)), loc)","object Lowering {
    * NB: Does not need to unlock because that is handled inside Concurrent/Channel.selectFrom.
    */
  private def mkSelectDefaultCase(default: Option[Expression], t: Type, loc: SourceLocation)(implicit flix: Flix): List[MatchRule] = {
    default match {
      case Some(defaultExp) =>
        val pat = mkTuplePattern(List(Pattern.Int32(-1, loc), mkWildPattern(loc)), loc)",1,0,1.0,0.2222222222222222,delete_only,extraction_by_fenced_code_block,extraction_by_fenced_code_block,semantically_equivalent;content_mismatch;over_edit;under_edit;wrong_location;output_format_issue;truncation_suspected;uncertain,
qwen32b_direct_correct_to_gold_wrong,crn-006696,qwen2.5-coder:32b,direct_vs_gold_location,php,"
     Route::get(
         '{componentID}/checkout',
         [Components\ComponentCheckoutController::class, 'create']
-    )->name('component.checkout.show');
 
     Route::post(
         '{componentID}/checkout',
         [Components\ComponentCheckoutController::class, 'store']
-    )->name('component.checkout.store');
 
     Route::get(
         '{componentID}/checkin/{backto?}',
         [Components\ComponentCheckinController::class, 'create']
-    )->name('component.checkin.show');
 
     Route::post(
         '{componentID}/checkin/{backto?}',",This seems inconsistent with the `component.` route above?,"
     Route::get(
         '{componentID}/checkout',
         [Components\ComponentCheckoutController::class, 'create']
+    )->name('components.checkout.show');
 
     Route::post(
         '{componentID}/checkout',
         [Components\ComponentCheckoutController::class, 'store']
+    )->name('components.checkout.store');
 
     Route::get(
         '{componentID}/checkin/{backto?}',
         [Components\ComponentCheckinController::class, 'create']
+    )->name('components.checkin.show');
 
     Route::post(
         '{componentID}/checkin/{backto?}',","     Route::get(
         '{componentID}/checkout',
         [Components\ComponentCheckoutController::class, 'create']
+    )->name('components.checkout.show');
 
     Route::post(
         '{componentID}/checkout',
         [Components\ComponentCheckoutController::class, 'store']
+    )->name('components.checkout.store');
 
     Route::get(
         '{componentID}/checkin/{backto?}',
         [Components\ComponentCheckinController::class, 'create']
+    )->name('components.checkin.show');
 
     Route::post(
         '{componentID}/checkin/{backto?}',","     Route::get(
         '{componentID}/checkout',
         [Components\ComponentCheckoutController::class, 'create']
    )->name('components.checkout.show');
 
     Route::post(
         '{componentID}/checkout',
         [Components\ComponentCheckoutController::class, 'store']
    )->name('components.checkout.store');
 
     Route::get(
         '{componentID}/checkin/{backto?}',
         [Components\ComponentCheckinController::class, 'create']
    )->name('components.checkin.show');
 
     Route::post(
         '{componentID}/checkin/{backto?}',",1,0,0.8571428571428571,0.8571428571428571,replace_only,extraction_by_fenced_code_block,extraction_by_fenced_code_block,semantically_equivalent;content_mismatch;over_edit;under_edit;wrong_location;output_format_issue;truncation_suspected;uncertain,
qwen32b_direct_correct_to_gold_wrong,crn-006602,qwen2.5-coder:32b,direct_vs_gold_location,java," private static String getMessageForTooManyAcquireOperationsError() {
 
                + ""Consider taking any of the following actions to mitigate the issue: increase max connections, ""
                + ""increase max pending acquire count, decrease connection acquisition timeout, or ""
-               + ""slowing the request rate.\n""
 
                + ""Increasing the max connections can increase client throughput (unless the network interface is already ""
                + ""fully utilized), but can eventually start to hit operation system limitations on the number of file ""","nit on something you didn't write (I probably wrote it): Can we make it ""slow"" instead of ""slowing"" to match ""increase"" (instead of increasing) and ""decrease"" (instead of decreasing)?

(Active voice is better than the passive voice)"," private static String getMessageForTooManyAcquireOperationsError() {
 
                + ""Consider taking any of the following actions to mitigate the issue: increase max connections, ""
                + ""increase max pending acquire count, decrease connection acquisition timeout, or ""
+               + ""slow the request rate.\n""
 
                + ""Increasing the max connections can increase client throughput (unless the network interface is already ""
                + ""fully utilized), but can eventually start to hit operation system limitations on the number of file """," private static String getMessageForTooManyAcquireOperationsError() {
 
                + ""Consider taking any of the following actions to mitigate the issue: increase max connections, ""
                + ""increase max pending acquire count, decrease connection acquisition timeout, or ""
+               + ""slow the request rate.\n""
 
                + ""Increasing the max connections can increase client throughput (unless the network interface is already ""
                + ""fully utilized), but can eventually start to hit operation system limitations on the number of file """," private static String getMessageForTooManyAcquireOperationsError() {
 
                + ""Consider taking any of the following actions to mitigate the issue: increase max connections, ""
                + ""increase max pending acquire count, decrease connection acquisition timeout, or ""
                + ""slow the request rate.\n""
 
                + ""Increasing the max connections can increase client throughput (unless the network interface is already ""
                + ""fully utilized), but can eventually start to hit operation system limitations on the number of file """,1,0,1.0,1.0,replace_only,extraction_by_fenced_code_block,extraction_by_fenced_code_block,semantically_equivalent;content_mismatch;over_edit;under_edit;wrong_location;output_format_issue;truncation_suspected;uncertain,
qwen32b_direct_correct_to_gold_wrong,crn-014834,qwen2.5-coder:32b,direct_vs_gold_location,scala," import com.daml.lf.value.Value.{ValueText, VersionedContractInstance}
 import com.daml.platform.store.interfaces.LedgerDaoContractsReader
 import org.scalatest.flatspec.AsyncFlatSpec
 import org.scalatest.matchers.should.Matchers
-import org.scalatest.{OptionValues, LoneElement, Inside}
 
 private[dao] trait JdbcLedgerDaoContractsSpec extends LoneElement with Inside with OptionValues {
   this: AsyncFlatSpec with Matchers with JdbcLedgerDaoSuite =>","```suggestion
import org.scalatest.{Inside, LoneElement, OptionValues}
```"," import com.daml.lf.value.Value.{ValueText, VersionedContractInstance}
 import com.daml.platform.store.interfaces.LedgerDaoContractsReader
 import org.scalatest.flatspec.AsyncFlatSpec
 import org.scalatest.matchers.should.Matchers
+import org.scalatest.{Inside, LoneElement, OptionValues}
 
 private[dao] trait JdbcLedgerDaoContractsSpec extends LoneElement with Inside with OptionValues {
   this: AsyncFlatSpec with Matchers with JdbcLedgerDaoSuite =>"," import com.daml.lf.value.Value.{ValueText, VersionedContractInstance}
 import com.daml.platform.store.interfaces.LedgerDaoContractsReader
 import org.scalatest.flatspec.AsyncFlatSpec
 import org.scalatest.matchers.should.Matchers
+import org.scalatest.{Inside, LoneElement, OptionValues}
 
 private[dao] trait JdbcLedgerDaoContractsSpec extends LoneElement with Inside with OptionValues {
   this: AsyncFlatSpec with Matchers with JdbcLedgerDaoSuite =>"," import com.daml.lf.value.Value.{ValueText, VersionedContractInstance}
 import com.daml.platform.store.interfaces.LedgerDaoContractsReader
 import org.scalatest.flatspec.AsyncFlatSpec
 import org.scalatest.matchers.should.Matchers
 import org.scalatest.{Inside, LoneElement, OptionValues}
 
 private[dao] trait JdbcLedgerDaoContractsSpec extends LoneElement with Inside with OptionValues {
   this: AsyncFlatSpec with Matchers with JdbcLedgerDaoSuite =>",1,0,1.0,1.0,replace_only,extraction_by_fenced_code_block,extraction_by_fenced_code_block,semantically_equivalent;content_mismatch;over_edit;under_edit;wrong_location;output_format_issue;truncation_suspected;uncertain,
qwen32b_direct_correct_to_gold_wrong,crn-010121,qwen2.5-coder:32b,direct_vs_gold_location,python," def _read_frame(self, i):
             timestep = self._read_next_timestep()
         return timestep
 
-    def _read_next_timestep(self, ts=None):
-        # NOTE: TRR implements its own version
-        """"""copy next frame into timestep""""""
-        if self._frame == self.n_frames - 1:
-            raise IOError(errno.EIO, 'trying to go over trajectory limit')
-        if ts is None:
-            ts = self.ts
-        if ts.has_positions:
-            frame = self._xdr.read_direct(ts.positions)
-        else:
-            frame = self._xdr.read()
-        self._frame += 1
-        self._frame_to_ts(frame, ts)
-        return ts
-
     def Writer(self, filename, n_atoms=None, **kwargs):
         """"""Return writer for trajectory format""""""
         if n_atoms is None:",ditch and implement individually in XTC and TRR," def _read_frame(self, i):
             timestep = self._read_next_timestep()
         return timestep
 
     def Writer(self, filename, n_atoms=None, **kwargs):
         """"""Return writer for trajectory format""""""
         if n_atoms is None:"," def _read_frame(self, i):
             timestep = self._read_next_timestep()
         return timestep
 
     def Writer(self, filename, n_atoms=None, **kwargs):
         """"""Return writer for trajectory format""""""
         if n_atoms is None:","def _read_frame(self, i):
    timestep = self._read_next_timestep()
return timestep

def Writer(self, filename, n_atoms=None, **kwargs):
    """"""Return writer for trajectory format""""""
    if n_atoms is None:",1,0,1.0,0.8108108108108109,delete_only,extraction_by_fenced_code_block,extraction_by_fenced_code_block,semantically_equivalent;content_mismatch;over_edit;under_edit;wrong_location;output_format_issue;truncation_suspected;uncertain,
qwen32b_direct_correct_to_gold_wrong,crn-007922,qwen2.5-coder:32b,direct_vs_gold_location,java," public void testValidatesAgainstDTD() throws Exception {
         // get the wms 1.1.1 DTD
         URL dtdURL =
                 GetCapabilitiesTransformer.class.getResource(
-                        ""/schemas/wms/1.1.1/wms_ms_capabilities.dtd"");
         String dtd = Resources.toString(dtdURL, StandardCharsets.UTF_8);
 
         try (InputStream dtdInputStream = new ByteArrayInputStream(dtd.getBytes())) {","I see this error in the logs:
2022-11-25T01:25:32.0940789Z 01:25:32,093 [ERROR] testValidatesAgainstDTD(org.geoserver.wms.capabilities.GetCapabilitiesTransformerTest)  Time elapsed: 0.836 s  <<< ERROR!
2022-11-25T01:25:32.0941352Z java.lang.NullPointerException
2022-11-25T01:25:32.0942044Z 	at org.geoserver.wms.capabilities.GetCapabilitiesTransformerTest.testValidatesAgainstDTD(GetCapabilitiesTransformerTest.java:470)

It works on Mac and Windows, but not on linux."," public void testValidatesAgainstDTD() throws Exception {
         // get the wms 1.1.1 DTD
         URL dtdURL =
                 GetCapabilitiesTransformer.class.getResource(
+                        ""/schemas/wms/1.1.1/WMS_MS_Capabilities.dtd"");
         String dtd = Resources.toString(dtdURL, StandardCharsets.UTF_8);
 
         try (InputStream dtdInputStream = new ByteArrayInputStream(dtd.getBytes())) {"," public void testValidatesAgainstDTD() throws Exception {
         // get the wms 1.1.1 DTD
         URL dtdURL =
                 GetCapabilitiesTransformer.class.getResource(
+                        ""/schemas/wms/1.1.1/WMS_MS_Capabilities.dtd"");
         String dtd = Resources.toString(dtdURL, StandardCharsets.UTF_8);
 
         try (InputStream dtdInputStream = new ByteArrayInputStream(dtd.getBytes())) {"," public void testValidatesAgainstDTD() throws Exception {
         // get the wms 1.1.1 DTD
         URL dtdURL =
                 GetCapabilitiesTransformer.class.getResource(
                        ""/schemas/wms/1.1.1/WMS_MS_Capabilities.dtd"");
         String dtd = Resources.toString(dtdURL, StandardCharsets.UTF_8);
 
         try (InputStream dtdInputStream = new ByteArrayInputStream(dtd.getBytes())) {",1,0,1.0,1.0,replace_only,extraction_by_fenced_code_block,extraction_by_fenced_code_block,semantically_equivalent;content_mismatch;over_edit;under_edit;wrong_location;output_format_issue;truncation_suspected;uncertain,
qwen32b_direct_correct_to_gold_wrong,crn-003087,qwen2.5-coder:32b,direct_vs_gold_location,scala," trait ZLayerCompanionVersionSpecific {
    * case class Car(engine: Engine, wheels: Wheels)
    * val derivedLayer: ZLayer[Engine & Wheels, Nothing, Car] = ZLayer.deriveLayer[Car]
    * // equivalent to:
-   * val manualLayer: ZLayer[Engine with Wheels, Nothing, Car] =
    *   ZLayer.fromFunction(Car(_, _))
    * }}}
    *","```suggestion
   * val manualLayer: ZLayer[Engine & Wheels, Nothing, Car] =
```"," trait ZLayerCompanionVersionSpecific {
    * case class Car(engine: Engine, wheels: Wheels)
    * val derivedLayer: ZLayer[Engine & Wheels, Nothing, Car] = ZLayer.deriveLayer[Car]
    * // equivalent to:
+   * val manualLayer: ZLayer[Engine & Wheels, Nothing, Car] =
    *   ZLayer.fromFunction(Car(_, _))
    * }}}
    *"," trait ZLayerCompanionVersionSpecific {
    * case class Car(engine: Engine, wheels: Wheels)
    * val derivedLayer: ZLayer[Engine & Wheels, Nothing, Car] = ZLayer.deriveLayer[Car]
    * // equivalent to:
+   * val manualLayer: ZLayer[Engine & Wheels, Nothing, Car] =
    *   ZLayer.fromFunction(Car(_, _))
    * }}}
    *"," trait ZLayerCompanionVersionSpecific {
    * case class Car(engine: Engine, wheels: Wheels)
    * val derivedLayer: ZLayer[Engine & Wheels, Nothing, Car] = ZLayer.deriveLayer[Car]
    * // equivalent to:
    * val manualLayer: ZLayer[Engine & Wheels, Nothing, Car] =
    *   ZLayer.fromFunction(Car(_, _))
    * }}}
    *",1,0,1.0,1.0,replace_only,extraction_by_fenced_code_block,extraction_by_fenced_code_block,semantically_equivalent;content_mismatch;over_edit;under_edit;wrong_location;output_format_issue;truncation_suspected;uncertain,
qwen32b_direct_correct_to_gold_wrong,crn-011703,qwen2.5-coder:32b,direct_vs_gold_location,python," def test_create_full_db(self):
         # make sure that the dump contains a full listens dump, a public and private dump (postgres),
         # a public and private dump (timescale) and a spark dump.
         archive_count = 0
-        print(os.listdir(os.path.join(self.tempdir, dump_name)))
         for file_name in os.listdir(os.path.join(self.tempdir, dump_name)):
             if file_name.endswith('.tar.xz') or file_name.endswith("".tar""):
                 archive_count += 1",intended or leftover?," def test_create_full_db(self):
         # make sure that the dump contains a full listens dump, a public and private dump (postgres),
         # a public and private dump (timescale) and a spark dump.
         archive_count = 0
         for file_name in os.listdir(os.path.join(self.tempdir, dump_name)):
             if file_name.endswith('.tar.xz') or file_name.endswith("".tar""):
                 archive_count += 1"," def test_create_full_db(self):
         # make sure that the dump contains a full listens dump, a public and private dump (postgres),
         # a public and private dump (timescale) and a spark dump.
         archive_count = 0
         for file_name in os.listdir(os.path.join(self.tempdir, dump_name)):
             if file_name.endswith('.tar.xz') or file_name.endswith("".tar""):
                 archive_count += 1","def test_create_full_db(self):
    # make sure that the dump contains a full listens dump, a public and private dump (postgres),
    # a public and private dump (timescale) and a spark dump.
    archive_count = 0
    for file_name in os.listdir(os.path.join(self.tempdir, dump_name)):
        if file_name.endswith('.tar.xz') or file_name.endswith("".tar""):
            archive_count += 1",1,0,1.0,0.2222222222222222,delete_only,extraction_by_fenced_code_block,extraction_by_fenced_code_block,semantically_equivalent;content_mismatch;over_edit;under_edit;wrong_location;output_format_issue;truncation_suspected;uncertain,
qwen32b_direct_correct_to_gold_wrong,crn-011626,qwen2.5-coder:32b,direct_vs_gold_location,python," def c_str(string: str) -> ctypes.c_char_p:
     return ctypes.c_char_p(string.encode('utf-8'))
 
 
-def c_array(ctype: type, values: List[ctypes.c_char_p]) -> ctypes.Array:
     """"""Convert a Python array to C array.""""""
     return (ctype * len(values))(*values)
 ","I believe this is universal function, not just for strings.
For example,
https://github.com/dmlc/xgboost/blob/ff1c559084cf2b3732b8406109f2b39e9b665528/python-package/xgboost/core.py#L371-L377
https://github.com/dmlc/xgboost/blob/ff1c559084cf2b3732b8406109f2b39e9b665528/python-package/xgboost/core.py#L1427
https://github.com/dmlc/xgboost/blob/ff1c559084cf2b3732b8406109f2b39e9b665528/python-package/xgboost/core.py#L1552
```suggestion
def c_array(ctype: type, values: List[Any]) -> ctypes.Array:
```"," def c_str(string: str) -> ctypes.c_char_p:
     return ctypes.c_char_p(string.encode('utf-8'))
 
 
+def c_array(ctype: type, values: List[Any]) -> ctypes.Array:
     """"""Convert a Python array to C array.""""""
     return (ctype * len(values))(*values)
 "," def c_str(string: str) -> ctypes.c_char_p:
     return ctypes.c_char_p(string.encode('utf-8'))
 
 
+def c_array(ctype: type, values: List[Any]) -> ctypes.Array:
     """"""Convert a Python array to C array.""""""
     return (ctype * len(values))(*values)
 ","def c_str(string: str) -> ctypes.c_char_p:
    return ctypes.c_char_p(string.encode('utf-8'))


def c_array(ctype: type, values: List[Any]) -> ctypes.Array:
    """"""Convert a Python array to C array.""""""
    return (ctype * len(values))(*values)",1,0,1.0,0.2222222222222222,replace_only,extraction_by_fenced_code_block,extraction_by_fenced_code_block,semantically_equivalent;content_mismatch;over_edit;under_edit;wrong_location;output_format_issue;truncation_suspected;uncertain,
qwen32b_direct_correct_to_gold_wrong,crn-010279,qwen2.5-coder:32b,direct_vs_gold_location,go," func OpenRepository(ctx context.Context, opts GlobalOptions) (*repository.Reposi
 			id = id[:8]
 		}
 		if !opts.JSON {
-			Verbosef(""repository %v opened (repository version %v, compression level %v)\n"", id, s.Config().Version, opts.Compression.String())
 		}
 	}
 ","I think that it would be better if we ditch the second ""repository"" word such that the text is just this instead: `repository %v opened (version %v, compression level %v)\n`

It's so utterly obvious that the first version mentioned refers to the repository that was opened, and if there are any other types of versions to name in the future they can be explicitly mentioned, e.g. with `repository %v opened (version %v, compression level %v, determination version %v, metadata version %v)\n`."," func OpenRepository(ctx context.Context, opts GlobalOptions) (*repository.Reposi
 			id = id[:8]
 		}
 		if !opts.JSON {
+			Verbosef(""repository %v opened (version %v, compression level %v)\n"", id, s.Config().Version, opts.Compression.String())
 		}
 	}
 "," func OpenRepository(ctx context.Context, opts GlobalOptions) (*repository.Reposi
 			id = id[:8]
 		}
 		if !opts.JSON {
+			Verbosef(""repository %v opened (version %v, compression level %v)\n"", id, s.Config().Version, opts.Compression.String())
 		}
 	}
 ","func OpenRepository(ctx context.Context, opts GlobalOptions) (*repository.Reposi
			id = id[:8]
		}
		if !opts.JSON {
			Verbosef(""repository %v opened (version %v, compression level %v)\n"", id, s.Config().Version, opts.Compression.String())
		}
	}",1,0,1.0,0.2222222222222222,replace_only,unclosed_code_fence;near_generation_cap;wrapper_text;extraction_by_fenced_code_block;suspiciously_long_output,extraction_by_fenced_code_block,semantically_equivalent;content_mismatch;over_edit;under_edit;wrong_location;output_format_issue;truncation_suspected;uncertain,
qwen32b_direct_correct_to_gold_wrong,crn-009293,qwen2.5-coder:32b,direct_vs_gold_location,go," func (db *Database) changesFeed(singleChannelCache SingleChannelCache, options C
 				paginationOptions.Limit = base.MinInt(remainingLimit, queryLimit)
 			}
 
-			// TODO: pass db.LoggingCtx down to changeCache?
 			base.TracefCtx(db.Ctx, base.KeyChanges, ""Querying channel %q with options: %+v"", base.UD(singleChannelCache.ChannelName()), paginationOptions)
 			changes, err := singleChannelCache.GetChanges(paginationOptions)
 			if err != nil {","unintentional change

```suggestion
			// TODO: pass db.Ctx down to changeCache?
```"," func (db *Database) changesFeed(singleChannelCache SingleChannelCache, options C
 				paginationOptions.Limit = base.MinInt(remainingLimit, queryLimit)
 			}
 
+			// TODO: pass db.Ctx down to changeCache?
 			base.TracefCtx(db.Ctx, base.KeyChanges, ""Querying channel %q with options: %+v"", base.UD(singleChannelCache.ChannelName()), paginationOptions)
 			changes, err := singleChannelCache.GetChanges(paginationOptions)
 			if err != nil {"," func (db *Database) changesFeed(singleChannelCache SingleChannelCache, options C
 				paginationOptions.Limit = base.MinInt(remainingLimit, queryLimit)
 			}
 
+			// TODO: pass db.Ctx down to changeCache?
 			base.TracefCtx(db.Ctx, base.KeyChanges, ""Querying channel %q with options: %+v"", base.UD(singleChannelCache.ChannelName()), paginationOptions)
 			changes, err := singleChannelCache.GetChanges(paginationOptions)
 			if err != nil {"," func (db *Database) changesFeed(singleChannelCache SingleChannelCache, options C
 				paginationOptions.Limit = base.MinInt(remainingLimit, queryLimit)
 			}
 
			// TODO: pass db.Ctx down to changeCache?
 			base.TracefCtx(db.Ctx, base.KeyChanges, ""Querying channel %q with options: %+v"", base.UD(singleChannelCache.ChannelName()), paginationOptions)
 			changes, err := singleChannelCache.GetChanges(paginationOptions)
 			if err != nil {",1,0,1.0,1.0,replace_only,wrapper_text;extraction_by_fenced_code_block,extraction_by_fenced_code_block,semantically_equivalent;content_mismatch;over_edit;under_edit;wrong_location;output_format_issue;truncation_suspected;uncertain,
qwen7b_direct_correct_to_gold_wrong,crn-012691,qwen2.5-coder:7b,direct_vs_gold_location,javascript," export default function ApproveContentCard({
                           variant={TextVariant.headingSm}
                           fontWeight={FONT_WEIGHT.BOLD}
                           color={TextColor.TEXT_DEFAULT}
-                          as=""h6""
                         >
                           {formatCurrency(
                             fiatTransactionTotal,","Shouldn't this be 
```suggestion
                          as=""h4""
```"," export default function ApproveContentCard({
                           variant={TextVariant.headingSm}
                           fontWeight={FONT_WEIGHT.BOLD}
                           color={TextColor.TEXT_DEFAULT}
+                          as=""h4""
                         >
                           {formatCurrency(
                             fiatTransactionTotal,"," export default function ApproveContentCard({
                           variant={TextVariant.headingSm}
                           fontWeight={FONT_WEIGHT.BOLD}
                           color={TextColor.TEXT_DEFAULT}
+                          as=""h4""
                         >
                           {formatCurrency(
                             fiatTransactionTotal,","export default function ApproveContentCard({
  variant={TextVariant.headingSm}
  fontWeight={FONT_WEIGHT.BOLD}
  color={TextColor.TEXT_DEFAULT}

                          as=""h4""

                         >
                           {formatCurrency(
                             fiatTransactionTotal,",1,0,1.0,0.3333333333333333,replace_only,extraction_by_fenced_code_block,marker_echo;extraction_by_fenced_code_block,semantically_equivalent;content_mismatch;over_edit;under_edit;wrong_location;output_format_issue;truncation_suspected;uncertain,
qwen7b_direct_correct_to_gold_wrong,crn-008206,qwen2.5-coder:7b,direct_vs_gold_location,java,"
 import com.linecorp.armeria.server.Server;
 
 /**
- * An {@link SmartLifecycle} which retries to start the {@link Server} up to {@code maxAttempts}.
  * This is useful for testing that needs to bind a server to a random port number obtained in advance.
  */
 final class RetryableArmeriaServerGracefulShutdownLifecycle implements SmartLifecycle {","```suggestion
 * A {@link SmartLifecycle} which retries to start the {@link Server} up to {@code maxAttempts}.
```","
 import com.linecorp.armeria.server.Server;
 
 /**
+ * A {@link SmartLifecycle} which retries to start the {@link Server} up to {@code maxAttempts}.
  * This is useful for testing that needs to bind a server to a random port number obtained in advance.
  */
 final class RetryableArmeriaServerGracefulShutdownLifecycle implements SmartLifecycle {"," import com.linecorp.armeria.server.Server;
 
 /**
+ * A {@link SmartLifecycle} which retries to start the {@link Server} up to {@code maxAttempts}.
  * This is useful for testing that needs to bind a server to a random port number obtained in advance.
  */
 final class RetryableArmeriaServerGracefulShutdownLifecycle implements SmartLifecycle {"," import com.linecorp.armeria.server.Server;
 
 /**
 * A {@link SmartLifecycle} which retries to start the {@link Server} up to {@code maxAttempts}.
  * This is useful for testing that needs to bind a server to a random port number obtained in advance.
  */
 final class RetryableArmeriaServerGracefulShutdownLifecycle implements SmartLifecycle {",1,0,0.6666666666666666,0.6666666666666666,replace_only,extraction_by_fenced_code_block,extraction_by_fenced_code_block,semantically_equivalent;content_mismatch;over_edit;under_edit;wrong_location;output_format_issue;truncation_suspected;uncertain,
qwen7b_direct_correct_to_gold_wrong,crn-013169,qwen2.5-coder:7b,direct_vs_gold_location,python," def add_newdoc(name, doc):
 
     where :math:`p` is the probability of a single success
     and :math:`1-p` is the probability of a single failure
-    and :math::`k` is the number of trials to get the first success.
 
     >>> import numpy as np
     >>> from scipy.special import xlog1py","```suggestion
    and :math:`k` is the number of trials to get the first success.
```"," def add_newdoc(name, doc):
 
     where :math:`p` is the probability of a single success
     and :math:`1-p` is the probability of a single failure
+    and :math:`k` is the number of trials to get the first success.
 
     >>> import numpy as np
     >>> from scipy.special import xlog1py"," def add_newdoc(name, doc):
 
     where :math:`p` is the probability of a single success
     and :math:`1-p` is the probability of a single failure
+    and :math:`k` is the number of trials to get the first success.
 
     >>> import numpy as np
     >>> from scipy.special import xlog1py"," def add_newdoc(name, doc):
 
     where :math:`p` is the probability of a single success
     and :math:`1-p` is the probability of a single failure
    and :math:`k` is the number of trials to get the first success.
 
     >>> import numpy as np
     >>> from scipy.special import xlog1py",1,0,1.0,1.0,replace_only,extraction_by_fenced_code_block,extraction_by_fenced_code_block,semantically_equivalent;content_mismatch;over_edit;under_edit;wrong_location;output_format_issue;truncation_suspected;uncertain,
qwen7b_direct_correct_to_gold_wrong,crn-009615,qwen2.5-coder:7b,direct_vs_gold_location,python," async def async_attach_trigger(
 ) -> CALLBACK_TYPE:
     """"""Listen for events based on configuration.""""""
     trigger_data = trigger_info[""trigger_data""]
-    number = cast(int, config.get(CONF_NUMBER))
     held_more_than = config.get(CONF_HELD_MORE_THAN)
     held_less_than = config.get(CONF_HELD_LESS_THAN)
     pressed_time = None","This is wrong. It seems CONF_NUMBER is required:
```suggestion
    number = cast(int, config[CONF_NUMBER])
```"," async def async_attach_trigger(
 ) -> CALLBACK_TYPE:
     """"""Listen for events based on configuration.""""""
     trigger_data = trigger_info[""trigger_data""]
+    number = cast(int, config[CONF_NUMBER])
     held_more_than = config.get(CONF_HELD_MORE_THAN)
     held_less_than = config.get(CONF_HELD_LESS_THAN)
     pressed_time = None"," async def async_attach_trigger(
 ) -> CALLBACK_TYPE:
     """"""Listen for events based on configuration.""""""
     trigger_data = trigger_info[""trigger_data""]
+    number = cast(int, config[CONF_NUMBER])
     held_more_than = config.get(CONF_HELD_MORE_THAN)
     held_less_than = config.get(CONF_HELD_LESS_THAN)
     pressed_time = None"," async def async_attach_trigger(
 ) -> CALLBACK_TYPE:
     """"""Listen for events based on configuration.""""""
     trigger_data = trigger_info[""trigger_data""]

    number = cast(int, config[CONF_NUMBER])

     held_more_than = config.get(CONF_HELD_MORE_THAN)
     held_less_than = config.get(CONF_HELD_LESS_THAN)
     pressed_time = None",1,0,1.0,1.0,replace_only,extraction_by_fenced_code_block,marker_echo;extraction_by_fenced_code_block,semantically_equivalent;content_mismatch;over_edit;under_edit;wrong_location;output_format_issue;truncation_suspected;uncertain,
qwen7b_direct_correct_to_gold_wrong,crn-013936,qwen2.5-coder:7b,direct_vs_gold_location,kotlin," import app.revanced.patches.warnwetter.misc.promocode.fingerprints.PromoCodeUnlo
 
 @Patch
 @Name(""promo-code-unlock"")
-@Description(""Disable the validation of promo code, any string will work to unlock all features."")
 @PromoCodeUnlockCompatibility
 @Version(""0.0.1"")
 class PromoCodeUnlockPatch : BytecodePatch(","```suggestion
@Description(""Disables the validation of promo code. Any code will work to unlock all features."")
```"," import app.revanced.patches.warnwetter.misc.promocode.fingerprints.PromoCodeUnlo
 
 @Patch
 @Name(""promo-code-unlock"")
+@Description(""Disables the validation of promo code. Any code will work to unlock all features."")
 @PromoCodeUnlockCompatibility
 @Version(""0.0.1"")
 class PromoCodeUnlockPatch : BytecodePatch("," import app.revanced.patches.warnwetter.misc.promocode.fingerprints.PromoCodeUnlo
 
 @Patch
 @Name(""promo-code-unlock"")
+@Description(""Disables the validation of promo code. Any code will work to unlock all features."")
 @PromoCodeUnlockCompatibility
 @Version(""0.0.1"")
 class PromoCodeUnlockPatch : BytecodePatch("," import app.revanced.patches.warnwetter.misc.promocode.fingerprints.PromoCodeUnlo
 
 @Patch
 @Name(""promo-code-unlock"")
 id=""1"" tag=""replace"">
@Description(""Disables the validation of promo code. Any code will work to unlock all features."")

 @PromoCodeUnlockCompatibility
 @Version(""0.0.1"")
 class PromoCodeUnlockPatch : BytecodePatch(",1,0,1.0,1.0,replace_only,extraction_by_fenced_code_block,marker_echo;extraction_by_fenced_code_block,semantically_equivalent;content_mismatch;over_edit;under_edit;wrong_location;output_format_issue;truncation_suspected;uncertain,
qwen7b_direct_correct_to_gold_wrong,crn-014374,qwen2.5-coder:7b,direct_vs_gold_location,scala," class XmlProcessingSpec extends AnyWordSpec with Matchers with ScalaFutures with
       configWasCalled shouldBe true
     }
 
-    ""properly parse XML contextually"" in {
       val doc = """"""|<doc>
                    |  <elem>
                    |    elem1","```suggestion
    ""parse XML and attach line numbers as context"" in {
```"," class XmlProcessingSpec extends AnyWordSpec with Matchers with ScalaFutures with
       configWasCalled shouldBe true
     }
 
+    ""parse XML and attach line numbers as context"" in {
       val doc = """"""|<doc>
                    |  <elem>
                    |    elem1"," class XmlProcessingSpec extends AnyWordSpec with Matchers with ScalaFutures with
       configWasCalled shouldBe true
     }
 
+    ""parse XML and attach line numbers as context"" in {
       val doc = """"""|<doc>
                    |  <elem>
                    |    elem1"," class XmlProcessingSpec extends AnyWordSpec with Matchers with ScalaFutures with
       configWasCalled shouldBe true
     }
 
""GOLD_LOCATION_START id=""1"" tag=""replace"">
+    ""parse XML and attach line numbers as context"" in {

       val doc = """"""|<doc>
                    |  <elem>
                    |    elem1",1,0,1.0,1.0,replace_only,extraction_by_fenced_code_block,marker_echo;extraction_by_fenced_code_block,semantically_equivalent;content_mismatch;over_edit;under_edit;wrong_location;output_format_issue;truncation_suspected;uncertain,
qwen7b_direct_correct_to_gold_wrong,crn-011231,qwen2.5-coder:7b,direct_vs_gold_location,go," const maxTealSourceBytes = 200_000
 
 // With the ability to hold unlimited assets DryrunRequests can
 // become quite large, allow up to 1mb
-const maxTealDryrunBytes = 1e6
 
 // Handlers is an implementation to the V2 route handler interface defined by the generated code.
 type Handlers struct {","```suggestion
const maxTealDryrunBytes = 1_000_000
```"," const maxTealSourceBytes = 200_000
 
 // With the ability to hold unlimited assets DryrunRequests can
 // become quite large, allow up to 1mb
+const maxTealDryrunBytes = 1_000_000
 
 // Handlers is an implementation to the V2 route handler interface defined by the generated code.
 type Handlers struct {"," const maxTealSourceBytes = 200_000
 
 // With the ability to hold unlimited assets DryrunRequests can
 // become quite large, allow up to 1mb
+const maxTealDryrunBytes = 1_000_000
 
 // Handlers is an implementation to the V2 route handler interface defined by the generated code.
 type Handlers struct {"," const maxTealSourceBytes = 200_000
 
 // With the ability to hold unlimited assets DryrunRequests can
 // become quite large, allow up to 1mb
const maxTealDryrunBytes = 1_000_000
 
 // Handlers is an implementation to the V2 route handler interface defined by the generated code.
 type Handlers struct {",1,0,1.0,1.0,replace_only,extraction_by_fenced_code_block,extraction_by_fenced_code_block,semantically_equivalent;content_mismatch;over_edit;under_edit;wrong_location;output_format_issue;truncation_suspected;uncertain,
qwen7b_direct_correct_to_gold_wrong,crn-009148,qwen2.5-coder:7b,direct_vs_gold_location,python," def get_passed_tests():
         with open('pytest_log.txt') as f:
             logfile = f.readlines()
 
-        # All lines that start with 'spyder' are tests. The rest are
-        # informative messages.
         test_re = re.compile(r'(spyder.*) (SKIPPED|PASSED|XFAIL) ')
         tests = []
         for line in logfile:","```suggestion
        # Detect all tests that passed before.
```"," def get_passed_tests():
         with open('pytest_log.txt') as f:
             logfile = f.readlines()
 
+        # Detect all tests that passed before.
         test_re = re.compile(r'(spyder.*) (SKIPPED|PASSED|XFAIL) ')
         tests = []
         for line in logfile:"," def get_passed_tests():
         with open('pytest_log.txt') as f:
             logfile = f.readlines()
 
+        # Detect all tests that passed before.
         test_re = re.compile(r'(spyder.*) (SKIPPED|PASSED|XFAIL) ')
         tests = []
         for line in logfile:"," def get_passed_tests():
         with open('pytest_log.txt') as f:
             logfile = f.readlines()
 

+        # Detect all tests that passed before.

         test_re = re.compile(r'(spyder.*) (SKIPPED|PASSED|XFAIL) ')
         tests = []
         for line in logfile:",1,0,1.0,1.0,replace_only,extraction_by_fenced_code_block,marker_echo;extraction_by_fenced_code_block,semantically_equivalent;content_mismatch;over_edit;under_edit;wrong_location;output_format_issue;truncation_suspected;uncertain,
qwen7b_direct_correct_to_gold_wrong,crn-002716,qwen2.5-coder:7b,direct_vs_gold_location,r,"
 #' Quadratic discriminant analysis via regularization
 #'
-#' Functions in the `sparsediscrim` package fit different types of quadratic
 #' discriminant analysis model that regularize the estimates (like the mean or
 #' covariance).
 #'","```suggestion
#' Functions in the \pkg{sparsediscrim} package fit different types of quadratic
```","
 #' Quadratic discriminant analysis via regularization
 #'
+#' Functions in the \pkg{sparsediscrim} package fit different types of quadratic
 #' discriminant analysis model that regularize the estimates (like the mean or
 #' covariance).
 #'"," #' Quadratic discriminant analysis via regularization
 #'
+#' Functions in the \pkg{sparsediscrim} package fit different types of quadratic
 #' discriminant analysis model that regularize the estimates (like the mean or
 #' covariance).
 #'"," #' Quadratic discriminant analysis via regularization
 #'
#' Functions in the `sparsediscrim` package fit different types of quadratic
 #' discriminant analysis model that regularize the estimates (like the mean or
 #' covariance).
 #'",1,0,0.6666666666666666,0.6666666666666666,replace_only,extraction_by_fenced_code_block,extraction_by_fenced_code_block,semantically_equivalent;content_mismatch;over_edit;under_edit;wrong_location;output_format_issue;truncation_suspected;uncertain,
qwen7b_direct_correct_to_gold_wrong,crn-012091,qwen2.5-coder:7b,direct_vs_gold_location,python," class PythonDependencyVisitorRequest:
 class PythonDependencyVisitor:
     """"""Wraps a subclass of _pants_dep_parser.DependencyVisitorBase.""""""
 
-    digest: Digest  # The content of the subclass
     classname: str  # The full classname, e.g., _my_custom_dep_parser.MyCustomVisitor
     env: FrozenDict[str, str]  # Set these env vars when invoking the visitor
 ","```suggestion
    digest: Digest  # The file contents for the visitor
```

or something to that effect"," class PythonDependencyVisitorRequest:
 class PythonDependencyVisitor:
     """"""Wraps a subclass of _pants_dep_parser.DependencyVisitorBase.""""""
 
+    digest: Digest  # The file contents for the visitor
     classname: str  # The full classname, e.g., _my_custom_dep_parser.MyCustomVisitor
     env: FrozenDict[str, str]  # Set these env vars when invoking the visitor
 "," class PythonDependencyVisitorRequest:
 class PythonDependencyVisitor:
     """"""Wraps a subclass of _pants_dep_parser.DependencyVisitorBase.""""""
 
+    digest: Digest  # The file contents for the visitor
     classname: str  # The full classname, e.g., _my_custom_dep_parser.MyCustomVisitor
     env: FrozenDict[str, str]  # Set these env vars when invoking the visitor
 "," class PythonDependencyVisitorRequest:
 class PythonDependencyVisitor:
     """"""Wraps a subclass of _pants_dep_parser.DependencyVisitorBase.""""""
 

    digest: Digest  # The file contents for the visitor

     classname: str  # The full classname, e.g., _my_custom_dep_parser.MyCustomVisitor
     env: FrozenDict[str, str]  # Set these env vars when invoking the visitor
 ",1,0,1.0,1.0,replace_only,extraction_by_fenced_code_block,marker_echo;extraction_by_fenced_code_block,semantically_equivalent;content_mismatch;over_edit;under_edit;wrong_location;output_format_issue;truncation_suspected;uncertain,
qwen7b_direct_correct_to_gold_wrong,crn-005296,qwen2.5-coder:7b,direct_vs_gold_location,go," func (r *WorkerAuthRepositoryStorage) findWorkerAuth(ctx context.Context, node *
 }
 
 // FilterToAuthorizedWorkerKeyIds returns all the worker key identifiers that
-// are authorizable from the slice of key identifiers provided to the function.
 func (r *WorkerAuthRepositoryStorage) FilterToAuthorizedWorkerKeyIds(ctx context.Context, workerKeyIds []string) ([]string, error) {
 	const op = ""server.(WorkerAuthRepositoryStorage).FilterToAuthorizedWorkerKeyIds""
 	if len(workerKeyIds) == 0 {","```suggestion
// are authorized from the slice of key identifiers provided to the function.
```"," func (r *WorkerAuthRepositoryStorage) findWorkerAuth(ctx context.Context, node *
 }
 
 // FilterToAuthorizedWorkerKeyIds returns all the worker key identifiers that
+// are authorized from the slice of key identifiers provided to the function.
 func (r *WorkerAuthRepositoryStorage) FilterToAuthorizedWorkerKeyIds(ctx context.Context, workerKeyIds []string) ([]string, error) {
 	const op = ""server.(WorkerAuthRepositoryStorage).FilterToAuthorizedWorkerKeyIds""
 	if len(workerKeyIds) == 0 {"," func (r *WorkerAuthRepositoryStorage) findWorkerAuth(ctx context.Context, node *
 }
 
 // FilterToAuthorizedWorkerKeyIds returns all the worker key identifiers that
+// are authorized from the slice of key identifiers provided to the function.
 func (r *WorkerAuthRepositoryStorage) FilterToAuthorizedWorkerKeyIds(ctx context.Context, workerKeyIds []string) ([]string, error) {
 	const op = ""server.(WorkerAuthRepositoryStorage).FilterToAuthorizedWorkerKeyIds""
 	if len(workerKeyIds) == 0 {"," func (r *WorkerAuthRepositoryStorage) findWorkerAuth(ctx context.Context, node *
 }
 
 // FilterToAuthorizedWorkerKeyIds returns all the worker key identifiers that
// are authorized from the slice of key identifiers provided to the function.
 func (r *WorkerAuthRepositoryStorage) FilterToAuthorizedWorkerKeyIds(ctx context.Context, workerKeyIds []string) ([]string, error) {
 	const op = ""server.(WorkerAuthRepositoryStorage).FilterToAuthorizedWorkerKeyIds""
 	if len(workerKeyIds) == 0 {",1,0,1.0,1.0,replace_only,extraction_by_fenced_code_block,extraction_by_fenced_code_block,semantically_equivalent;content_mismatch;over_edit;under_edit;wrong_location;output_format_issue;truncation_suspected;uncertain,
qwen7b_direct_correct_to_gold_wrong,crn-008810,qwen2.5-coder:7b,direct_vs_gold_location,python," def can_render(self):
 		return True
 
 	def render(self):
-		action = ""/login?redirect-to={}"".format(frappe.request.path)
 		frappe.local.message_title = _(""Not Permitted"")
 		frappe.local.response[""context""] = dict(
 			indicator_color=""red"", primary_action=action, primary_label=_(""Login""), fullpage=True","```suggestion
		action = f""/login?redirect-to={frappe.request.path}""
```"," def can_render(self):
 		return True
 
 	def render(self):
+		action = f""/login?redirect-to={frappe.request.path}""
 		frappe.local.message_title = _(""Not Permitted"")
 		frappe.local.response[""context""] = dict(
 			indicator_color=""red"", primary_action=action, primary_label=_(""Login""), fullpage=True"," def can_render(self):
 		return True
 
 	def render(self):
+		action = f""/login?redirect-to={frappe.request.path}""
 		frappe.local.message_title = _(""Not Permitted"")
 		frappe.local.response[""context""] = dict(
 			indicator_color=""red"", primary_action=action, primary_label=_(""Login""), fullpage=True"," def can_render(self):
 		return True
 
 	def render(self):

		action = f""/login?redirect-to={frappe.request.path}""

 		frappe.local.message_title = _(""Not Permitted"")
 		frappe.local.response[""context""] = dict(
 			indicator_color=""red"", primary_action=action, primary_label=_(""Login""), fullpage=True",1,0,1.0,1.0,replace_only,extraction_by_fenced_code_block,marker_echo;extraction_by_fenced_code_block,semantically_equivalent;content_mismatch;over_edit;under_edit;wrong_location;output_format_issue;truncation_suspected;uncertain,
qwen7b_direct_correct_to_gold_wrong,crn-011605,qwen2.5-coder:7b,direct_vs_gold_location,python,"
 from localstack.utils.strings import short_uid
 
 
-# Domain deployment in AWS takes too much time
-@pytest.mark.only_localstack
 def test_domain(deploy_cfn_template, opensearch_client, cfn_client):
     name = f""domain-{short_uid()}""
 ","```suggestion
```

the tests aren't run against AWS by default anyway","
 from localstack.utils.strings import short_uid
 
 
 def test_domain(deploy_cfn_template, opensearch_client, cfn_client):
     name = f""domain-{short_uid()}""
 "," from localstack.utils.strings import short_uid
 
 
 def test_domain(deploy_cfn_template, opensearch_client, cfn_client):
     name = f""domain-{short_uid()}""
 "," from localstack.utils.strings import short_uid
 
 
def test_domain(deploy_cfn_template, opensearch_client, cfn_client):
     name = f""domain-{short_uid()}""
 ",1,0,0.8,0.6666666666666666,delete_only,extraction_by_fenced_code_block,extraction_by_fenced_code_block,semantically_equivalent;content_mismatch;over_edit;under_edit;wrong_location;output_format_issue;truncation_suspected;uncertain,
qwen7b_direct_correct_to_gold_wrong,crn-005958,qwen2.5-coder:7b,direct_vs_gold_location,cpp," bool DataReaderHistory::get_first_untaken_info(
 {
     std::lock_guard<RecursiveTimedMutex> lock(*getMutex());
 
-    for (auto &it : data_available_instances_)
     {
         auto& instance_changes = it.second->cache_changes;
         if (!instance_changes.empty())","Minor Uncrustify 
```suggestion
    for (auto& it : data_available_instances_)
```"," bool DataReaderHistory::get_first_untaken_info(
 {
     std::lock_guard<RecursiveTimedMutex> lock(*getMutex());
 
+    for (auto& it : data_available_instances_)
     {
         auto& instance_changes = it.second->cache_changes;
         if (!instance_changes.empty())"," bool DataReaderHistory::get_first_untaken_info(
 {
     std::lock_guard<RecursiveTimedMutex> lock(*getMutex());
 
+    for (auto& it : data_available_instances_)
     {
         auto& instance_changes = it.second->cache_changes;
         if (!instance_changes.empty())"," bool DataReaderHistory::get_first_untaken_info(
 {
     std::lock_guard<RecursiveTimedMutex> lock(*getMutex());
 

+    for (auto& it : data_available_instances_)

     {
         auto& instance_changes = it.second->cache_changes;
         if (!instance_changes.empty())",1,0,1.0,1.0,replace_only,extraction_by_fenced_code_block,marker_echo;extraction_by_fenced_code_block,semantically_equivalent;content_mismatch;over_edit;under_edit;wrong_location;output_format_issue;truncation_suspected;uncertain,
qwen7b_direct_correct_to_gold_wrong,crn-006210,qwen2.5-coder:7b,direct_vs_gold_location,javascript," const useDelayedEffect = ( effect, deps ) => {
 /**
  * Add a script to a body.
  *
- * @param {Document} doc    The body where the script will be appended.
  * @param {string}   src    Script src.
  * @param {Function} onLoad Script load callback.
  */","```suggestion
 * @param {Document} doc    The document where the script will be appended.
```"," const useDelayedEffect = ( effect, deps ) => {
 /**
  * Add a script to a body.
  *
+ * @param {Document} doc    The document where the script will be appended.
  * @param {string}   src    Script src.
  * @param {Function} onLoad Script load callback.
  */"," const useDelayedEffect = ( effect, deps ) => {
 /**
  * Add a script to a body.
  *
+ * @param {Document} doc    The document where the script will be appended.
  * @param {string}   src    Script src.
  * @param {Function} onLoad Script load callback.
  */"," const useDelayedEffect = ( effect, deps ) => {
 /**
  * Add a script to a body.
  *
  * @param {Document} doc    The document where the script will be appended.
  * @param {string}   src    Script src.
  * @param {Function} onLoad Script load callback.
  */",1,0,1.0,1.0,replace_only,extraction_by_fenced_code_block,extraction_by_fenced_code_block,semantically_equivalent;content_mismatch;over_edit;under_edit;wrong_location;output_format_issue;truncation_suspected;uncertain,
qwen7b_direct_correct_to_gold_wrong,crn-010800,qwen2.5-coder:7b,direct_vs_gold_location,go," func TestBinReset(t *testing.T) {
 	waitCursorsCalled(t, pullsync, addr, false)
 	waitSyncCalled(t, pullsync, addr, false)
 
-	// rs.setRadius(0)
 	kad.ResetPeers()
 	kad.Trigger()
 	time.Sleep(100 * time.Millisecond)",Dont forget to remove this before check-in if not required.," func TestBinReset(t *testing.T) {
 	waitCursorsCalled(t, pullsync, addr, false)
 	waitSyncCalled(t, pullsync, addr, false)
 
 	kad.ResetPeers()
 	kad.Trigger()
 	time.Sleep(100 * time.Millisecond)"," func TestBinReset(t *testing.T) {
 	waitCursorsCalled(t, pullsync, addr, false)
 	waitSyncCalled(t, pullsync, addr, false)
 
 	kad.ResetPeers()
 	kad.Trigger()
 	time.Sleep(100 * time.Millisecond)"," func TestBinReset(t *testing.T) {
 	waitCursorsCalled(t, pullsync, addr, false)
 	waitSyncCalled(t, pullsync, addr, false)
 

-	// rs.setRadius(0)

 	kad.ResetPeers()
 	kad.Trigger()
 	time.Sleep(100 * time.Millisecond)",1,0,1.0,0.6666666666666666,delete_only,extraction_by_fenced_code_block,marker_echo;extraction_by_fenced_code_block,semantically_equivalent;content_mismatch;over_edit;under_edit;wrong_location;output_format_issue;truncation_suspected;uncertain,
qwen7b_direct_correct_to_gold_wrong,crn-012989,qwen2.5-coder:7b,direct_vs_gold_location,java,"
  * subscribe for each other's validation statuses and enable/disable or clear
  * values, etc. respectively.
  *
- * @since 23.2
  *
  * @see HasValidator
  * @see com.vaadin.flow.data.binder.Binder.BindingBuilderImpl#bind(ValueProvider,","```suggestion
 * @since 2.7
```","
  * subscribe for each other's validation statuses and enable/disable or clear
  * values, etc. respectively.
  *
+ * @since 2.7
  *
  * @see HasValidator
  * @see com.vaadin.flow.data.binder.Binder.BindingBuilderImpl#bind(ValueProvider,","  * subscribe for each other's validation statuses and enable/disable or clear
  * values, etc. respectively.
  *
+ * @since 2.7
  *
  * @see HasValidator
  * @see com.vaadin.flow.data.binder.Binder.BindingBuilderImpl#bind(ValueProvider,","  * subscribe for each other's validation statuses and enable/disable or clear
  * values, etc. respectively.
  *
  * @since 2.7
  *
  * @see HasValidator
  * @see com.vaadin.flow.data.binder.Binder.BindingBuilderImpl#bind(ValueProvider,",1,0,0.6666666666666666,0.6666666666666666,replace_only,extraction_by_fenced_code_block,extraction_by_fenced_code_block,semantically_equivalent;content_mismatch;over_edit;under_edit;wrong_location;output_format_issue;truncation_suspected;uncertain,
qwen7b_direct_correct_to_gold_wrong,crn-007974,qwen2.5-coder:7b,direct_vs_gold_location,python," def __init__(self):
 
         def compile(self, graph_module: ""torch.fx.GraphModule"", _):
             assert self.captured_graph_count == 0
-            self.captured_graph = gm
             self.captured_graph_count += 1
             return graph_module
 ","```suggestion
            self.captured_graph = graph_module
```"," def __init__(self):
 
         def compile(self, graph_module: ""torch.fx.GraphModule"", _):
             assert self.captured_graph_count == 0
+            self.captured_graph = graph_module
             self.captured_graph_count += 1
             return graph_module
 "," def __init__(self):
 
         def compile(self, graph_module: ""torch.fx.GraphModule"", _):
             assert self.captured_graph_count == 0
+            self.captured_graph = graph_module
             self.captured_graph_count += 1
             return graph_module
 "," def __init__(self):
 
         def compile(self, graph_module: ""torch.fx.GraphModule"", _):
             assert self.captured_graph_count == 0

+            self.captured_graph = graph_module

             self.captured_graph_count += 1
             return graph_module
 ",1,0,1.0,1.0,replace_only,extraction_by_fenced_code_block,marker_echo;extraction_by_fenced_code_block,semantically_equivalent;content_mismatch;over_edit;under_edit;wrong_location;output_format_issue;truncation_suspected;uncertain,
qwen7b_direct_correct_to_gold_wrong,crn-003088,qwen2.5-coder:7b,direct_vs_gold_location,scala," object Unsafe extends UnsafeVersionSpecific {
   def unsafe[A](f: Unsafe => A): A =
     f(unsafe)
 
-  @deprecated(""use unsafe"", ""2.0.0"")
   def unsafeCompat[A](f: Unsafe => A): A =
     f(unsafe)
 }","```suggestion
  @deprecated(""use unsafe"", ""2.0.1"")
```"," object Unsafe extends UnsafeVersionSpecific {
   def unsafe[A](f: Unsafe => A): A =
     f(unsafe)
 
+  @deprecated(""use unsafe"", ""2.0.1"")
   def unsafeCompat[A](f: Unsafe => A): A =
     f(unsafe)
 }"," object Unsafe extends UnsafeVersionSpecific {
   def unsafe[A](f: Unsafe => A): A =
     f(unsafe)
 
+  @deprecated(""use unsafe"", ""2.0.1"")
   def unsafeCompat[A](f: Unsafe => A): A =
     f(unsafe)
 }"," object Unsafe extends UnsafeVersionSpecific {
   def unsafe[A](f: Unsafe => A): A =
     f(unsafe)
 

+  @deprecated(""use unsafe"", ""2.0.1"")

   def unsafeCompat[A](f: Unsafe => A): A =
     f(unsafe)
 }",1,0,1.0,1.0,replace_only,extraction_by_fenced_code_block,marker_echo;extraction_by_fenced_code_block,semantically_equivalent;content_mismatch;over_edit;under_edit;wrong_location;output_format_issue;truncation_suspected;uncertain,
qwen7b_direct_correct_to_gold_wrong,crn-007801,qwen2.5-coder:7b,direct_vs_gold_location,go," type Presenter interface {
 	GetNetworkReceivedBytesInEpoch() uint64
 
 	GetTrieSyncNumProcessedNodes() uint64
-	GetTrieSyncBytesReceived() uint64
 
 	InvalidateCache()
 	IsInterfaceNil() bool",`GetTrieSyncBytesReceived` => `GetTrieSyncNumBytesReceived`," type Presenter interface {
 	GetNetworkReceivedBytesInEpoch() uint64
 
 	GetTrieSyncNumProcessedNodes() uint64
+	GetTrieSyncNumBytesReceived() uint64
 
 	InvalidateCache()
 	IsInterfaceNil() bool"," type Presenter interface {
 	GetNetworkReceivedBytesInEpoch() uint64
 
 	GetTrieSyncNumProcessedNodes() uint64
+	GetTrieSyncNumBytesReceived() uint64
 
 	InvalidateCache()
 	IsInterfaceNil() bool"," type Presenter interface {
 	GetNetworkReceivedBytesInEpoch() uint64
 
 	GetTrieSyncNumProcessedNodes() uint64
+	GetTrieSyncNumBytesReceived() uint64
 	InvalidateCache()
 	IsInterfaceNil() bool",1,0,1.0,0.6666666666666666,replace_only,extraction_by_fenced_code_block,extraction_by_fenced_code_block,semantically_equivalent;content_mismatch;over_edit;under_edit;wrong_location;output_format_issue;truncation_suspected;uncertain,
qwen7b_direct_correct_to_gold_wrong,crn-012565,qwen2.5-coder:7b,direct_vs_gold_location,go," func (s *k8sServiceCreatingJobHandler) OnCreate(ctx context.Context, jobInfo *pp
 	}
 	selectorlabels := map[string]string{
 		// NOTE: this used to be ppsutil.PipelineRcName(jobInfo.Job.Pipeline.Name, jobInfo.PipelineVersion)
-		""app"":             ""s3gateway"",
 		""pipelineName"":    jobInfo.Job.Pipeline.Name,
 		""pipelineVersion"": fmt.Sprint(jobInfo.PipelineVersion),
 		""suite"":           ""pachyderm"",","Hmm, doesn't the selector need to match the worker pod labels? It seems like `app` would have to be `pipeline` here for that to work"," func (s *k8sServiceCreatingJobHandler) OnCreate(ctx context.Context, jobInfo *pp
 	}
 	selectorlabels := map[string]string{
 		// NOTE: this used to be ppsutil.PipelineRcName(jobInfo.Job.Pipeline.Name, jobInfo.PipelineVersion)
+		""app"":             ""pipeline"",
 		""pipelineName"":    jobInfo.Job.Pipeline.Name,
 		""pipelineVersion"": fmt.Sprint(jobInfo.PipelineVersion),
 		""suite"":           ""pachyderm"","," func (s *k8sServiceCreatingJobHandler) OnCreate(ctx context.Context, jobInfo *pp
 	}
 	selectorlabels := map[string]string{
 		// NOTE: this used to be ppsutil.PipelineRcName(jobInfo.Job.Pipeline.Name, jobInfo.PipelineVersion)
+		""app"":             ""pipeline"",
 		""pipelineName"":    jobInfo.Job.Pipeline.Name,
 		""pipelineVersion"": fmt.Sprint(jobInfo.PipelineVersion),
 		""suite"":           ""pachyderm"","," func (s *k8sServiceCreatingJobHandler) OnCreate(ctx context.Context, jobInfo *pp
 	}
 	selectorlabels := map[string]string{
 		// NOTE: this used to be ppsutil.PipelineRcName(jobInfo.Job.Pipeline.Name, jobInfo.PipelineVersion)

+		""app"":             ""pipeline"",

 		""pipelineName"":    jobInfo.Job.Pipeline.Name,
 		""pipelineVersion"": fmt.Sprint(jobInfo.PipelineVersion),
 		""suite"":           ""pachyderm"",",1,0,1.0,1.0,replace_only,extraction_by_fenced_code_block,marker_echo;extraction_by_fenced_code_block,semantically_equivalent;content_mismatch;over_edit;under_edit;wrong_location;output_format_issue;truncation_suspected;uncertain,
qwen7b_direct_correct_to_gold_wrong,crn-012973,qwen2.5-coder:7b,direct_vs_gold_location,java," public static class Builder implements Serializable {
          * Whether to disable server-side and offline new license checking
          * features and enable old JavaScript license checker.
          */
-        private boolean enableOldLicenseChecker = false;
 
         /**
          * Create a builder instance given an specific npm folder.","```suggestion
        private boolean oldLicenseChecker = false;
```"," public static class Builder implements Serializable {
          * Whether to disable server-side and offline new license checking
          * features and enable old JavaScript license checker.
          */
+        private boolean oldLicenseChecker = false;
 
         /**
          * Create a builder instance given an specific npm folder."," public static class Builder implements Serializable {
          * Whether to disable server-side and offline new license checking
          * features and enable old JavaScript license checker.
          */
+        private boolean oldLicenseChecker = false;
 
         /**
          * Create a builder instance given an specific npm folder."," public static class Builder implements Serializable {
          * Whether to disable server-side and offline new license checking
          * features and enable old JavaScript license checker.
          */
        private boolean oldLicenseChecker = false;
 
         /**
          * Create a builder instance given an specific npm folder.",1,0,1.0,1.0,replace_only,extraction_by_fenced_code_block,extraction_by_fenced_code_block,semantically_equivalent;content_mismatch;over_edit;under_edit;wrong_location;output_format_issue;truncation_suspected;uncertain,
qwen7b_direct_correct_to_gold_wrong,crn-011940,qwen2.5-coder:7b,direct_vs_gold_location,python," def xfail(
         condition: bool = True,
         *,
         reason: str = """",
-        raises: Union[Type[BaseException], Tuple[BaseException, ...]] = BaseException,
     ) -> ""example"":
         """"""Mark this example as an expected failure, like pytest.mark.xfail().
 ","```suggestion
        raises: Union[Type[BaseException], Tuple[Type[BaseException], ...]] = BaseException,
```"," def xfail(
         condition: bool = True,
         *,
         reason: str = """",
+        raises: Union[Type[BaseException], Tuple[Type[BaseException], ...]] = BaseException,
     ) -> ""example"":
         """"""Mark this example as an expected failure, like pytest.mark.xfail().
 "," def xfail(
         condition: bool = True,
         *,
         reason: str = """",
+        raises: Union[Type[BaseException], Tuple[Type[BaseException], ...]] = BaseException,
     ) -> ""example"":
         """"""Mark this example as an expected failure, like pytest.mark.xfail().
 "," def xfail(
         condition: bool = True,
         *,
         reason: str = """",
         raises: Union[Type[BaseException], Tuple[Type[BaseException], ...]] = BaseException,
     ) -> ""example"":
         """"""Mark this example as an expected failure, like pytest.mark.xfail().
 ",1,0,1.0,1.0,replace_only,extraction_by_fenced_code_block,extraction_by_fenced_code_block,semantically_equivalent;content_mismatch;over_edit;under_edit;wrong_location;output_format_issue;truncation_suspected;uncertain,
qwen7b_direct_correct_to_gold_wrong,crn-012050,qwen2.5-coder:7b,direct_vs_gold_location,kotlin,"
 /*
  * This file is part of BOINC.
  * http://boinc.berkeley.edu
- * Copyright (C) 2021 University of California
  *
  * BOINC is free software; you can redistribute it and/or modify it
  * under the terms of the GNU Lesser General Public License",Please change to 2022,"
 /*
  * This file is part of BOINC.
  * http://boinc.berkeley.edu
+ * Copyright (C) 2022 University of California
  *
  * BOINC is free software; you can redistribute it and/or modify it
  * under the terms of the GNU Lesser General Public License"," /*
  * This file is part of BOINC.
  * http://boinc.berkeley.edu
+ * Copyright (C) 2022 University of California
  *
  * BOINC is free software; you can redistribute it and/or modify it
  * under the terms of the GNU Lesser General Public License"," /*
  * This file is part of BOINC.
  * http://boinc.berkeley.edu
- * Copyright (C) 2021 University of California
+ * Copyright (C) 2022 University of California
  *
  * BOINC is free software; you can redistribute it and/or modify it
  * under the terms of the GNU Lesser General Public License",1,0,0.6666666666666666,0.6666666666666666,replace_only,extraction_by_fenced_code_block,extraction_by_fenced_code_block,semantically_equivalent;content_mismatch;over_edit;under_edit;wrong_location;output_format_issue;truncation_suspected;uncertain,
qwen7b_direct_correct_to_gold_wrong,crn-000881,qwen2.5-coder:7b,direct_vs_gold_location,swift," import FirebaseAuthInterop
 #endif
 
 // Avoids exposing internal FirebaseCore APIs to Swift users.
-@_implementationOnly  import FirebaseCoreExtension
 
 /**
  * Firebase Storage is a service that supports uploading and downloading binary objects,","```suggestion
@_implementationOnly import FirebaseCoreExtension
```"," import FirebaseAuthInterop
 #endif
 
 // Avoids exposing internal FirebaseCore APIs to Swift users.
+@_implementationOnly import FirebaseCoreExtension
 
 /**
  * Firebase Storage is a service that supports uploading and downloading binary objects,"," import FirebaseAuthInterop
 #endif
 
 // Avoids exposing internal FirebaseCore APIs to Swift users.
+@_implementationOnly import FirebaseCoreExtension
 
 /**
  * Firebase Storage is a service that supports uploading and downloading binary objects,"," import FirebaseAuthInterop
 #endif
 
 // Avoids exposing internal FirebaseCore APIs to Swift users.
@_implementationOnly import FirebaseCoreExtension
 
 /**
  * Firebase Storage is a service that supports uploading and downloading binary objects,",1,0,1.0,1.0,replace_only,extraction_by_fenced_code_block,extraction_by_fenced_code_block,semantically_equivalent;content_mismatch;over_edit;under_edit;wrong_location;output_format_issue;truncation_suspected;uncertain,
qwen7b_direct_correct_to_gold_wrong,crn-011841,qwen2.5-coder:7b,direct_vs_gold_location,php," public function transformComponent(Component $component)
                 'id' => (int) $component->company->id,
                 'name' => e($component->company->name),
             ] : null,
-            'note' => ($component->notes) ? e($component->note) : null,
             'created_at' => Helper::getFormattedDateObject($component->created_at, 'datetime'),
             'updated_at' => Helper::getFormattedDateObject($component->updated_at, 'datetime'),
             'user_can_checkout' =>  ($component->numRemaining() > 0) ? 1 : 0,","The component itself still has `notes` and I don't see a migration that changes that. And I think it's probably better to keep the component's ""notes"" as `notes` but the individual pivot note entries as `note` - that's a little bit clearer."," public function transformComponent(Component $component)
                 'id' => (int) $component->company->id,
                 'name' => e($component->company->name),
             ] : null,
+            'notes' => ($component->notes) ? e($component->notes) : null,
             'created_at' => Helper::getFormattedDateObject($component->created_at, 'datetime'),
             'updated_at' => Helper::getFormattedDateObject($component->updated_at, 'datetime'),
             'user_can_checkout' =>  ($component->numRemaining() > 0) ? 1 : 0,"," public function transformComponent(Component $component)
                 'id' => (int) $component->company->id,
                 'name' => e($component->company->name),
             ] : null,
+            'notes' => ($component->notes) ? e($component->notes) : null,
             'created_at' => Helper::getFormattedDateObject($component->created_at, 'datetime'),
             'updated_at' => Helper::getFormattedDateObject($component->updated_at, 'datetime'),
             'user_can_checkout' =>  ($component->numRemaining() > 0) ? 1 : 0,"," public function transformComponent(Component $component)
                 'id' => (int) $component->company->id,
                 'name' => e($component->company->name),
             ] : null,

-            'note' => ($component->notes) ? e($component->note) : null,
+            'notes' => ($component->notes) ? e($component->notes) : null,

             'created_at' => Helper::getFormattedDateObject($component->created_at, 'datetime'),
             'updated_at' => Helper::getFormattedDateObject($component->updated_at, 'datetime'),
             'user_can_checkout' =>  ($component->numRemaining() > 0) ? 1 : 0,",1,0,1.0,0.6666666666666666,replace_only,extraction_by_fenced_code_block,marker_echo;extraction_by_fenced_code_block,semantically_equivalent;content_mismatch;over_edit;under_edit;wrong_location;output_format_issue;truncation_suspected;uncertain,
qwen7b_direct_correct_to_gold_wrong,crn-001983,qwen2.5-coder:7b,direct_vs_gold_location,kotlin," internal interface HttpTransactionDao {
     suspend fun getAll(): List<HttpTransaction>
 
     @Query(""SELECT * FROM transactions WHERE requestDate >= :timestamp LIMIT :limit"")
-    fun getTransactions(limit: Long, timestamp: Long): List<HttpTransaction>
 }",Same as above: `getTransactionsInTimeRange`," internal interface HttpTransactionDao {
     suspend fun getAll(): List<HttpTransaction>
 
     @Query(""SELECT * FROM transactions WHERE requestDate >= :timestamp LIMIT :limit"")
+    suspend fun getTransactions(limit: Long, timestamp: Long): List<HttpTransaction>
 }"," internal interface HttpTransactionDao {
     suspend fun getAll(): List<HttpTransaction>
 
     @Query(""SELECT * FROM transactions WHERE requestDate >= :timestamp LIMIT :limit"")
+    suspend fun getTransactions(limit: Long, timestamp: Long): List<HttpTransaction>
 }"," internal interface HttpTransactionDao {
     suspend fun getAll(): List<HttpTransaction>
 
     @Query(""SELECT * FROM transactions WHERE requestDate >= :timestamp LIMIT :limit"")

+    suspend fun getTransactions(limit: Long, timestamp: Long): List<HttpTransaction>

 }",1,0,1.0,1.0,replace_only,extraction_by_fenced_code_block,marker_echo;extraction_by_fenced_code_block,semantically_equivalent;content_mismatch;over_edit;under_edit;wrong_location;output_format_issue;truncation_suspected;uncertain,
qwen7b_direct_correct_to_gold_wrong,crn-013796,qwen2.5-coder:7b,direct_vs_gold_location,kotlin," import org.jf.dexlib2.iface.reference.MethodReference
 
 @Patch(false)
 @Name(""remove-screenshot-restriction"")
-@Description(""Removes the restriction of making screenshots in apps that normally wouldn't allow it."")
 @Version(""0.0.1"")
 class RemoveScreenshotRestrictionPatch : BytecodePatch() {
 ","```suggestion
@Description(""Removes the restriction of taking screenshots in apps that normally wouldn't allow it."")
```"," import org.jf.dexlib2.iface.reference.MethodReference
 
 @Patch(false)
 @Name(""remove-screenshot-restriction"")
+@Description(""Removes the restriction of taking screenshots in apps that normally wouldn't allow it."")
 @Version(""0.0.1"")
 class RemoveScreenshotRestrictionPatch : BytecodePatch() {
 "," import org.jf.dexlib2.iface.reference.MethodReference
 
 @Patch(false)
 @Name(""remove-screenshot-restriction"")
+@Description(""Removes the restriction of taking screenshots in apps that normally wouldn't allow it."")
 @Version(""0.0.1"")
 class RemoveScreenshotRestrictionPatch : BytecodePatch() {
 "," import org.jf.dexlib2.iface.reference.MethodReference
 
 @Patch(false)
 @Name(""remove-screenshot-restriction"")
@Description(""Removes the restriction of taking screenshots in apps that normally wouldn't allow it."")
 @Version(""0.0.1"")
 class RemoveScreenshotRestrictionPatch : BytecodePatch() {
 ",1,0,1.0,1.0,replace_only,extraction_by_fenced_code_block,extraction_by_fenced_code_block,semantically_equivalent;content_mismatch;over_edit;under_edit;wrong_location;output_format_issue;truncation_suspected;uncertain,
qwen7b_direct_correct_to_gold_wrong,crn-000170,qwen2.5-coder:7b,direct_vs_gold_location,swift," protocol TopSitesDataAdaptor {
     /// - Parameter numberOfTilesPerRow: The number of tiles per row shown to the user
     func recalculateTopSiteData(for numberOfTilesPerRow: Int)
 
-    /// Get fav icon for site
     func getFaviconImage(forSite site: Site) -> UIImage?
 }
 ","nit
```suggestion
    /// Get favicon for site
```"," protocol TopSitesDataAdaptor {
     /// - Parameter numberOfTilesPerRow: The number of tiles per row shown to the user
     func recalculateTopSiteData(for numberOfTilesPerRow: Int)
 
+    /// Get favicon for site
     func getFaviconImage(forSite site: Site) -> UIImage?
 }
 "," protocol TopSitesDataAdaptor {
     /// - Parameter numberOfTilesPerRow: The number of tiles per row shown to the user
     func recalculateTopSiteData(for numberOfTilesPerRow: Int)
 
+    /// Get favicon for site
     func getFaviconImage(forSite site: Site) -> UIImage?
 }"," protocol TopSitesDataAdaptor {
     /// - Parameter numberOfTilesPerRow: The number of tiles per row shown to the user
     func recalculateTopSiteData(for numberOfTilesPerRow: Int)
 

    /// Get favicon for site

     func getFaviconImage(forSite site: Site) -> UIImage?
 }
 ",1,0,0.6666666666666666,1.0,replace_only,extraction_by_fenced_code_block,marker_echo;extraction_by_fenced_code_block,semantically_equivalent;content_mismatch;over_edit;under_edit;wrong_location;output_format_issue;truncation_suspected;uncertain,
qwen7b_direct_correct_to_gold_wrong,crn-010991,qwen2.5-coder:7b,direct_vs_gold_location,ruby," def to_s
 
     private
 
-    # Reconstruct the URI from its parts. Invalid options are drops and options
     # are converted to camelCase.
     #
     # @return [ String ] the uri.","```suggestion
    # Reconstruct the URI from its parts. Invalid options are dropped and options
```
"," def to_s
 
     private
 
+    # Reconstruct the URI from its parts. Invalid options are dropped and options
     # are converted to camelCase.
     #
     # @return [ String ] the uri."," def to_s
 
     private
 
+    # Reconstruct the URI from its parts. Invalid options are dropped and options
     # are converted to camelCase.
     #
     # @return [ String ] the uri."," def to_s
 
     private
 

    # Reconstruct the URI from its parts. Invalid options are dropped and options

     # are converted to camelCase.
     #
     # @return [ String ] the uri.",1,0,1.0,1.0,replace_only,extraction_by_fenced_code_block,marker_echo;extraction_by_fenced_code_block,semantically_equivalent;content_mismatch;over_edit;under_edit;wrong_location;output_format_issue;truncation_suspected;uncertain,
gold_location_f1_1_exact_wrong,crn-012517,qwen2.5-coder:7b,direct_vs_gold_location,scala," object KafkaConfig {
       .define(TransactionsRemoveExpiredTransactionalIdCleanupIntervalMsProp, INT, Defaults.TransactionsRemoveExpiredTransactionsCleanupIntervalMS, atLeast(1), LOW, TransactionsRemoveExpiredTransactionsIntervalMsDoc)
 
       .define(ProducerIdExpirationMsProp, INT, Defaults.ProducerIdExpirationMs, atLeast(1), LOW, ProducerIdExpirationMsDoc)
       .defineInternal(ProducerIdExpirationCheckIntervalMsProp, INT, Defaults.ProducerIdExpirationCheckIntervalMs, atLeast(1), LOW, ProducerIdExpirationMsDoc)
 
       /** ********* Fetch Configuration **************/","nit: If we keep it internal, could we add a small comment about it."," object KafkaConfig {
       .define(TransactionsRemoveExpiredTransactionalIdCleanupIntervalMsProp, INT, Defaults.TransactionsRemoveExpiredTransactionsCleanupIntervalMS, atLeast(1), LOW, TransactionsRemoveExpiredTransactionsIntervalMsDoc)
 
       .define(ProducerIdExpirationMsProp, INT, Defaults.ProducerIdExpirationMs, atLeast(1), LOW, ProducerIdExpirationMsDoc)
+      // Configuration for testing only as default value should be sufficient for typical usage
       .defineInternal(ProducerIdExpirationCheckIntervalMsProp, INT, Defaults.ProducerIdExpirationCheckIntervalMs, atLeast(1), LOW, ProducerIdExpirationMsDoc)
 
       /** ********* Fetch Configuration **************/"," object KafkaConfig {
       .define(TransactionsRemoveExpiredTransactionalIdCleanupIntervalMsProp, INT, Defaults.TransactionsRemoveExpiredTransactionsCleanupIntervalMS, atLeast(1), LOW, TransactionsRemoveExpiredTransactionsIntervalMsDoc)
 
       .define(ProducerIdExpirationMsProp, INT, Defaults.ProducerIdExpirationMs, atLeast(1), LOW, ProducerIdExpirationMsDoc)
       .defineInternal(ProducerIdExpirationCheckIntervalMsProp, INT, Defaults.ProducerIdExpirationCheckIntervalMs, atLeast(1), LOW, ProducerIdExpirationMsDoc) // Internal configuration for producer ID expiration check interval
 
       /** ********* Fetch Configuration **************/"," object KafkaConfig {
       .define(TransactionsRemoveExpiredTransactionalIdCleanupIntervalMsProp, INT, Defaults.TransactionsRemoveExpiredTransactionsCleanupIntervalMS, atLeast(1), LOW, TransactionsRemoveExpiredTransactionsIntervalMsDoc)
 
       .define(ProducerIdExpirationMsProp, INT, Defaults.ProducerIdExpirationMs, atLeast(1), LOW, ProducerIdExpirationMsDoc)
       // Internal configuration for producer ID expiration check interval
       .defineInternal(ProducerIdExpirationCheckIntervalMsProp, INT, Defaults.ProducerIdExpirationCheckIntervalMs, atLeast(1), LOW, ProducerIdExpirationMsDoc)
 
       /** ********* Fetch Configuration **************/",0,0,0.0,1.0,insert_only,extraction_by_fenced_code_block,extraction_by_fenced_code_block,semantically_equivalent;content_mismatch;over_edit;under_edit;wrong_location;output_format_issue;truncation_suspected;uncertain,
gold_location_f1_1_exact_wrong,crn-014743,qwen2.5-coder:32b,direct_vs_gold_location,python," def test_is_start_event(self):
         self.assertEqual(17, len(starts))
 
     def test_is_end_event(self):
-        starts = [e for e in LOG if log_utils.is_end_event(e)]
-        self.assertEqual(17, len(starts))
 
     def test_filter_and_sort_log_entries(self):
         filtered = log_utils.filter_and_sort_log_entries(LOG)",Nit: `ends`," def test_is_start_event(self):
         self.assertEqual(17, len(starts))
 
     def test_is_end_event(self):
+        ends = [e for e in LOG if log_utils.is_end_event(e)]
+        self.assertEqual(17, len(ends))
 
     def test_filter_and_sort_log_entries(self):
         filtered = log_utils.filter_and_sort_log_entries(LOG)"," def test_is_start_event(self):
         self.assertEqual(17, len(starts))
 
     def test_is_end_event(self):
-        starts = [e for e in LOG if log_utils.is_end_event(e)]
+        ends = [e for e in LOG if log_utils.is_end_event(e)]
         self.assertEqual(17, len(ends))
 
     def test_filter_and_sort_log_entries(self):
         filtered = log_utils.filter_and_sort_log_entries(LOG)"," def test_is_start_event(self):
         self.assertEqual(17, len(starts))
 
     def test_is_end_event(self):
        ends = [e for e in LOG if log_utils.is_end_event(e)]
        self.assertEqual(17, len(ends))
 
     def test_filter_and_sort_log_entries(self):
         filtered = log_utils.filter_and_sort_log_entries(LOG)",0,0,0.6666666666666666,1.0,replace_only,wrapper_text;extraction_by_fenced_code_block,extraction_by_fenced_code_block,semantically_equivalent;content_mismatch;over_edit;under_edit;wrong_location;output_format_issue;truncation_suspected;uncertain,
gold_location_f1_1_exact_wrong,crn-008541,qwen2.5-coder:7b,direct_vs_gold_location,java," public TopologyConfig(final String topologyName, final StreamsConfig globalAppCo
 
         if (isTopologyOverride(MAX_TASK_IDLE_MS_CONFIG, topologyOverrides)) {
             maxTaskIdleMs = getLong(MAX_TASK_IDLE_MS_CONFIG);
-            log.info(""Topology {} is overridding {} to {}"", topologyName, MAX_TASK_IDLE_MS_CONFIG, maxTaskIdleMs);
         } else {
             maxTaskIdleMs = globalAppConfigs.getLong(MAX_TASK_IDLE_MS_CONFIG);
         }",nit: typo in overriding.. I think that's how it was originally. Comment can be ignored :) ," public TopologyConfig(final String topologyName, final StreamsConfig globalAppCo
 
         if (isTopologyOverride(MAX_TASK_IDLE_MS_CONFIG, topologyOverrides)) {
             maxTaskIdleMs = getLong(MAX_TASK_IDLE_MS_CONFIG);
+            log.info(""Topology {} is overriding {} to {}"", topologyName, MAX_TASK_IDLE_MS_CONFIG, maxTaskIdleMs);
         } else {
             maxTaskIdleMs = globalAppConfigs.getLong(MAX_TASK_IDLE_MS_CONFIG);
         }"," public TopologyConfig(final String topologyName, final StreamsConfig globalAppCo
 
         if (isTopologyOverride(MAX_TASK_IDLE_MS_CONFIG, topologyOverrides)) {
             maxTaskIdleMs = getLong(MAX_TASK_IDLE_MS_CONFIG);
-            log.info(""Topology {} is overriding {} to {}"", topologyName, MAX_TASK_IDLE_MS_CONFIG, maxTaskIdleMs);
         } else {
             maxTaskIdleMs = globalAppConfigs.getLong(MAX_TASK_IDLE_MS_CONFIG);
         }"," public TopologyConfig(final String topologyName, final StreamsConfig globalAppCo
 
         if (isTopologyOverride(MAX_TASK_IDLE_MS_CONFIG, topologyOverrides)) {
             maxTaskIdleMs = getLong(MAX_TASK_IDLE_MS_CONFIG);

-            log.info(""Topology {} is overriding {} to {}"", topologyName, MAX_TASK_IDLE_MS_CONFIG, maxTaskIdleMs);

         } else {
             maxTaskIdleMs = globalAppConfigs.getLong(MAX_TASK_IDLE_MS_CONFIG);
         }",0,0,1.0,1.0,replace_only,extraction_by_fenced_code_block,marker_echo;extraction_by_fenced_code_block,semantically_equivalent;content_mismatch;over_edit;under_edit;wrong_location;output_format_issue;truncation_suspected;uncertain,
gold_location_f1_1_exact_wrong,crn-013214,qwen2.5-coder:32b,direct_vs_gold_location,python," def linprog(c, A_ub=None, b_ub=None, A_eq=None, b_eq=None,
         Use ``None`` to indicate that there is no bound. For instance, the
         default bound ``(0, None)`` means that all decision variables are
         non-negative, and the pair ``(None, None)`` means no bounds at all,
-        i.e. all variables are allowed to take values form the real numbers.
     method : str, optional
         The algorithm used to solve the standard form problem.
         :ref:`'highs' <optimize.linprog-highs>` (default),","Typo.
```suggestion
        i.e. all variables are allowed to be any real.
```"," def linprog(c, A_ub=None, b_ub=None, A_eq=None, b_eq=None,
         Use ``None`` to indicate that there is no bound. For instance, the
         default bound ``(0, None)`` means that all decision variables are
         non-negative, and the pair ``(None, None)`` means no bounds at all,
+        i.e. all variables are allowed to be any real.
     method : str, optional
         The algorithm used to solve the standard form problem.
         :ref:`'highs' <optimize.linprog-highs>` (default),"," def linprog(c, A_ub=None, b_ub=None, A_eq=None, b_eq=None,
         Use ``None`` to indicate that there is no bound. For instance, the
         default bound ``(0, None)`` means that all decision variables are
         non-negative, and the pair ``(None, None)`` means no bounds at all,
-        i.e. all variables are allowed to take values form the real numbers.
+        i.e. all variables are allowed to be any real.
     method : str, optional
         The algorithm used to solve the standard form problem.
         :ref:`'highs' <optimize.linprog-highs>` (default),"," def linprog(c, A_ub=None, b_ub=None, A_eq=None, b_eq=None,
         Use ``None`` to indicate that there is no bound. For instance, the
         default bound ``(0, None)`` means that all decision variables are
         non-negative, and the pair ``(None, None)`` means no bounds at all,
        i.e. all variables are allowed to be any real.
     method : str, optional
         The algorithm used to solve the standard form problem.
         :ref:`'highs' <optimize.linprog-highs>` (default),",0,0,1.0,1.0,replace_only,extraction_by_fenced_code_block,extraction_by_fenced_code_block,semantically_equivalent;content_mismatch;over_edit;under_edit;wrong_location;output_format_issue;truncation_suspected;uncertain,
gold_location_f1_1_exact_wrong,crn-014909,qwen2.5-coder:32b,direct_vs_gold_location,scala," object StandardJWTTokenFormat {
   final case object ParticipantId extends StandardJWTTokenFormat
 }
 
-/** Payload parsed from the standard ""sub"", ""aud"", ""exp"" claims as specified in
   * https://datatracker.ietf.org/doc/html/rfc7519#section-4.1
   *
   * @param issuer  The issuer of the JWT.","and ""iss""?"," object StandardJWTTokenFormat {
   final case object ParticipantId extends StandardJWTTokenFormat
 }
 
+/** Payload parsed from the standard ""sub"", ""aud"", ""exp"", ""iss"" claims as specified in
   * https://datatracker.ietf.org/doc/html/rfc7519#section-4.1
   *
   * @param issuer  The issuer of the JWT."," object StandardJWTTokenFormat {
   final case object ParticipantId extends StandardJWTTokenFormat
 }
 
 /** Payload parsed from the standard ""sub"", ""aud"", ""exp"" and ""iss"" claims as specified in
   * https://datatracker.ietf.org/doc/html/rfc7519#section-4.1
   *
   * @param issuer  The issuer of the JWT."," object StandardJWTTokenFormat {
   final case object ParticipantId extends StandardJWTTokenFormat
 }
 
 /** Payload parsed from the standard ""sub"", ""aud"", ""exp"" and ""iss"" claims as specified in
   * https://datatracker.ietf.org/doc/html/rfc7519#section-4.1
   *
   * @param issuer  The issuer of the JWT.",0,0,1.0,1.0,replace_only,extraction_by_fenced_code_block,extraction_by_fenced_code_block,semantically_equivalent;content_mismatch;over_edit;under_edit;wrong_location;output_format_issue;truncation_suspected;uncertain,
gold_location_f1_1_exact_wrong,crn-012457,qwen2.5-coder:32b,direct_vs_gold_location,scala," class KafkaServer(
                 case None =>
                   info(s""Broker registration for controller $controllerId is not available in the metadata cache"")
               }
-            case Some(_: KRaftCachedControllerId) | None =>
               info(""No zk controller present in the metadata cache"")
           }
 ","Hmm, looks like you replaced an exhaustive pattern matching block with a non exhaustive one? Am I missing something?"," class KafkaServer(
                 case None =>
                   info(s""Broker registration for controller $controllerId is not available in the metadata cache"")
               }
+            case _ =>
               info(""No zk controller present in the metadata cache"")
           }
 "," class KafkaServer(
                 case None =>
                   info(s""Broker registration for controller $controllerId is not available in the metadata cache"")
               }
+            case Some(_: KRaftCachedControllerId) | Some(_) =>
               info(""No zk controller present in the metadata cache"")
           }
 "," class KafkaServer(
                 case None =>
                   info(s""Broker registration for controller $controllerId is not available in the metadata cache"")
               }
            case Some(_: KRaftCachedControllerId) | Some(_) | None =>
               info(""No zk controller present in the metadata cache"")
           }
 ",0,0,1.0,1.0,replace_only,extraction_by_fenced_code_block,extraction_by_fenced_code_block,semantically_equivalent;content_mismatch;over_edit;under_edit;wrong_location;output_format_issue;truncation_suspected;uncertain,
gold_location_f1_1_exact_wrong,crn-012128,qwen2.5-coder:7b,direct_vs_gold_location,csharp," internal static class InheritanceMarginOptions
     {
         public static readonly PerLanguageOption2<bool?> ShowInheritanceMargin = new(""dotnet_show_inheritance_margin"", defaultValue: true);
 
-        public static readonly Option2<bool> InheritanceMarginCombinedWithIndicatorMargin = new(""dotnet_inheritance_margin_combined_with_indicator_margin"", defaultValue: false);
 
-        public static readonly PerLanguageOption2<bool> InheritanceMarginIncludeGlobalImports = new(""dotnet_inheritance_margin_includes_global_imports"", defaultValue: true);
     }
 }",">dotnet_inheritance_margin_includes_global_imports [](http://example.com/codeflow?start=101&length=49)

Perhaps `dotnet_show_global_imports_in_inheritance_margin`"," internal static class InheritanceMarginOptions
     {
         public static readonly PerLanguageOption2<bool?> ShowInheritanceMargin = new(""dotnet_show_inheritance_margin"", defaultValue: true);
 
+        public static readonly Option2<bool> InheritanceMarginCombinedWithIndicatorMargin = new(""dotnet_combine_inheritance_and_indicator_margins"", defaultValue: false);
 
+        public static readonly PerLanguageOption2<bool> InheritanceMarginIncludeGlobalImports = new(""dotnet_show_global_imports_in_inheritance_margin"", defaultValue: true);
     }
 }"," internal static class InheritanceMarginOptions
     {
         public static readonly PerLanguageOption2<bool?> ShowInheritanceMargin = new(""dotnet_show_inheritance_margin"", defaultValue: true);
 
-        public static readonly Option2<bool> InheritanceMarginCombinedWithIndicatorMargin = new(""dotnet_inheritance_margin_combined_with_indicator_margin"", defaultValue: false);
 
+        public static readonly PerLanguageOption2<bool> InheritanceMarginIncludeGlobalImports = new(""dotnet_show_global_imports_in_inheritance_margin"", defaultValue: true);
     }
 }"," internal static class InheritanceMarginOptions
     {
         public static readonly PerLanguageOption2<bool?> ShowInheritanceMargin = new(""dotnet_show_inheritance_margin"", defaultValue: true);
 

+        public static readonly Option2<bool> InheritanceMarginCombinedWithIndicatorMargin = new(""dotnet_inheritance_margin_combined_with_indicator_margin"", defaultValue: false);

 

+        public static readonly PerLanguageOption2<bool> InheritanceMarginIncludeGlobalImports = new(""dotnet_show_global_imports_in_inheritance_margin"", defaultValue: true);

     }
 }",0,0,0.6666666666666666,1.0,replace_only,extraction_by_fenced_code_block,marker_echo;extraction_by_fenced_code_block,semantically_equivalent;content_mismatch;over_edit;under_edit;wrong_location;output_format_issue;truncation_suspected;uncertain,
gold_location_f1_1_exact_wrong,crn-013793,qwen2.5-coder:32b,direct_vs_gold_location,kotlin," import org.jf.dexlib2.iface.reference.MethodReference
 
 @Patch(false)
 @Name(""remove-screenshot-restriction"")
-@Description(""Removes the restriction of making screenshots in some apps that prevent it due to security/piracy reasons. This patch is universal patch, meaning that you can apply it on every apps."")
 @Version(""0.0.1"")
 class RemoveScreenshotRestrictionPatch : BytecodePatch() {
 ","I dont think it is necessary to randomly explain here what a universal patch is. The description should be specific to the patch, but now it explains what a universal patch is and what you can do with it, out of topic. Additionally the first sentence does not add any more explanation on what the patch does. The patch removed the restriction to make screenshots in apps. What the restriction is for does not matter for the patch because it explains why the restriction exists and not what the patch does."," import org.jf.dexlib2.iface.reference.MethodReference
 
 @Patch(false)
 @Name(""remove-screenshot-restriction"")
+@Description(""Removes the restriction of making screenshots in apps that normally wouldn't allow it."")
 @Version(""0.0.1"")
 class RemoveScreenshotRestrictionPatch : BytecodePatch() {
 "," import org.jf.dexlib2.iface.reference.MethodReference
 
 @Patch(false)
 @Name(""remove-screenshot-restriction"")
-@Description(""Removes the restriction of making screenshots in some apps that prevent it due to security/piracy reasons. This patch is universal patch, meaning that you can apply it on every apps."")
+@Description(""Removes the restriction preventing screenshot functionality in certain apps."")
 @Version(""0.0.1"")
 class RemoveScreenshotRestrictionPatch : BytecodePatch() {
 "," import org.jf.dexlib2.iface.reference.MethodReference
 
 @Patch(false)
 @Name(""remove-screenshot-restriction"")
@Description(""Removes the restriction of making screenshots in some apps."")
 @Version(""0.0.1"")
 class RemoveScreenshotRestrictionPatch : BytecodePatch() {
 ",0,0,1.0,1.0,replace_only,extraction_by_fenced_code_block,extraction_by_fenced_code_block,semantically_equivalent;content_mismatch;over_edit;under_edit;wrong_location;output_format_issue;truncation_suspected;uncertain,
gold_location_f1_1_exact_wrong,crn-008090,qwen2.5-coder:32b,direct_vs_gold_location,csharp," internal static partial class EnvironmentUtilities
         public static bool Is64BitOperatingSystem =>
             Environment.Is64BitOperatingSystem;
 
-        public static bool IsReservedProperty(string propertyName)
         {
             return propertyName.StartsWith(""MSBUILD"") ||
                 propertyName.StartsWith(""COMPLUS_"") ||","I don't like the word ""reserved"" here because it makes me think of reserved keywords in programming languages, which these aren't exactly. Maybe `ShouldAlwaysBeLogged`?"," internal static partial class EnvironmentUtilities
         public static bool Is64BitOperatingSystem =>
             Environment.Is64BitOperatingSystem;
 
+        public static bool IsWellKnownEnvironmentDerivedProperty(string propertyName)
         {
             return propertyName.StartsWith(""MSBUILD"") ||
                 propertyName.StartsWith(""COMPLUS_"") ||"," internal static partial class EnvironmentUtilities
         public static bool Is64BitOperatingSystem =>
             Environment.Is64BitOperatingSystem;
 
-        public static bool ShouldAlwaysBeLogged(string propertyName)
         {
             return propertyName.StartsWith(""MSBUILD"") ||
                 propertyName.StartsWith(""COMPLUS_"") ||"," internal static partial class EnvironmentUtilities
         public static bool Is64BitOperatingSystem =>
             Environment.Is64BitOperatingSystem;
 
        public static bool ShouldAlwaysBeLogged(string propertyName)
         {
             return propertyName.StartsWith(""MSBUILD"") ||
                 propertyName.StartsWith(""COMPLUS_"") ||",0,0,1.0,1.0,replace_only,extraction_by_fenced_code_block,extraction_by_fenced_code_block,semantically_equivalent;content_mismatch;over_edit;under_edit;wrong_location;output_format_issue;truncation_suspected;uncertain,
gold_location_f1_1_exact_wrong,crn-009308,qwen2.5-coder:7b,direct_vs_gold_location,c," ensure_array_large_enough(int index, void **arr_, int *alloc, int default_alloc,
             return ERROR;
         }
 
-        if (newsize == 0) {
-            PyErr_NoMemory();
-            return ERROR;
-        }
         void *tmp = PyObject_Realloc(arr, newsize);
         if (tmp == NULL) {
             PyErr_NoMemory();",Is this possible? ," ensure_array_large_enough(int index, void **arr_, int *alloc, int default_alloc,
             return ERROR;
         }
 
+        assert(newsize > 0);
         void *tmp = PyObject_Realloc(arr, newsize);
         if (tmp == NULL) {
             PyErr_NoMemory();"," ensure_array_large_enough(int index, void **arr_, int *alloc, int default_alloc,
             return ERROR;
         }
 
+        if (newsize == 0) {
+            PyErr_NoMemory();
+            return ERROR;
+        }
         void *tmp = PyObject_Realloc(arr, newsize);
         if (tmp == NULL) {
             PyErr_NoMemory();"," ensure_array_large_enough(int index, void **arr_, int *alloc, int default_alloc,
             return ERROR;
         }
 

+        if (newsize == 0) {
+            return ERROR;
+        }

         void *tmp = PyObject_Realloc(arr, newsize);
         if (tmp == NULL) {
             PyErr_NoMemory();",0,0,1.0,1.0,replace_only,extraction_by_fenced_code_block,marker_echo;extraction_by_fenced_code_block,semantically_equivalent;content_mismatch;over_edit;under_edit;wrong_location;output_format_issue;truncation_suspected;uncertain,
gold_location_f1_1_exact_wrong,crn-009156,qwen2.5-coder:32b,direct_vs_gold_location,python," def cancel_install(self):
             QMessageBox.Yes, QMessageBox.No)
         if reply == QMessageBox.Yes:
             self.cancelled = True
-            self.cancell_thread_install_update()
             self.setup()
             self.accept()
             return True","```suggestion
            self.cancel_thread_install_update()
```

Sorry, I forgot to suggest this change in my previous review."," def cancel_install(self):
             QMessageBox.Yes, QMessageBox.No)
         if reply == QMessageBox.Yes:
             self.cancelled = True
+            self.cancel_thread_install_update()
             self.setup()
             self.accept()
             return True"," def cancel_install(self):
             QMessageBox.Yes, QMessageBox.No)
         if reply == QMessageBox.Yes:
             self.cancelled = True
+            self.cancel_thread_install_update()
             self.setup()
             self.accept()
             return True"," def cancel_install(self):
             QMessageBox.Yes, QMessageBox.No)
         if reply == QMessageBox.Yes:
             self.cancelled = True
             self.cancel_thread_install_update()
             self.setup()
             self.accept()
             return True",1,0,1.0,1.0,replace_only,extraction_by_fenced_code_block,extraction_by_fenced_code_block,semantically_equivalent;content_mismatch;over_edit;under_edit;wrong_location;output_format_issue;truncation_suspected;uncertain,
gold_location_f1_1_exact_wrong,crn-005953,qwen2.5-coder:7b,direct_vs_gold_location,cpp," DataWriterImpl::DataWriterImpl(
     , qos_(&qos == &DATAWRITER_QOS_DEFAULT ? publisher_->get_default_datawriter_qos() : qos)
     , listener_(listen)
     , history_(get_topic_attributes(qos_, *topic_, type_), type_->m_typeSize, qos_.endpoint().history_memory_policy,
-            [&](
                 const InstanceHandle_t& handle) -> void
             {
                 if (nullptr != listener_)","```suggestion
            [this](
```"," DataWriterImpl::DataWriterImpl(
     , qos_(&qos == &DATAWRITER_QOS_DEFAULT ? publisher_->get_default_datawriter_qos() : qos)
     , listener_(listen)
     , history_(get_topic_attributes(qos_, *topic_, type_), type_->m_typeSize, qos_.endpoint().history_memory_policy,
+            [this](
                 const InstanceHandle_t& handle) -> void
             {
                 if (nullptr != listener_)"," DataWriterImpl::DataWriterImpl(
     , qos_(&qos == &DATAWRITER_QOS_DEFAULT ? publisher_->get_default_datawriter_qos() : qos)
     , listener_(listen)
     , history_(get_topic_attributes(qos_, *topic_, type_), type_->m_typeSize, qos_.endpoint().history_memory_policy,
-            [&](
                 const InstanceHandle_t& handle) -> void
             {
                 if (nullptr != listener_)"," DataWriterImpl::DataWriterImpl(
     , qos_(&qos == &DATAWRITER_QOS_DEFAULT ? publisher_->get_default_datawriter_qos() : qos)
     , listener_(listen)
     , history_(get_topic_attributes(qos_, *topic_, type_), type_->m_typeSize, qos_.endpoint().history_memory_policy,
[GOLD_LOCATION_START id=""1"" tag=""replace"">
+            [this](

                 const InstanceHandle_t& handle) -> void
             {
                 if (nullptr != listener_)",0,0,0.0,1.0,replace_only,extraction_by_fenced_code_block,marker_echo;extraction_by_fenced_code_block,semantically_equivalent;content_mismatch;over_edit;under_edit;wrong_location;output_format_issue;truncation_suspected;uncertain,
gold_location_f1_1_exact_wrong,crn-012887,qwen2.5-coder:7b,direct_vs_gold_location,python," async def setup_again(*_: Any) -> None:
 
             await self._async_process_on_unload()
             return
-        except (asyncio.CancelledError, Exception):  # pylint: disable=broad-except
             _LOGGER.exception(
                 ""Error setting up entry %s for %s"", self.title, integration.domain
             )","So, if the goal is to prevent integration to kill HA, there are more things to catch.

For example, an integration could now also raise an `SystemExit`, which would kill HA.

Shouldn't this just catch all? And thus have used `BaseException` instead of `Exception` in the first place?

```suggestion
        except BaseException:  # pylint: disable=broad-except
```"," async def setup_again(*_: Any) -> None:
 
             await self._async_process_on_unload()
             return
+        # pylint: disable-next=broad-except
+        except (asyncio.CancelledError, SystemExit, Exception):
             _LOGGER.exception(
                 ""Error setting up entry %s for %s"", self.title, integration.domain
             )"," async def setup_again(*_: Any) -> None:
 
             await self._async_process_on_unload()
             return
-        except (asyncio.CancelledError, Exception):  # pylint: disable=broad-except
+        except BaseException:  # pylint: disable=broad-except
             _LOGGER.exception(
                 ""Error setting up entry %s for %s"", self.title, integration.domain
             )"," async def setup_again(*_: Any) -> None:
 
             await self._async_process_on_unload()
             return
        except BaseException:  # pylint: disable=broad-except
             _LOGGER.exception(
                 ""Error setting up entry %s for %s"", self.title, integration.domain
             )",0,0,1.0,1.0,replace_only,extraction_by_fenced_code_block,extraction_by_fenced_code_block,semantically_equivalent;content_mismatch;over_edit;under_edit;wrong_location;output_format_issue;truncation_suspected;uncertain,
gold_location_f1_1_exact_wrong,crn-001622,qwen2.5-coder:32b,direct_vs_gold_location,java," public void afterTextChanged(Editable editable) {
                     fileToUpload.add(filePath);
                     @NotNull Lazy<TransfersViewModel> transfersViewModelLazy = inject(TransfersViewModel.class);
                     TransfersViewModel transfersViewModel = transfersViewModelLazy.getValue();
-                    transfersViewModel.uploadFilesFromSystem(getAccount().name, fileToUpload, mUploadPath, null);
                     finish();
                 }
                 inputLayout.setErrorEnabled(error != null);","This one will fail when personal becomes an actual space in https://github.com/owncloud/android/issues/3919

To take care once when the PR is merged"," public void afterTextChanged(Editable editable) {
                     fileToUpload.add(filePath);
                     @NotNull Lazy<TransfersViewModel> transfersViewModelLazy = inject(TransfersViewModel.class);
                     TransfersViewModel transfersViewModel = transfersViewModelLazy.getValue();
+                    transfersViewModel.uploadFilesFromSystem(getAccount().name, fileToUpload, mUploadPath, mPersonalSpaceId);
                     finish();
                 }
                 inputLayout.setErrorEnabled(error != null);"," public void afterTextChanged(Editable editable) {
                     fileToUpload.add(filePath);
                     @NotNull Lazy<TransfersViewModel> transfersViewModelLazy = inject(TransfersViewModel.class);
                     TransfersViewModel transfersViewModel = transfersViewModelLazy.getValue();
-                    transfersViewModel.uploadFilesFromSystem(getAccount().name, fileToUpload, mUploadPath, null);
+                    transfersViewModel.uploadFilesFromSystem(Uri.encode(getAccount().name), fileToUpload, mUploadPath, null);
                     finish();
                 }
                 inputLayout.setErrorEnabled(error != null);"," public void afterTextChanged(Editable editable) {
                     fileToUpload.add(filePath);
                     @NotNull Lazy<TransfersViewModel> transfersViewModelLazy = inject(TransfersViewModel.class);
                     TransfersViewModel transfersViewModel = transfersViewModelLazy.getValue();
                     transfersViewModel.uploadFilesFromSystem(getAccount().name.trim(), fileToUpload, mUploadPath, null);
                     finish();
                 }
                 inputLayout.setErrorEnabled(error != null);",0,0,1.0,1.0,replace_only,extraction_by_fenced_code_block,extraction_by_fenced_code_block,semantically_equivalent;content_mismatch;over_edit;under_edit;wrong_location;output_format_issue;truncation_suspected;uncertain,
gold_location_f1_1_exact_wrong,crn-012980,qwen2.5-coder:32b,direct_vs_gold_location,java," public interface TaskGenerateHilla extends FallibleCommand {
      *            the project root directory. In a Maven multi-module project,
      *            this is the module root, not the main project one.
      * @param buildDirectoryName
-     *            the name of the build directory (i.e.&nbsp;""build"" or
      *            ""target"").
      */
     default void configure(File projectDirectory, String buildDirectoryName) {","I think HTML space entity is not needed
```suggestion
     *            the name of the build directory (i.e. ""build"" or
```"," public interface TaskGenerateHilla extends FallibleCommand {
      *            the project root directory. In a Maven multi-module project,
      *            this is the module root, not the main project one.
      * @param buildDirectoryName
+     *            the name of the build directory (i.e. ""build"" or
      *            ""target"").
      */
     default void configure(File projectDirectory, String buildDirectoryName) {"," public interface TaskGenerateHilla extends FallibleCommand {
      *            the project root directory. In a Maven multi-module project,
      *            this is the module root, not the main project one.
      * @param buildDirectoryName
      *            the name of the build directory (i.e.""build"" or
      *            ""target"").
      */
     default void configure(File projectDirectory, String buildDirectoryName) {"," public interface TaskGenerateHilla extends FallibleCommand {
      *            the project root directory. In a Maven multi-module project,
      *            this is the module root, not the main project one.
      * @param buildDirectoryName
     *            the name of the build directory (i.e.""build"" or
      *            ""target"").
      */
     default void configure(File projectDirectory, String buildDirectoryName) {",0,0,1.0,1.0,replace_only,extraction_by_fenced_code_block,extraction_by_fenced_code_block,semantically_equivalent;content_mismatch;over_edit;under_edit;wrong_location;output_format_issue;truncation_suspected;uncertain,
gold_location_f1_1_exact_wrong,crn-003077,qwen2.5-coder:7b,direct_vs_gold_location,scala," private[zio] object MetricClient {
     metricRegistry.snapshot()
 
   trait Listener {
-    def updateHistogram(key: MetricKey[MetricKeyType.Histogram], value: Double): UIO[Unit]
-    def updateGauge(key: MetricKey[MetricKeyType.Gauge], value: Double): UIO[Unit]
-    def updateFrequency(key: MetricKey[MetricKeyType.Frequency], value: String): UIO[Unit]
-    def updateSummary(key: MetricKey[MetricKeyType.Summary], value: (Double, java.time.Instant)): UIO[Unit]
-    def updateCounter(key: MetricKey[MetricKeyType.Counter], value: Double): UIO[Unit]
   }
 
 }",It's not recommended to put traits inside package objects.," private[zio] object MetricClient {
     metricRegistry.snapshot()
 
   trait Listener {
+    def updateHistogram(key: MetricKey[MetricKeyType.Histogram], value: Double): Unit
+    def updateGauge(key: MetricKey[MetricKeyType.Gauge], value: Double): Unit
+    def updateFrequency(key: MetricKey[MetricKeyType.Frequency], value: String): Unit
+    def updateSummary(key: MetricKey[MetricKeyType.Summary], value: (Double, java.time.Instant)): Unit
+    def updateCounter(key: MetricKey[MetricKeyType.Counter], value: Double): Unit
   }
 
 }"," private[zio] object MetricClient {
     metricRegistry.snapshot()
 
   trait Listener {
     def updateHistogram(key: MetricKey[MetricKeyType.Histogram], value: Double): UIO[Unit]
     def updateGauge(key: MetricKey[MetricKeyType.Gauge], value: Double): UIO[Unit]
     def updateFrequency(key: MetricKey[MetricKeyType.Frequency], value: String): UIO[Unit]
     def updateSummary(key: MetricKey[MetricKeyType.Summary], value: (Double, java.time.Instant)): UIO[Unit]
     def updateCounter(key: MetricKey[MetricKeyType.Counter], value: Double): UIO[Unit]
   }
 
 }"," private[zio] object MetricClient {
     metricRegistry.snapshot()
 
   trait Listener {
+    def updateHistogram(key: MetricKey[MetricKeyType.Histogram], value: Double): UIO[Unit]
+    def updateGauge(key: MetricKey[MetricKeyType.Gauge], value: Double): UIO[Unit]
+    def updateFrequency(key: MetricKey[MetricKeyType.Frequency], value: String): UIO[Unit]
+    def updateSummary(key: MetricKey[MetricKeyType.Summary], value: (Double, java.time.Instant)): UIO[Unit]
+    def updateCounter(key: MetricKey[MetricKeyType.Counter], value: Double): UIO[Unit]
   }
 
 }",0,0,1.0,1.0,replace_only,extraction_by_fenced_code_block,extraction_by_fenced_code_block,semantically_equivalent;content_mismatch;over_edit;under_edit;wrong_location;output_format_issue;truncation_suspected;uncertain,
gold_location_f1_1_exact_wrong,crn-012928,qwen2.5-coder:32b,direct_vs_gold_location,python," def is_numeric(self) -> bool:
         """"""Return true if the sensor is numeric.""""""
         if (
             self.state_class is not None
-            or self.unit_of_measurement is not None
             or self.native_precision is not None
         ):
             return True","I think this should use the native unit.
```suggestion
            or self.native_unit_of_measurement is not None
```"," def is_numeric(self) -> bool:
         """"""Return true if the sensor is numeric.""""""
         if (
             self.state_class is not None
+            or self.native_unit_of_measurement is not None
             or self.native_precision is not None
         ):
             return True"," def is_numeric(self) -> bool:
         """"""Return true if the sensor is numeric.""""""
         if (
             self.state_class is not None
+            or self.native_unit_of_measurement is not None
             or self.native_precision is not None
         ):
             return True"," def is_numeric(self) -> bool:
         """"""Return true if the sensor is numeric.""""""
         if (
             self.state_class is not None
            or self.native_unit_of_measurement is not None
             or self.native_precision is not None
         ):
             return True",1,0,1.0,1.0,replace_only,extraction_by_fenced_code_block,extraction_by_fenced_code_block,semantically_equivalent;content_mismatch;over_edit;under_edit;wrong_location;output_format_issue;truncation_suspected;uncertain,
gold_location_f1_1_exact_wrong,crn-001972,qwen2.5-coder:32b,direct_vs_gold_location,kotlin," internal class MainActivity :
     ) { isPermissionGranted: Boolean ->
         if (!isPermissionGranted) {
             showToast(applicationContext.getString(R.string.chucker_notifications_permission_not_granted))
-            Logger.error(""Notification permission denied. Can`t show transactions info"")
         }
     }
 ","```suggestion
            Logger.error(""Notification permission denied. Can't show transactions info"")
```"," internal class MainActivity :
     ) { isPermissionGranted: Boolean ->
         if (!isPermissionGranted) {
             showToast(applicationContext.getString(R.string.chucker_notifications_permission_not_granted))
+            Logger.error(""Notification permission denied. Can't show transactions info"")
         }
     }
 "," internal class MainActivity :
     ) { isPermissionGranted: Boolean ->
         if (!isPermissionGranted) {
             showToast(applicationContext.getString(R.string.chucker_notifications_permission_not_granted))
            Logger.error(""Notification permission denied. Can't show transactions info"")
         }
     }
 "," internal class MainActivity :
     ) { isPermissionGranted: Boolean ->
         if (!isPermissionGranted) {
             showToast(applicationContext.getString(R.string.chucker_notifications_permission_not_granted))
            Logger.error(""Notification permission denied. Can't show transactions info"")
         }
     }
 ",0,0,1.0,1.0,replace_only,extraction_by_fenced_code_block,extraction_by_fenced_code_block,semantically_equivalent;content_mismatch;over_edit;under_edit;wrong_location;output_format_issue;truncation_suspected;uncertain,
gold_location_f1_1_exact_wrong,crn-006675,qwen2.5-coder:32b,direct_vs_gold_location,php," public function handleRequest(Params $params)
         ];
         foreach ($requests as $request) {
             if (!empty($request['available'])) {
-                $status['available'] += 1;
             } elseif (!empty($request['in_transit'])) {
-                $status['in_transit'] += 1;
             } else {
-                $status['other'] += 1;
             }
         }
         return $this->formatResponse($status);","Tiny nitpick, but we could use `++` instead of all these `+= 1` as a slight optimization. :-)"," public function handleRequest(Params $params)
         ];
         foreach ($requests as $request) {
             if (!empty($request['available'])) {
+                $status['available'] ++;
             } elseif (!empty($request['in_transit'])) {
+                $status['in_transit'] ++;
             } else {
+                $status['other'] ++;
             }
         }
         return $this->formatResponse($status);"," public function handleRequest(Params $params)
         ];
         foreach ($requests as $request) {
             if (!empty($request['available'])) {
+                $status['available']++;
             } elseif (!empty($request['in_transit'])) {
+                $status['in_transit']++;
             } else {
+                $status['other']++;
             }
         }
         return $this->formatResponse($status);"," public function handleRequest(Params $params)
         ];
         foreach ($requests as $request) {
             if (!empty($request['available'])) {
                 $status['available']++;
             } elseif (!empty($request['in_transit'])) {
                 $status['in_transit']++;
             } else {
                 $status['other']++;
             }
         }
         return $this->formatResponse($status);",0,0,1.0,1.0,replace_only,extraction_by_fenced_code_block,extraction_by_fenced_code_block,semantically_equivalent;content_mismatch;over_edit;under_edit;wrong_location;output_format_issue;truncation_suspected;uncertain,
gold_location_f1_1_exact_wrong,crn-002926,qwen2.5-coder:7b,direct_vs_gold_location,sql," SOURCE /usr/local/pf/db/upgrade-11.2-12.0-tenant.sql;
 DROP PROCEDURE IF EXISTS ValidateVersion;
 
 ALTER TABLE security_event
-   DROP CONSTRAINT IF EXISTS security_event_tenant_id;
 ALTER TABLE security_event
    DROP CONSTRAINT IF EXISTS `tenant_id_mac_fkey_node`;
 ALTER TABLE security_event",There is no backticks here.," SOURCE /usr/local/pf/db/upgrade-11.2-12.0-tenant.sql;
 DROP PROCEDURE IF EXISTS ValidateVersion;
 
 ALTER TABLE security_event
+   DROP CONSTRAINT IF EXISTS `security_event_tenant_id`;
 ALTER TABLE security_event
    DROP CONSTRAINT IF EXISTS `tenant_id_mac_fkey_node`;
 ALTER TABLE security_event"," SOURCE /usr/local/pf/db/upgrade-11.2-12.0-tenant.sql;
 DROP PROCEDURE IF EXISTS ValidateVersion;
 
 ALTER TABLE security_event
   DROP CONSTRAINT IF EXISTS `security_event_tenant_id`;
 ALTER TABLE security_event
    DROP CONSTRAINT IF EXISTS `tenant_id_mac_fkey_node`;
 ALTER TABLE security_event"," SOURCE /usr/local/pf/db/upgrade-11.2-12.0-tenant.sql;
 DROP PROCEDURE IF EXISTS ValidateVersion;
 
 ALTER TABLE security_event

+   DROP CONSTRAINT IF EXISTS `security_event_tenant_id`;

 ALTER TABLE security_event
    DROP CONSTRAINT IF EXISTS `tenant_id_mac_fkey_node`;
 ALTER TABLE security_event",0,0,1.0,1.0,replace_only,extraction_by_fenced_code_block,marker_echo;extraction_by_fenced_code_block,semantically_equivalent;content_mismatch;over_edit;under_edit;wrong_location;output_format_issue;truncation_suspected;uncertain,
gold_location_f1_1_exact_wrong,crn-009379,qwen2.5-coder:32b,direct_vs_gold_location,c," dummy_func(
             _Py_DECREF_SPECIALIZED(left, _PyUnicode_ExactDealloc);
             _Py_DECREF_SPECIALIZED(right, _PyUnicode_ExactDealloc);
             assert(res == 0 || res == 1);
-            assert((oparg & 15) == 7 || (oparg & 15) == 8);
-            jump = (res + 7) & oparg;
         }
 
         super(COMPARE_OP_STR_JUMP) = _COMPARE_OP_STR + _JUMP_IF;","```suggestion
            assert((oparg & 0xF) == 7 || (oparg & 0xF) == 8);
```"," dummy_func(
             _Py_DECREF_SPECIALIZED(left, _PyUnicode_ExactDealloc);
             _Py_DECREF_SPECIALIZED(right, _PyUnicode_ExactDealloc);
             assert(res == 0 || res == 1);
+            assert((oparg & 0xf) == COMPARISON_NOT_EQUALS || (oparg & 0xf) == COMPARISON_EQUALS);
+            assert(COMPARISON_NOT_EQUALS + 1 == COMPARISON_EQUALS);
+            jump = (res + COMPARISON_NOT_EQUALS) & oparg;
         }
 
         super(COMPARE_OP_STR_JUMP) = _COMPARE_OP_STR + _JUMP_IF;"," dummy_func(
             _Py_DECREF_SPECIALIZED(left, _PyUnicode_ExactDealloc);
             _Py_DECREF_SPECIALIZED(right, _PyUnicode_ExactDealloc);
             assert(res == 0 || res == 1);
+            assert((oparg & 0xF) == 7 || (oparg & 0xF) == 8);
-            jump = (res + 7) & oparg;
         }
 
         super(COMPARE_OP_STR_JUMP) = _COMPARE_OP_STR + _JUMP_IF;"," dummy_func(
             _Py_DECREF_SPECIALIZED(left, _PyUnicode_ExactDealloc);
             _Py_DECREF_SPECIALIZED(right, _PyUnicode_ExactDealloc);
             assert(res == 0 || res == 1);
            assert((oparg & 0xF) == 7 || (oparg & 0xF) == 8);
            jump = (res + 7) & oparg;
         }
 
         super(COMPARE_OP_STR_JUMP) = _COMPARE_OP_STR + _JUMP_IF;",0,0,0.6666666666666666,1.0,replace_only,wrapper_text;extraction_by_fenced_code_block,extraction_by_fenced_code_block,semantically_equivalent;content_mismatch;over_edit;under_edit;wrong_location;output_format_issue;truncation_suspected;uncertain,
gold_location_f1_1_exact_wrong,crn-004271,deepseek-coder:6.7b,direct_vs_gold_location,python," def parse_data_info(self, raw_data_info: dict) -> Union[dict, List[dict]]:
         else:
             seg_map_path = None
         data_info['img_path'] = img_path
-        data_info['file_name'] = img_info['file_name']
         data_info['img_id'] = img_info['img_id']
         data_info['seg_map_path'] = seg_map_path
         data_info['height'] = img_info['height']",file_name should be unnecessary since img_path already indicated that.," def parse_data_info(self, raw_data_info: dict) -> Union[dict, List[dict]]:
         else:
             seg_map_path = None
         data_info['img_path'] = img_path
         data_info['img_id'] = img_info['img_id']
         data_info['seg_map_path'] = seg_map_path
         data_info['height'] = img_info['height']"," def parse_data_info(self, raw_data_info: dict) -> Union[dict, List[dict]]:
         else:
             seg_map_path = None
         data_info['img_path'] = img_path
-        del data_info['file_name']
+        # data_info.pop('file_name', None)  # if 'file_name' not in data_info, do nothing
         data_info['img_id'] = img_info['img_id']
         data_info['seg_map_path'] = seg_map_path
         data_info['height'] = img_info['height']"," def parse_data_info(self, raw_data_info: dict) -> Union[dict, List[dict]]:
         else:
             seg_map_path = None
         data_info['img_path'] = img_path
         data_info['file_name'] = img_info['file_name']
         data_info['img_id'] = img_info['img_id']
         data_info['seg_map_path'] = seg_map_path
         data_info['height'] = img_info['height']",0,0,1.0,1.0,delete_only,extraction_by_fenced_code_block,extraction_by_fenced_code_block,semantically_equivalent;content_mismatch;over_edit;under_edit;wrong_location;output_format_issue;truncation_suspected;uncertain,
gold_location_f1_1_exact_wrong,crn-000839,qwen2.5-coder:7b,direct_vs_gold_location,swift," protocol SessionsProvider {
 
     super.init()
 
-    self.settings.fetchAndCacheSettings(currentTime: Date())
 
     self.initiator.beginListening {
       self.identifiers.generateNewSessionID()","Yeah to Visu's point, we probably want this to attempt each time a session starts. We can do this by just moving this call to beginListening"," protocol SessionsProvider {
 
     super.init()
 
+    self.settings.fetchAndCacheSettings()
 
     self.initiator.beginListening {
       self.identifiers.generateNewSessionID()","protocol SessionsProvider {
    
    super.init()
    
    self.initiator.beginListening {
        self.settings.fetchAndCacheSettings(currentTime: Date())
        self.identifiers.generateNewSessionID()
    }
}"," protocol SessionsProvider {
 
     super.init()
 

    self.settings.fetchAndCacheSettings(currentTime: Date())

 
     self.initiator.beginListening {
       self.identifiers.generateNewSessionID()",0,0,0.2222222222222222,1.0,replace_only,extraction_by_fenced_code_block,marker_echo;extraction_by_fenced_code_block,semantically_equivalent;content_mismatch;over_edit;under_edit;wrong_location;output_format_issue;truncation_suspected;uncertain,
gold_location_f1_1_exact_wrong,crn-009162,qwen2.5-coder:7b,direct_vs_gold_location,python," def _check_updates_ready(self):
             if update_available:
                 self.application_update_status.set_status_pending()
 
-                header = _(""<b>Spyder {} is available!</b> "",
                            ""<i>(you have {})</i><br><br>"").format(
                     latest_release, __version__)
                 footer = _(","Remove extra comma:
```suggestion
                header = _(""<b>Spyder {} is available!</b> ""
```"," def _check_updates_ready(self):
             if update_available:
                 self.application_update_status.set_status_pending()
 
+                header = _(""<b>Spyder {} is available!</b> ""
                            ""<i>(you have {})</i><br><br>"").format(
                     latest_release, __version__)
                 footer = _("," def _check_updates_ready(self):
             if update_available:
                 self.application_update_status.set_status_pending()
 
-                header = _(""<b>Spyder {} is available!</b> ""
+                header = _(""<b>Spyder {} is available!</b>"".format(
                     latest_release, __version__)
                 footer = _("," def _check_updates_ready(self):
             if update_available:
                 self.application_update_status.set_status_pending()
 
                header = _(""<b>Spyder {} is available!</b> ""
                            ""<i>(you have {})</i><br><br>"").format(
                     latest_release, __version__)
                 footer = _(",0,0,0.6666666666666666,1.0,replace_only,extraction_by_fenced_code_block,extraction_by_fenced_code_block,semantically_equivalent;content_mismatch;over_edit;under_edit;wrong_location;output_format_issue;truncation_suspected;uncertain,
gold_location_f1_1_exact_wrong,crn-004091,qwen2.5-coder:7b,direct_vs_gold_location,go," import (
 	""golang.org/x/net/context""
 )
 
-const listEntriesRequestPageSize = 1000
 
 // NewShowCommand creates a new ""show"" subcommand for ""entry"" command.
 func NewShowCommand() cli.Command {",I do not understand what size should be defined...," import (
 	""golang.org/x/net/context""
 )
 
+const listEntriesRequestPageSize = 500
 
 // NewShowCommand creates a new ""show"" subcommand for ""entry"" command.
 func NewShowCommand() cli.Command {"," import (
 	""golang.org/x/net/context""
 )
 
+const listEntriesRequestPageSize = 1000 // Define the size as needed
 
 // NewShowCommand creates a new ""show"" subcommand for ""entry"" command.
 func NewShowCommand() cli.Command {"," import (
 	""golang.org/x/net/context""
 )
 
const listEntriesRequestPageSize = 1000 // Define a reasonable page size for list entries request
 
 // NewShowCommand creates a new ""show"" subcommand for ""entry"" command.
 func NewShowCommand() cli.Command {",0,0,1.0,1.0,replace_only,extraction_by_fenced_code_block,extraction_by_fenced_code_block,semantically_equivalent;content_mismatch;over_edit;under_edit;wrong_location;output_format_issue;truncation_suspected;uncertain,
gold_location_f1_1_exact_wrong,crn-011999,qwen2.5-coder:7b,direct_vs_gold_location,cpp," namespace energyplus {
     std::vector<AirConditionerVariableRefrigerantFlowFluidTemperatureControl> vrfftcs =
       model.getConcreteModelObjects<AirConditionerVariableRefrigerantFlowFluidTemperatureControl>();
     std::sort(vrfftcs.begin(), vrfftcs.end(), WorkspaceObjectNameLess());
-    for (AirConditionerVariableRefrigerantFlowFluidTemperatureControl vrfftc : vrfftcs) {
       translateAndMapModelObject(vrfftc);
     }
 
     // get AirConditionerVariableRefrigerantFlowFluidTemperatureControlHR objects in sorted order
     std::vector<AirConditionerVariableRefrigerantFlowFluidTemperatureControlHR> vrfftchrs =
       model.getConcreteModelObjects<AirConditionerVariableRefrigerantFlowFluidTemperatureControlHR>();
     std::sort(vrfftchrs.begin(), vrfftchrs.end(), WorkspaceObjectNameLess());
-    for (AirConditionerVariableRefrigerantFlowFluidTemperatureControlHR vrfftchr : vrfftchrs) {
       translateAndMapModelObject(vrfftchr);
     }
 ","I know you're copying above, but to avoid having to do another pass ocne #4532 is merged, please take a reference here

```suggestion
    for (auto& vrfftc : vrfftcs) {
```"," namespace energyplus {
     std::vector<AirConditionerVariableRefrigerantFlowFluidTemperatureControl> vrfftcs =
       model.getConcreteModelObjects<AirConditionerVariableRefrigerantFlowFluidTemperatureControl>();
     std::sort(vrfftcs.begin(), vrfftcs.end(), WorkspaceObjectNameLess());
+    for (auto& vrfftc : vrfftcs) {
       translateAndMapModelObject(vrfftc);
     }
 
     // get AirConditionerVariableRefrigerantFlowFluidTemperatureControlHR objects in sorted order
     std::vector<AirConditionerVariableRefrigerantFlowFluidTemperatureControlHR> vrfftchrs =
       model.getConcreteModelObjects<AirConditionerVariableRefrigerantFlowFluidTemperatureControlHR>();
     std::sort(vrfftchrs.begin(), vrfftchrs.end(), WorkspaceObjectNameLess());
+    for (auto& vrfftchr : vrfftchrs) {
       translateAndMapModelObject(vrfftchr);
     }
 ","namespace energyplus {
    std::vector<AirConditionerVariableRefrigerantFlowFluidTemperatureControl> vrfftcs =
      model.getConcreteModelObjects<AirConditionerVariableRefrigerantFlowFluidTemperatureControl>();
    std::sort(vrfftcs.begin(), vrfftcs.end(), WorkspaceObjectNameLess());
+   for (auto& vrfftc : vrfftcs) {
        translateAndMapModelObject(vrfftc);
      }
 
    // get AirConditionerVariableRefrigerantFlowFluidTemperatureControlHR objects in sorted order
    std::vector<AirConditionerVariableRefrigerantFlowFluidTemperatureControlHR> vrfftchrs =
      model.getConcreteModelObjects<AirConditionerVariableRefrigerantFlowFluidTemperatureControlHR>();
    std::sort(vrfftchrs.begin(), vrfftchrs.end(), WorkspaceObjectNameLess());
+   for (auto& vrfftchr : vrfftchrs) {
        translateAndMapModelObject(vrfftchr);
      }
 "," namespace energyplus {
     std::vector<AirConditionerVariableRefrigerantFlowFluidTemperatureControl> vrfftcs =
       model.getConcreteModelObjects<AirConditionerVariableRefrigerantFlowFluidTemperatureControl>();
     std::sort(vrfftcs.begin(), vrfftcs.end(), WorkspaceObjectNameLess());
     for (auto& vrfftc : vrfftcs) {
       translateAndMapModelObject(vrfftc);
     }
 
     // get AirConditionerVariableRefrigerantFlowFluidTemperatureControlHR objects in sorted order
     std::vector<AirConditionerVariableRefrigerantFlowFluidTemperatureControlHR> vrfftchrs =
       model.getConcreteModelObjects<AirConditionerVariableRefrigerantFlowFluidTemperatureControlHR>();
     std::sort(vrfftchrs.begin(), vrfftchrs.end(), WorkspaceObjectNameLess());
     for (auto& vrfftchr : vrfftchrs) {
       translateAndMapModelObject(vrfftchr);
     }
 ",0,0,0.25,1.0,replace_only,extraction_by_fenced_code_block,extraction_by_fenced_code_block,semantically_equivalent;content_mismatch;over_edit;under_edit;wrong_location;output_format_issue;truncation_suspected;uncertain,
gold_location_f1_1_exact_wrong,crn-002046,qwen2.5-coder:32b,direct_vs_gold_location,kotlin," class ReportBreakageCategorySingleChoiceActivity : DuckDuckGoActivity() {
         val category =
             viewState.categorySelected?.let { getString(viewState.categorySelected.category) }.orEmpty()
         binding.categoriesSelection.setText(category)
-        if (viewState.indexSelected == 8) binding.otherCategoryDescription.visibility = View.VISIBLE else View.GONE
         binding.ctaNextFormSubmit.isEnabled = viewState.submitAllowed
 
     }","Small change here as the visibility doesn't change to GONE after is made VISIBLE:

`binding.otherCategoryDescription.visibility = if (viewState.indexSelected == 8) View.VISIBLE else View.GONE`"," class ReportBreakageCategorySingleChoiceActivity : DuckDuckGoActivity() {
         val category =
             viewState.categorySelected?.let { getString(viewState.categorySelected.category) }.orEmpty()
         binding.categoriesSelection.setText(category)
+        binding.otherCategoryDescription.visibility = if (viewState.indexSelected == 8) View.VISIBLE else View.GONE
         binding.ctaNextFormSubmit.isEnabled = viewState.submitAllowed
 
     }"," class ReportBreakageCategorySingleChoiceActivity : DuckDuckGoActivity() {
         val category =
             viewState.categorySelected?.let { getString(viewState.categorySelected.category) }.orEmpty()
         binding.categoriesSelection.setText(category)
+        binding.otherCategoryDescription.visibility = if (viewState.indexSelected == 8) View.VISIBLE else View.GONE
         binding.ctaNextFormSubmit.isEnabled = viewState.submitAllowed
 
     }"," class ReportBreakageCategorySingleChoiceActivity : DuckDuckGoActivity() {
         val category =
             viewState.categorySelected?.let { getString(viewState.categorySelected.category) }.orEmpty()
         binding.categoriesSelection.setText(category)
        binding.otherCategoryDescription.visibility = if (viewState.indexSelected == 8) View.VISIBLE else View.GONE
         binding.ctaNextFormSubmit.isEnabled = viewState.submitAllowed
 
     }",1,0,1.0,1.0,replace_only,extraction_by_fenced_code_block,extraction_by_fenced_code_block,semantically_equivalent;content_mismatch;over_edit;under_edit;wrong_location;output_format_issue;truncation_suspected;uncertain,
gold_location_f1_1_exact_wrong,crn-001082,qwen2.5-coder:7b,direct_vs_gold_location,kotlin," open class Reviewer : AbstractFlashcardViewer() {
         undoIcon.setEnabled(undoEnabled).iconAlpha = alphaUndo
         undoIcon.actionView!!.isEnabled = undoEnabled
         if (colIsOpen()) { // Required mostly because there are tests where `col` is null
-            if (mShowWhiteboard && whiteboard != null && whiteboard!!.isUndoModeActive) {
                 // Show undo title for whiteboard mode
                 // We arrive here if the first stroke for whiteboard is done.
                 // We stay here even if the first stroke is undone.",I believe `whiteboard?.isUndoModeActive == true` would be a tad more idiomatic," open class Reviewer : AbstractFlashcardViewer() {
         undoIcon.setEnabled(undoEnabled).iconAlpha = alphaUndo
         undoIcon.actionView!!.isEnabled = undoEnabled
         if (colIsOpen()) { // Required mostly because there are tests where `col` is null
+            if (undoIconId == R.drawable.eraser) {
                 // Show undo title for whiteboard mode
                 // We arrive here if the first stroke for whiteboard is done.
                 // We stay here even if the first stroke is undone."," open class Reviewer : AbstractFlashcardViewer() {
         undoIcon.setEnabled(undoEnabled).iconAlpha = alphaUndo
         undoIcon.actionView!!.isEnabled = undoEnabled
         if (colIsOpen()) { // Required mostly because there are tests where `col` is null
-            if (mShowWhiteboard && whiteboard != null && whiteboard!!.isUndoModeActive) {
+            if (mShowWhiteboard && whiteboard?.isUndoModeActive == true) {
                 // Show undo title for whiteboard mode
                 // We arrive here if the first stroke for whiteboard is done.
                 // We stay here even if the first stroke is undone."," open class Reviewer : AbstractFlashcardViewer() {
         undoIcon.setEnabled(undoEnabled).iconAlpha = alphaUndo
         undoIcon.actionView!!.isEnabled = undoEnabled
         if (colIsOpen()) { // Required mostly because there are tests where `col` is null

-            if (mShowWhiteboard && whiteboard?.isUndoModeActive == true) {

                 // Show undo title for whiteboard mode
                 // We arrive here if the first stroke for whiteboard is done.
                 // We stay here even if the first stroke is undone.",0,0,1.0,1.0,replace_only,extraction_by_fenced_code_block,marker_echo;extraction_by_fenced_code_block,semantically_equivalent;content_mismatch;over_edit;under_edit;wrong_location;output_format_issue;truncation_suspected;uncertain,
gold_location_f1_1_exact_wrong,crn-003970,qwen2.5-coder:7b,direct_vs_gold_location,scala," object Input {
       Input(copied, i.route)
     }
 
-    def apply[F[_]: Dispatcher, S[_[_], _], A](s: S[F, A])(implicit
         S: EncodeStream.Aux[F, S, A, CT],
         W: Witness.Aux[CT]
-    ): Input = apply[F, S, A](s, StandardCharsets.UTF_8)
 
-    def apply[F[_], S[_[_], _], A](s: S[F, A], charset: Charset)(implicit
-        F: Dispatcher[F],
         S: EncodeStream.Aux[F, S, A, CT],
         W: Witness.Aux[CT]
     ): Input = {
-      val content = F.unsafeRunSync(S(s, charset))
       val copied = copyRequestWithReader(i.request, content)
 
       copied.setChunked(true)",Should we make that one explicit as well?," object Input {
       Input(copied, i.route)
     }
 
+    def apply[F[_], S[_[_], _], A](s: S[F, A], dispatcher: Dispatcher[F])(implicit
         S: EncodeStream.Aux[F, S, A, CT],
         W: Witness.Aux[CT]
+    ): Input = apply[F, S, A](s, StandardCharsets.UTF_8, dispatcher)
 
+    def apply[F[_], S[_[_], _], A](s: S[F, A], charset: Charset, dispatcher: Dispatcher[F])(implicit
         S: EncodeStream.Aux[F, S, A, CT],
         W: Witness.Aux[CT]
     ): Input = {
+      val content = dispatcher.unsafeRunSync(S(s, charset))
       val copied = copyRequestWithReader(i.request, content)
 
       copied.setChunked(true)"," object Input {
       Input(copied, i.route)
     }
 
-    def apply[F[_]: Dispatcher, S[_[_], _], A](s: S[F, A])(implicit
         S: EncodeStream.Aux[F, S, A, CT],
         W: Witness.Aux[CT]
-    ): Input = apply[F, S, A](s, StandardCharsets.UTF_8)
 
-    def apply[F[_], S[_[_], _], A](s: S[F, A], charset: Charset)(implicit
-        F: Dispatcher[F],
         S: EncodeStream.Aux[F, S, A, CT],
         W: Witness.Aux[CT]
     ): Input = {
-      val content = F.unsafeRunSync(S(s, charset))
       val copied = copyRequestWithReader(i.request, content)
 
       copied.setChunked(true)"," object Input {
       Input(copied, i.route)
     }
 
    def apply[F[_]: Dispatcher, S[_[_], _], A](s: S[F, A])(implicit
         S: EncodeStream.Aux[F, S, A, CT],
         W: Witness.Aux[CT]
    ): Input = apply[F, S, A](s, StandardCharsets.UTF_8)
 
    def apply[F[_], S[_[_], _], A](s: S[F, A], charset: Charset)(implicit
        F: Dispatcher[F],
         S: EncodeStream.Aux[F, S, A, CT],
         W: Witness.Aux[CT]
     ): Input = {
      val content = F.unsafeRunSync(S(s, charset))
       val copied = copyRequestWithReader(i.request, content)
 
       copied.setChunked(true)",0,0,0.0,1.0,replace_only,extraction_by_fenced_code_block,extraction_by_fenced_code_block,semantically_equivalent;content_mismatch;over_edit;under_edit;wrong_location;output_format_issue;truncation_suspected;uncertain,
gold_location_f1_1_exact_wrong,crn-011795,qwen2.5-coder:7b,direct_vs_gold_location,java," interface Builder {
         Builder addJson(String attributeName, String json);
 
         /**
-         * Appends an attribute of name attributeName with specified value of the give EnhancedDocument.
          * @param attributeName Name of the attribute that needs to be added in the Document.
          * @param enhancedDocument that needs to be added as a value to a key attribute.
          * @return Builder instance to construct a {@link EnhancedDocument}",Does this method add a nested document to the builder?," interface Builder {
         Builder addJson(String attributeName, String json);
 
         /**
+         * Appends an attribute of name attributeName with specified value of the given EnhancedDocument.
          * @param attributeName Name of the attribute that needs to be added in the Document.
          * @param enhancedDocument that needs to be added as a value to a key attribute.
          * @return Builder instance to construct a {@link EnhancedDocument}"," interface Builder {
         Builder addJson(String attributeName, String json);
 
         /**
+         * Appends an attribute of name attributeName with specified value of the given EnhancedDocument.
          * @param attributeName Name of the attribute that needs to be added in the Document.
          * @param enhancedDocument that needs to be added as a value to a key attribute.
          * @return Builder instance to construct a {@link EnhancedDocument}"," interface Builder {
         Builder addJson(String attributeName, String json);
 
         /**
          * Appends an attribute of name attributeName with specified value of the given EnhancedDocument.
          * @param attributeName Name of the attribute that needs to be added in the Document.
          * @param enhancedDocument that needs to be added as a value to a key attribute.
          * @return Builder instance to construct a {@link EnhancedDocument}",1,0,1.0,1.0,replace_only,extraction_by_fenced_code_block,extraction_by_fenced_code_block,semantically_equivalent;content_mismatch;over_edit;under_edit;wrong_location;output_format_issue;truncation_suspected;uncertain,
gold_location_f1_1_exact_wrong,crn-009929,qwen2.5-coder:32b,direct_vs_gold_location,javascript," class Bar extends UI5Element {
 		// Next row is specific for IE11. Please remove after stop support and edit css file
 		[...this.startContent, ...this.middleContent, ...this.endContent].forEach(element => element.classList.add(""ui5-bar-content""));
 
-		this.startContent.forEach(x => { ResizeHandler.deregister(x, this._handleResizeBound); }, this);
-		this.middleContent.forEach(x => { ResizeHandler.deregister(x, this._handleResizeBound); }, this);
-		this.endContent.forEach(x => { ResizeHandler.deregister(x, this._handleResizeBound); }, this);
 	}
 
 	onAfterRendering() {
-		this.startContent.forEach(x => { ResizeHandler.register(x, this._handleResizeBound); }, this);
-		this.middleContent.forEach(x => { ResizeHandler.register(x, this._handleResizeBound); }, this);
-		this.endContent.forEach(x => { ResizeHandler.register(x, this._handleResizeBound); }, this);
 	}
 
 	onEnterDOM() {",Can we use more meaningful variable name for the content items.," class Bar extends UI5Element {
 		// Next row is specific for IE11. Please remove after stop support and edit css file
 		[...this.startContent, ...this.middleContent, ...this.endContent].forEach(element => element.classList.add(""ui5-bar-content""));
 
+		this.startContent.forEach(slotItem => { ResizeHandler.deregister(slotItem, this._handleResizeBound); }, this);
+		this.middleContent.forEach(slotItem => { ResizeHandler.deregister(slotItem, this._handleResizeBound); }, this);
+		this.endContent.forEach(slotItem => { ResizeHandler.deregister(slotItem, this._handleResizeBound); }, this);
 	}
 
 	onAfterRendering() {
+		this.startContent.forEach(slotItem => { ResizeHandler.register(slotItem, this._handleResizeBound); }, this);
+		this.middleContent.forEach(slotItem => { ResizeHandler.register(slotItem, this._handleResizeBound); }, this);
+		this.endContent.forEach(slotItem => { ResizeHandler.register(slotItem, this._handleResizeBound); }, this);
 	}
 
 	onEnterDOM() {"," class Bar extends UI5Element {
 		// Next row is specific for IE11. Please remove after stop support and edit css file
 		[...this.startContent, ...this.middleContent, ...this.endContent].forEach(element => element.classList.add(""ui5-bar-content""));
 
-		this.startContent.forEach(contentItem => { ResizeHandler.deregister(contentItem, this._handleResizeBound); }, this);
-		this.middleContent.forEach(contentItem => { ResizeHandler.deregister(contentItem, this._handleResizeBound); }, this);
-		this.endContent.forEach(contentItem => { ResizeHandler.deregister(contentItem, this._handleResizeBound); }, this);
 	}
 
 	onAfterRendering() {
-		this.startContent.forEach(contentItem => { ResizeHandler.register(contentItem, this._handleResizeBound); }, this);
-		this.middleContent.forEach(contentItem => { ResizeHandler.register(contentItem, this._handleResizeBound); }, this);
-		this.endContent.forEach(contentItem => { ResizeHandler.register(contentItem, this._handleResizeBound); }, this);
 	}
 
 	onEnterDOM() {"," class Bar extends UI5Element {
 		// Next row is specific for IE11. Please remove after stop support and edit css file
 		[...this.startContent, ...this.middleContent, ...this.endContent].forEach(element => element.classList.add(""ui5-bar-content""));
 
		this.startContent.forEach(contentItem => { ResizeHandler.deregister(contentItem, this._handleResizeBound); }, this);
		this.middleContent.forEach(contentItem => { ResizeHandler.deregister(contentItem, this._handleResizeBound); }, this);
		this.endContent.forEach(contentItem => { ResizeHandler.deregister(contentItem, this._handleResizeBound); }, this);

 	}
 
 	onAfterRendering() {
		this.startContent.forEach(contentItem => { ResizeHandler.register(contentItem, this._handleResizeBound); }, this);
		this.middleContent.forEach(contentItem => { ResizeHandler.register(contentItem, this._handleResizeBound); }, this);
		this.endContent.forEach(contentItem => { ResizeHandler.register(contentItem, this._handleResizeBound); }, this);
 	}
 
 	onEnterDOM() {",0,0,1.0,1.0,replace_only,extraction_by_fenced_code_block,extraction_by_fenced_code_block,semantically_equivalent;content_mismatch;over_edit;under_edit;wrong_location;output_format_issue;truncation_suspected;uncertain,
gold_location_f1_1_exact_wrong,crn-004369,qwen2.5-coder:7b,direct_vs_gold_location,go," func TestInstrumentationWithRedirect(t *testing.T) {
 	logger := client.Logger(""test-redirect-output"", logging.RedirectAsJSON(buffer))
 	iiStatus := internal.IngestInstrumentation()
 	internal.SetIngestInstrumentation(true)
-	for i, _ := range want {
 		buffer.Reset()
 		err := logger.LogSync(context.TODO(), *entry)
 		if err != nil {",nit: can remove second return value completly from range instead of using underscore.," func TestInstrumentationWithRedirect(t *testing.T) {
 	logger := client.Logger(""test-redirect-output"", logging.RedirectAsJSON(buffer))
 	iiStatus := internal.IngestInstrumentation()
 	internal.SetIngestInstrumentation(true)
+	for i := range want {
 		buffer.Reset()
 		err := logger.LogSync(context.TODO(), *entry)
 		if err != nil {","func TestInstrumentationWithRedirect(t *testing.T) {
	logger := client.Logger(""test-redirect-output"", logging.RedirectAsJSON(buffer))
	iiStatus := internal.IngestInstrumentation()
	internal.SetIngestInstrumentation(true)
	for i := range want {
		buffer.Reset()
		err := logger.LogSync(context.TODO(), *entry)
		if err != nil {"," func TestInstrumentationWithRedirect(t *testing.T) {
 	logger := client.Logger(""test-redirect-output"", logging.RedirectAsJSON(buffer))
 	iiStatus := internal.IngestInstrumentation()
 	internal.SetIngestInstrumentation(true)

 	for i := range want {

 		buffer.Reset()
 		err := logger.LogSync(context.TODO(), *entry)
 		if err != nil {",0,0,0.2222222222222222,1.0,replace_only,extraction_by_fenced_code_block,marker_echo;extraction_by_fenced_code_block,semantically_equivalent;content_mismatch;over_edit;under_edit;wrong_location;output_format_issue;truncation_suspected;uncertain,
gold_location_f1_1_exact_wrong,crn-006780,qwen2.5-coder:7b,direct_vs_gold_location,go," func (s *Service) queueJobReqToJob(
 			if err != nil {
 				log.Error(""error populating data source for job"", ""error"", err)
 				return nil, """", status.Errorf(codes.Internal,
-					""An internal server issue was detected when calculate the data source"")
 			}
 
 			// The new job can't still have remote, so if it wasn't updated, then
 			// error out.
 			if job.DataSource.GetRemote() != nil {
 				log.Error(""populateDataSource returned another remote DS job"")
 				return nil, """", status.Errorf(codes.Internal,
-					""An internal server issue was detected when calculate the data source"")
 			}
 		} else {
 			log.Error(""job has a remote DataSource but server provided to populateDataSource"")
 			// This is a server misconfiguration.
 			if job.DataSource.GetRemote() != nil {
 				return nil, """", status.Errorf(codes.Internal,
-					""An internal server issue was detected when calculate the data source"")
 			}
 		}
 	}","```suggestion
					""An internal server issue was detected when calculating the data source"")
```"," func (s *Service) queueJobReqToJob(
 			if err != nil {
 				log.Error(""error populating data source for job"", ""error"", err)
 				return nil, """", status.Errorf(codes.Internal,
+					""An internal server issue was detected when calculating the data source"")
 			}
 
 			// The new job can't still have remote, so if it wasn't updated, then
 			// error out.
 			if job.DataSource.GetRemote() != nil {
 				log.Error(""populateDataSource returned another remote DS job"")
 				return nil, """", status.Errorf(codes.Internal,
+					""An internal server issue was detected when calculating the data source"")
 			}
 		} else {
 			log.Error(""job has a remote DataSource but server provided to populateDataSource"")
 			// This is a server misconfiguration.
 			if job.DataSource.GetRemote() != nil {
 				return nil, """", status.Errorf(codes.Internal,
+					""An internal server issue was detected when calculating the data source"")
 			}
 		}
 	}"," func (s *Service) queueJobReqToJob(
 			if err != nil {
 				log.Error(""error populating data source for job"", ""error"", err)
 				return nil, """", status.Errorf(codes.Internal,
-					""An internal server issue was detected when calculate the data source"")
+					""An internal server issue was detected when calculating the data source"")
 			}
 
 			// The new job can't still have remote, so if it wasn't updated, then
 			// error out.
 			if job.DataSource.GetRemote() != nil {
 				log.Error(""populateDataSource returned another remote DS job"")
 				return nil, """", status.Errorf(codes.Internal,
-					""An internal server issue was detected when calculate the data source"")
+					""An internal server issue was detected when calculating the data source"")
 			}
 		} else {
 			log.Error(""job has a remote DataSource but server provided to populateDataSource"")
 			// This is a server misconfiguration.
 			if job.DataSource.GetRemote() != nil {
 				return nil, """", status.Errorf(codes.Internal,
-					""An internal server issue was detected when calculate the data source"")
+					""An internal server issue was detected when calculating the data source"")
 			}
 		}
 	}"," func (s *Service) queueJobReqToJob(
 			if err != nil {
 				log.Error(""error populating data source for job"", ""error"", err)
 				return nil, """", status.Errorf(codes.Internal,
					""An internal server issue was detected when calculating the data source"")
 			}
 
 			// The new job can't still have remote, so if it wasn't updated, then
 			// error out.
 			if job.DataSource.GetRemote() != nil {
 				log.Error(""populateDataSource returned another remote DS job"")
 				return nil, """", status.Errorf(codes.Internal,
					""An internal server issue was detected when calculating the data source"")
 			}
 		} else {
 			log.Error(""job has a remote DataSource but server provided to populateDataSource"")
 			// This is a server misconfiguration.
 			if job.DataSource.GetRemote() != nil {
 				return nil, """", status.Errorf(codes.Internal,
					""An internal server issue was detected when calculating the data source"")
 			}
 		}
 	}",0,0,1.0,1.0,replace_only,extraction_by_fenced_code_block,extraction_by_fenced_code_block,semantically_equivalent;content_mismatch;over_edit;under_edit;wrong_location;output_format_issue;truncation_suspected;uncertain,
gold_location_f1_1_exact_wrong,crn-004393,qwen2.5-coder:32b,direct_vs_gold_location,java," private HttpClientConfigurations loadHttpClientConfigurations(
       return httpClientConfigurations;
     } catch (NoSuchMethodException e) {
       throw new IllegalArgumentException(
-          String.format(
-              ""Cannot initialize HttpClientConfigurations Implementation %s: %s"",
-              impl, e.getMessage()),
-          e);
     } catch (ClassCastException e) {
       throw new IllegalArgumentException(
           String.format(
-              ""Cannot initialize HttpClientConfigurations, %s does not implement HttpClientConfigurations: %s"",
-              impl, e.getMessage()),
           e);
     }
   }",no need to add `e.getMessage` since `e` is already included in the cause.," private HttpClientConfigurations loadHttpClientConfigurations(
       return httpClientConfigurations;
     } catch (NoSuchMethodException e) {
       throw new IllegalArgumentException(
+          String.format(""Cannot initialize HttpClientConfigurations Implementation %s"", impl), e);
     } catch (ClassCastException e) {
       throw new IllegalArgumentException(
           String.format(
+              ""Cannot initialize HttpClientConfigurations, %s does not implement HttpClientConfigurations"",
+              impl),
           e);
     }
   }"," private HttpClientConfigurations loadHttpClientConfigurations(
       return httpClientConfigurations;
     } catch (NoSuchMethodException e) {
       throw new IllegalArgumentException(
          String.format(
              ""Cannot initialize HttpClientConfigurations Implementation %s"",
              impl),
          e);
     } catch (ClassCastException e) {
       throw new IllegalArgumentException(
           String.format(
              ""Cannot initialize HttpClientConfigurations, %s does not implement HttpClientConfigurations"",
              impl),
           e);
     }
   }"," private HttpClientConfigurations loadHttpClientConfigurations(
       return httpClientConfigurations;
     } catch (NoSuchMethodException e) {
       throw new IllegalArgumentException(
          String.format(
              ""Cannot initialize HttpClientConfigurations Implementation %s"",
              impl),
          e);
     } catch (ClassCastException e) {
       throw new IllegalArgumentException(
           String.format(
              ""Cannot initialize HttpClientConfigurations, %s does not implement HttpClientConfigurations"",
              impl),
           e);
     }
   }",0,0,1.0,1.0,replace_only,extraction_by_fenced_code_block,extraction_by_fenced_code_block,semantically_equivalent;content_mismatch;over_edit;under_edit;wrong_location;output_format_issue;truncation_suspected;uncertain,
gold_location_f1_1_exact_wrong,crn-008306,qwen2.5-coder:32b,direct_vs_gold_location,java," public void reconfigure(Map<String, String> props) {
     /**
      * Validate the connector configuration values against configuration definitions.
      * @param connectorConfigs the provided configuration values
-     * @return {@link Config}, essentially a list of {@link ConfigValue}s containing the updated configuration
-     * information given the current configuration values.
      */
     public Config validate(Map<String, String> connectorConfigs) {
         ConfigDef configDef = config();","```suggestion
     * @return a parsed and validated {@link Config} containing any relevant validation errors with the raw
     * {@code connectorConfigs} which should prevent this configuration from being used.
```"," public void reconfigure(Map<String, String> props) {
     /**
      * Validate the connector configuration values against configuration definitions.
      * @param connectorConfigs the provided configuration values
+     * @return a parsed and validated {@link Config} containing any relevant validation errors with the raw
+     * {@code connectorConfigs} which should prevent this configuration from being used.
      */
     public Config validate(Map<String, String> connectorConfigs) {
         ConfigDef configDef = config();"," public void reconfigure(Map<String, String> props) {
     /**
      * Validate the connector configuration values against configuration definitions.
      * @param connectorConfigs the provided configuration values
      * @return a parsed and validated {@link Config} containing any relevant validation errors with the raw
      * {@code connectorConfigs} which should prevent this configuration from being used.
      */
     public Config validate(Map<String, String> connectorConfigs) {
         ConfigDef configDef = config();"," public void reconfigure(Map<String, String> props) {
     /**
      * Validate the connector configuration values against configuration definitions.
      * @param connectorConfigs the provided configuration values
      * @return a parsed and validated {@link Config} containing any relevant validation errors with the raw
      * {@code connectorConfigs} which should prevent this configuration from being used.
      */
     public Config validate(Map<String, String> connectorConfigs) {
         ConfigDef configDef = config();",0,0,1.0,1.0,replace_only,extraction_by_fenced_code_block,extraction_by_fenced_code_block,semantically_equivalent;content_mismatch;over_edit;under_edit;wrong_location;output_format_issue;truncation_suspected;uncertain,
gold_location_f1_1_exact_wrong,crn-002905,qwen2.5-coder:32b,direct_vs_gold_location,perl," sub get_filelist {
     my @cover_pages      = grep { /^(?!.*(back|end|rear|recover)).*cover.*/i } @files;
     my @credit_pages     = grep { /^999999|^bumper|^ramble\.[^\.]*$|^end_card_save_file|notes\.[^\.]*$|note\.[^\.]*$|^artist_info|credit|999nhnl\.|^group\.[^\.]*$/i } @files;
     my @non_credit_pages = grep { !/^999999|^bumper|^ramble\.[^\.]*$|^end_card_save_file|notes\.[^\.]*$|note\.[^\.]*$|^artist_info|credit|999nhnl\.|^group\.[^\.]*$|^(?!.*(back|end|rear|recover)).*cover.*/i } @files;
-
     # Return files and sizes in a hashref
     return ( \@files, \@sizes );
 }","I think the array reassignment is missing:
```suggestion
@files = ( @cover_pages, @other_pages, @credit_pages );
```"," sub get_filelist {
     my @cover_pages      = grep { /^(?!.*(back|end|rear|recover)).*cover.*/i } @files;
     my @credit_pages     = grep { /^999999|^bumper|^ramble\.[^\.]*$|^end_card_save_file|notes\.[^\.]*$|note\.[^\.]*$|^artist_info|credit|999nhnl\.|^group\.[^\.]*$/i } @files;
     my @non_credit_pages = grep { !/^999999|^bumper|^ramble\.[^\.]*$|^end_card_save_file|notes\.[^\.]*$|note\.[^\.]*$|^artist_info|credit|999nhnl\.|^group\.[^\.]*$|^(?!.*(back|end|rear|recover)).*cover.*/i } @files;
+@files = ( @cover_pages, @other_pages, @credit_pages );
     # Return files and sizes in a hashref
     return ( \@files, \@sizes );
 }"," sub get_filelist {
     my @cover_pages      = grep { /^(?!.*(back|end|rear|recover)).*cover.*/i } @files;
     my @credit_pages     = grep { /^999999|^bumper|^ramble\.[^\.]*$|^end_card_save_file|notes\.[^\.]*$|note\.[^\.]*$|^artist_info|credit|999nhnl\.|^group\.[^\.]*$/i } @files;
     my @non_credit_pages = grep { !/^999999|^bumper|^ramble\.[^\.]*$|^end_card_save_file|notes\.[^\.]*$|note\.[^\.]*$|^artist_info|credit|999nhnl\.|^group\.[^\.]*$|^(?!.*(back|end|rear|recover)).*cover.*/i } @files;

     # Reassign @files array
     @files = ( @cover_pages, @non_credit_pages, @credit_pages );

     # Return files and sizes in a hashref
     return ( \@files, \@sizes );
 }"," sub get_filelist {
     my @cover_pages      = grep { /^(?!.*(back|end|rear|recover)).*cover.*/i } @files;
     my @credit_pages     = grep { /^999999|^bumper|^ramble\.[^\.]*$|^end_card_save_file|notes\.[^\.]*$|note\.[^\.]*$|^artist_info|credit|999nhnl\.|^group\.[^\.]*$/i } @files;
     my @non_credit_pages = grep { !/^999999|^bumper|^ramble\.[^\.]*$|^end_card_save_file|notes\.[^\.]*$|note\.[^\.]*$|^artist_info|credit|999nhnl\.|^group\.[^\.]*$|^(?!.*(back|end|rear|recover)).*cover.*/i } @files;
     @files = ( @cover_pages, @non_credit_pages, @credit_pages );
     # Return files and sizes in a hashref
     return ( \@files, \@sizes );
 }",0,0,1.0,1.0,replace_only,unclosed_code_fence;wrapper_text;extraction_by_fenced_code_block,extraction_by_fenced_code_block,semantically_equivalent;content_mismatch;over_edit;under_edit;wrong_location;output_format_issue;truncation_suspected;uncertain,
gold_location_f1_1_exact_wrong,crn-003044,qwen2.5-coder:32b,direct_vs_gold_location,perl," paths:
     put:
       tags:
         - Warehouses
-      summary: Put a single warehouse
       operationId: putWarehousesById
       parameters:
         - name: If-Match","```suggestion
      summary: Replace a single warehouse
```"," paths:
     put:
       tags:
         - Warehouses
+      summary: Update a single warehouse
       operationId: putWarehousesById
       parameters:
         - name: If-Match"," paths:
     put:
       tags:
         - Warehouses
       summary: Replace a single warehouse
       operationId: putWarehousesById
       parameters:
         - name: If-Match"," paths:
     put:
       tags:
         - Warehouses
       summary: Replace a single warehouse
       operationId: putWarehousesById
       parameters:
         - name: If-Match",0,0,1.0,1.0,replace_only,extraction_by_fenced_code_block,extraction_by_fenced_code_block,semantically_equivalent;content_mismatch;over_edit;under_edit;wrong_location;output_format_issue;truncation_suspected;uncertain,
gold_location_f1_1_exact_wrong,crn-010541,qwen2.5-coder:32b,direct_vs_gold_location,java," public void onCatalystInstanceDestroy() {
     }
 
     private static boolean isRunningOnEmulator() {
          return Build.FINGERPRINT.startsWith(""generic"")
             || Build.FINGERPRINT.startsWith(""unknown"")
             || Build.MODEL.contains(""google_sdk"")","Can you add a comment explaining where this code comes from?  I think it would be good to find a way to derive this from `react-native-device-info`, but I realize that may not be so practically done.
"," public void onCatalystInstanceDestroy() {
     }
 
     private static boolean isRunningOnEmulator() {
+         // This list matched the list in package 'react-native-device-info' (see RNDeviceInfo/RNDeviceModule.java@isEmulatorSync) 
          return Build.FINGERPRINT.startsWith(""generic"")
             || Build.FINGERPRINT.startsWith(""unknown"")
             || Build.MODEL.contains(""google_sdk"")"," public void onCatalystInstanceDestroy() {
     }
 
     // This method checks if the app is running on an emulator using device build properties.
     private static boolean isRunningOnEmulator() {
          return Build.FINGERPRINT.startsWith(""generic"")
             || Build.FINGERPRINT.startsWith(""unknown"")
             || Build.MODEL.contains(""google_sdk"")"," public void onCatalystInstanceDestroy() {
     }
 
     private static boolean isRunningOnEmulator() {
         // This code checks for emulator-specific build properties.
          return Build.FINGERPRINT.startsWith(""generic"")
             || Build.FINGERPRINT.startsWith(""unknown"")
             || Build.MODEL.contains(""google_sdk"")",0,0,0.0,1.0,insert_only,extraction_by_fenced_code_block,extraction_by_fenced_code_block,semantically_equivalent;content_mismatch;over_edit;under_edit;wrong_location;output_format_issue;truncation_suspected;uncertain,
gold_location_f1_1_exact_wrong,crn-010868,qwen2.5-coder:7b,direct_vs_gold_location,go," type metrics struct {
 }
 
 func newMetrics() metrics {
-	subsystem := ""pullsync""
 
 	return metrics{
 		CurrentPhase: prometheus.NewGauge(prometheus.GaugeOpts{",A copy-paste mistake?," type metrics struct {
 }
 
 func newMetrics() metrics {
+	subsystem := ""incentives-agent""
 
 	return metrics{
 		CurrentPhase: prometheus.NewGauge(prometheus.GaugeOpts{","type metrics struct {
}

func newMetrics() metrics {
	subsystem := ""pullsync""

	return metrics{
		CurrentPhase: prometheus.NewGauge(prometheus.GaugeOpts{"," type metrics struct {
 }
 
 func newMetrics() metrics {
+	subsystem := ""pullsync""
 
 	return metrics{
 		CurrentPhase: prometheus.NewGauge(prometheus.GaugeOpts{",0,0,0.2222222222222222,1.0,replace_only,extraction_by_fenced_code_block,extraction_by_fenced_code_block,semantically_equivalent;content_mismatch;over_edit;under_edit;wrong_location;output_format_issue;truncation_suspected;uncertain,
gold_location_f1_1_exact_wrong,crn-012381,qwen2.5-coder:7b,direct_vs_gold_location,csharp," public void AddOrUpdateEdge((ProjectGraphNode node, ProjectGraphNode reference)
                         string existingTargetsMetadata = existingItem.GetMetadataValue(ItemMetadataNames.ProjectReferenceTargetsMetadataName);
                         string newTargetsMetadata = newItem.GetMetadataValue(ItemMetadataNames.ProjectReferenceTargetsMetadataName);
 
-                        // Bail out of the targets are the same.
                         if (existingTargetsMetadata.Equals(newTargetsMetadata, StringComparison.OrdinalIgnoreCase))
                         {
                             return existingItem;","tiny nit:
```suggestion
                        // Bail out if the targets are the same.
```"," public void AddOrUpdateEdge((ProjectGraphNode node, ProjectGraphNode reference)
                         string existingTargetsMetadata = existingItem.GetMetadataValue(ItemMetadataNames.ProjectReferenceTargetsMetadataName);
                         string newTargetsMetadata = newItem.GetMetadataValue(ItemMetadataNames.ProjectReferenceTargetsMetadataName);
 
+                        // Bail out if the targets are the same.
                         if (existingTargetsMetadata.Equals(newTargetsMetadata, StringComparison.OrdinalIgnoreCase))
                         {
                             return existingItem;"," public void AddOrUpdateEdge((ProjectGraphNode node, ProjectGraphNode reference)
                         string existingTargetsMetadata = existingItem.GetMetadataValue(ItemMetadataNames.ProjectReferenceTargetsMetadataName);
                         string newTargetsMetadata = newItem.GetMetadataValue(ItemMetadataNames.ProjectReferenceTargetsMetadataName);
 
+                        // Bail out if the targets are the same.
                         if (existingTargetsMetadata.Equals(newTargetsMetadata, StringComparison.OrdinalIgnoreCase))
                         {
                             return existingItem;"," public void AddOrUpdateEdge((ProjectGraphNode node, ProjectGraphNode reference)
                         string existingTargetsMetadata = existingItem.GetMetadataValue(ItemMetadataNames.ProjectReferenceTargetsMetadataName);
                         string newTargetsMetadata = newItem.GetMetadataValue(ItemMetadataNames.ProjectReferenceTargetsMetadataName);
 

-                        // Bail out if the targets are the same.

                         if (existingTargetsMetadata.Equals(newTargetsMetadata, StringComparison.OrdinalIgnoreCase))
                         {
                             return existingItem;",1,0,1.0,1.0,replace_only,extraction_by_fenced_code_block,marker_echo;extraction_by_fenced_code_block,semantically_equivalent;content_mismatch;over_edit;under_edit;wrong_location;output_format_issue;truncation_suspected;uncertain,
gold_location_f1_1_exact_wrong,crn-014912,qwen2.5-coder:7b,direct_vs_gold_location,scala," class ExecutorServiceMetrics(factory: Factory) {
       factory.gaugeWithSupplier(
         ThreadsMetricsPrefix :+ ""running"",
         () => executor.getRunningThreadCount,
-        ""estimate of the number of worker threads that are not blocked waiting to join tasks or for other managed synchronization."",
       )
       factory.gaugeWithSupplier(
         TasksMetricPrefix :+ ""stolen"",","```suggestion
        ""Estimate of the number of worker threads that are not blocked waiting to join tasks or for other managed synchronization."",
```"," class ExecutorServiceMetrics(factory: Factory) {
       factory.gaugeWithSupplier(
         ThreadsMetricsPrefix :+ ""running"",
         () => executor.getRunningThreadCount,
+        ""Estimate of the number of worker threads that are not blocked waiting to join tasks or for other managed synchronization."",
       )
       factory.gaugeWithSupplier(
         TasksMetricPrefix :+ ""stolen"","," class ExecutorServiceMetrics(factory: Factory) {
       factory.gaugeWithSupplier(
         ThreadsMetricsPrefix :+ ""running"",
         () => executor.getRunningThreadCount,
-        ""estimate of the number of worker threads that are not blocked waiting to join tasks or for other managed synchronization."",
+        ""Estimate of the number of worker threads that are not blocked waiting to join tasks or for other managed synchronization."",
       )
       factory.gaugeWithSupplier(
         TasksMetricPrefix :+ ""stolen"","," class ExecutorServiceMetrics(factory: Factory) {
       factory.gaugeWithSupplier(
         ThreadsMetricsPrefix :+ ""running"",
         () => executor.getRunningThreadCount,
""Estimate of the number of worker threads that are not blocked waiting to join tasks or for other managed synchronization."",
       )
       factory.gaugeWithSupplier(
         TasksMetricPrefix :+ ""stolen"",",0,0,1.0,1.0,replace_only,extraction_by_fenced_code_block,extraction_by_fenced_code_block,semantically_equivalent;content_mismatch;over_edit;under_edit;wrong_location;output_format_issue;truncation_suspected;uncertain,
gold_location_f1_1_exact_wrong,crn-012866,qwen2.5-coder:7b,direct_vs_gold_location,sql," UPDATE PARAMETER
 SET config_file = REPLACE(config_file, 'rascal', 'traffic_monitor')
 WHERE config_file = 'rascal-config.txt' OR config_file = 'rascal.properties';
 
-UPDATE PARAMETER
-SET value = 'TRAFFIC_MONITOR_TOP'
-WHERE value = 'RASCAL_TOP' AND name = 'latest_traffic_monitor';
-
 UPDATE PROFILE
 SET description = REPLACE(description, 'Rascal', 'Traffic Monitor'),
     name= REPLACE(name, 'RASCAL', 'TRAFFIC_MONITOR')",I don't see any instances of `RASCAL_TOP` in the repository - what is this supposed to do?," UPDATE PARAMETER
 SET config_file = REPLACE(config_file, 'rascal', 'traffic_monitor')
 WHERE config_file = 'rascal-config.txt' OR config_file = 'rascal.properties';
 
 UPDATE PROFILE
 SET description = REPLACE(description, 'Rascal', 'Traffic Monitor'),
     name= REPLACE(name, 'RASCAL', 'TRAFFIC_MONITOR')","UPDATE PARAMETER
SET config_file = REPLACE(config_file, 'rascal', 'traffic_monitor')
WHERE config_file = 'rascal-config.txt' OR config_file = 'rascal.properties';

-- The following line was removed as it referenced an undefined variable RASCAL_TOP
-- UPDATE PARAMETER
-- SET value = 'TRAFFIC_MONITOR_TOP'
-- WHERE value = 'RASCAL_TOP' AND name = 'latest_traffic_monitor';

UPDATE PROFILE
SET description = REPLACE(description, 'Rascal', 'Traffic Monitor'),
    name= REPLACE(name, 'RASCAL', 'TRAFFIC_MONITOR')"," UPDATE PARAMETER
 SET config_file = REPLACE(config_file, 'rascal', 'traffic_monitor')
 WHERE config_file = 'rascal-config.txt' OR config_file = 'rascal.properties';
 
-- Remove unused update statement
-- UPDATE PARAMETER
-- SET value = 'TRAFFIC_MONITOR_TOP'
-- WHERE value = 'RASCAL_TOP' AND name = 'latest_traffic_monitor';
 
 UPDATE PROFILE
 SET description = REPLACE(description, 'Rascal', 'Traffic Monitor'),
     name= REPLACE(name, 'RASCAL', 'TRAFFIC_MONITOR')",0,0,0.5333333333333333,1.0,delete_only,extraction_by_fenced_code_block,extraction_by_fenced_code_block,semantically_equivalent;content_mismatch;over_edit;under_edit;wrong_location;output_format_issue;truncation_suspected;uncertain,
gold_location_f1_1_exact_wrong,crn-001180,qwen2.5-coder:32b,direct_vs_gold_location,kotlin," public fun <A, B> Iterable<Ior<A, B>>.unalign(): Pair<List<A>, List<B>> =
 public inline fun <A, B, C> Iterable<C>.unalign(fa: (C) -> Ior<A, B>): Pair<List<A>, List<B>> =
   map(fa).unalign()
 
-@Deprecated(""use fold instead"", ReplaceWith(""fold(MA)""))
 public fun <A> Iterable<A>.combineAll(MA: Monoid<A>): A = MA.run {
   this@combineAll.fold(empty()) { acc, a ->
     acc.combine(a)","```suggestion
@Deprecated(""use fold instead"", ReplaceWith(""fold(MA)"", ""arrow.core.fold""))
```"," public fun <A, B> Iterable<Ior<A, B>>.unalign(): Pair<List<A>, List<B>> =
 public inline fun <A, B, C> Iterable<C>.unalign(fa: (C) -> Ior<A, B>): Pair<List<A>, List<B>> =
   map(fa).unalign()
 
+@Deprecated(""use fold instead"", ReplaceWith(""fold(MA)"", ""arrow.core.fold""))
 public fun <A> Iterable<A>.combineAll(MA: Monoid<A>): A = MA.run {
   this@combineAll.fold(empty()) { acc, a ->
     acc.combine(a)"," public fun <A, B> Iterable<Ior<A, B>>.unalign(): Pair<List<A>, List<B>> =
 public inline fun <A, B, C> Iterable<C>.unalign(fa: (C) -> Ior<A, B>): Pair<List<A>, List<B>> =
   map(fa).unalign()
 
 @Deprecated(""use fold instead"", ReplaceWith(""fold(MA)"", ""arrow.core.fold""))
 public fun <A> Iterable<A>.combineAll(MA: Monoid<A>): A = MA.run {
   this@combineAll.fold(empty()) { acc, a ->
     acc.combine(a)"," public fun <A, B> Iterable<Ior<A, B>>.unalign(): Pair<List<A>, List<B>> =
 public inline fun <A, B, C> Iterable<C>.unalign(fa: (C) -> Ior<A, B>): Pair<List<A>, List<B>> =
   map(fa).unalign()
 
@Deprecated(""use fold instead"", ReplaceWith(""fold(MA)"", ""arrow.core.fold""))
 public fun <A> Iterable<A>.combineAll(MA: Monoid<A>): A = MA.run {
   this@combineAll.fold(empty()) { acc, a ->
     acc.combine(a)",0,0,1.0,1.0,replace_only,wrapper_text;extraction_by_fenced_code_block,extraction_by_fenced_code_block,semantically_equivalent;content_mismatch;over_edit;under_edit;wrong_location;output_format_issue;truncation_suspected;uncertain,
gold_location_f1_1_exact_wrong,crn-005598,qwen2.5-coder:32b,direct_vs_gold_location,csharp," public async Task<UpsertResourceResponse> Handle(UpsertResourceRequest request,
 
             ResourceWrapper resourceWrapper = CreateResourceWrapper(resource, deleted: false, keepMeta: allowCreate);
 
-            ////UpsertOutcome result = await FhirDataStore.UpsertAsync(resourceWrapper, request.WeakETag, allowCreate, keepHistory, cancellationToken, requireETagOnUpdate);
             UpsertOutcome result = await FhirDataStore.UpsertAsync(new ResourceWrapperOperation(resourceWrapper, allowCreate, keepHistory, request.WeakETag, requireETagOnUpdate), cancellationToken);
 
             resource.VersionId = result.Wrapper.Version;",nit: commented code," public async Task<UpsertResourceResponse> Handle(UpsertResourceRequest request,
 
             ResourceWrapper resourceWrapper = CreateResourceWrapper(resource, deleted: false, keepMeta: allowCreate);
 
             UpsertOutcome result = await FhirDataStore.UpsertAsync(new ResourceWrapperOperation(resourceWrapper, allowCreate, keepHistory, request.WeakETag, requireETagOnUpdate), cancellationToken);
 
             resource.VersionId = result.Wrapper.Version;"," public async Task<UpsertResourceResponse> Handle(UpsertResourceRequest request,
 
             ResourceWrapper resourceWrapper = CreateResourceWrapper(resource, deleted: false, keepMeta: allowCreate);
 
-            //UpsertOutcome result = await FhirDataStore.UpsertAsync(resourceWrapper, request.WeakETag, allowCreate, keepHistory, cancellationToken, requireETagOnUpdate);
             UpsertOutcome result = await FhirDataStore.UpsertAsync(new ResourceWrapperOperation(resourceWrapper, allowCreate, keepHistory, request.WeakETag, requireETagOnUpdate), cancellationToken);
 
             resource.VersionId = result.Wrapper.Version;"," public async Task<UpsertResourceResponse> Handle(UpsertResourceRequest request,
 
             ResourceWrapper resourceWrapper = CreateResourceWrapper(resource, deleted: false, keepMeta: allowCreate);
 
             //UpsertOutcome result = await FhirDataStore.UpsertAsync(resourceWrapper, request.WeakETag, allowCreate, keepHistory, cancellationToken, requireETagOnUpdate);
             UpsertOutcome result = await FhirDataStore.UpsertAsync(new ResourceWrapperOperation(resourceWrapper, allowCreate, keepHistory, request.WeakETag, requireETagOnUpdate), cancellationToken);
 
             resource.VersionId = result.Wrapper.Version;",0,0,1.0,1.0,delete_only,extraction_by_fenced_code_block,extraction_by_fenced_code_block,semantically_equivalent;content_mismatch;over_edit;under_edit;wrong_location;output_format_issue;truncation_suspected;uncertain,
gold_location_f1_1_exact_wrong,crn-008078,qwen2.5-coder:7b,direct_vs_gold_location,csharp," internal static string GetNearestPlatform(string referencedProjectPlatform, stri
                 string buildProjectReferenceAs = string.Empty;
                 if (!string.IsNullOrEmpty(referencedProjectPlatform) && referencedProjectPlatform.Equals(currentProjectPlatform, StringComparison.OrdinalIgnoreCase))
                 {
-                    buildProjectReferenceAs = currentProjectPlatform;
                 }
                 // Prefer matching platforms
                 else if (projectReferencePlatforms.Contains(currentProjectPlatform))","We should keep this part of the logic the same.

Context: Michael considered making this just set `buildProjectReferenceAs` and catching it with the ""catch all"" if statement below. I think it's important to preserve the logic that existed before, since there's no meaningful difference here."," internal static string GetNearestPlatform(string referencedProjectPlatform, stri
                 string buildProjectReferenceAs = string.Empty;
                 if (!string.IsNullOrEmpty(referencedProjectPlatform) && referencedProjectPlatform.Equals(currentProjectPlatform, StringComparison.OrdinalIgnoreCase))
                 {
+                    log?.LogMessageFromResources(MessageImportance.Low, ""GetCompatiblePlatform.ReferencedProjectHasDefinitivePlatform"", projectPath, referencedProjectPlatform);
                 }
                 // Prefer matching platforms
                 else if (projectReferencePlatforms.Contains(currentProjectPlatform))","internal static string GetNearestPlatform(string referencedProjectPlatform, stri
                string buildProjectReferenceAs = string.Empty;
                if (!string.IsNullOrEmpty(referencedProjectPlatform) && referencedProjectPlatform.Equals(currentProjectPlatform, StringComparison.OrdinalIgnoreCase))
                {
                    buildProjectReferenceAs = currentProjectPlatform;
                }
                // Prefer matching platforms
                else if (projectReferencePlatforms.Contains(currentProjectPlatform))"," internal static string GetNearestPlatform(string referencedProjectPlatform, stri
                 string buildProjectReferenceAs = string.Empty;
                 if (!string.IsNullOrEmpty(referencedProjectPlatform) && referencedProjectPlatform.Equals(currentProjectPlatform, StringComparison.OrdinalIgnoreCase))
                 {
                     // Keep the original logic
                     buildProjectReferenceAs = currentProjectPlatform;
                 }
                 // Prefer matching platforms
                 else if (projectReferencePlatforms.Contains(currentProjectPlatform))",0,0,0.2222222222222222,1.0,replace_only,extraction_by_fenced_code_block,extraction_by_fenced_code_block,semantically_equivalent;content_mismatch;over_edit;under_edit;wrong_location;output_format_issue;truncation_suspected;uncertain,
gold_location_f1_1_exact_wrong,crn-002896,qwen2.5-coder:32b,direct_vs_gold_location,r," generator_funs$new <- function(...) {
     if (!identical(cloneable, inherit$cloneable)) {
       if (inherit$cloneable) {
         inherit[[""public_methods""]][[""clone""]] <- NULL
-      }
-
-      if (!inherit$cloneable) {
-        message(c(
-          ""Subclass wants to allow cloning, but superclass has turned it off. "",
-          ""Therefore, cloning will also be turned off for subclass.""
-        ))
 
         public_methods[[""clone""]] <- NULL
       }",This could be an `else` statement.," generator_funs$new <- function(...) {
     if (!identical(cloneable, inherit$cloneable)) {
       if (inherit$cloneable) {
         inherit[[""public_methods""]][[""clone""]] <- NULL
+      } else {
+        message(
+          ""Superclass "", get_superclassnames(inherit), "" has cloneable=FALSE, but subclass "", classname, "" has cloneable=TRUE. "",
+          ""A subclass cannot be cloneable when its superclass is not cloneable, so cloning will be disabled for "", classname, "".""
+        )
 
         public_methods[[""clone""]] <- NULL
       }"," generator_funs$new <- function(...) {
     if (!identical(cloneable, inherit$cloneable)) {
       if (inherit$cloneable) {
         inherit[[""public_methods""]][[""clone""]] <- NULL
       } else {
         message(c(
           ""Subclass wants to allow cloning, but superclass has turned it off. "",
           ""Therefore, cloning will also be turned off for subclass.""
         ))
 
         public_methods[[""clone""]] <- NULL
       }"," generator_funs$new <- function(...) {
     if (!identical(cloneable, inherit$cloneable)) {
       if (inherit$cloneable) {
         inherit[[""public_methods""]][[""clone""]] <- NULL
       } else {
        message(c(
          ""Subclass wants to allow cloning, but superclass has turned it off. "",
          ""Therefore, cloning will also be turned off for subclass.""
        ))
 
         public_methods[[""clone""]] <- NULL
       }",0,0,1.0,1.0,replace_only,extraction_by_fenced_code_block,extraction_by_fenced_code_block,semantically_equivalent;content_mismatch;over_edit;under_edit;wrong_location;output_format_issue;truncation_suspected;uncertain,
gold_location_f1_1_exact_wrong,crn-000466,qwen2.5-coder:32b,direct_vs_gold_location,swift," final class SchemeDescriptorsGenerator: SchemeDescriptorsGenerating {
 
         let customLLDBInitFilePath: RelativePath?
         if let customLLDBInitFile = scheme.runAction?.customLLDBInitFile,
-            let graphTarget = graphTarget {
             customLLDBInitFilePath = customLLDBInitFile.relative(to: graphTarget.project.path)
         } else {
             customLLDBInitFilePath = nil","apply target path for relative path of customLLDBInitFile

@kwridan "," final class SchemeDescriptorsGenerator: SchemeDescriptorsGenerating {
 
         let customLLDBInitFilePath: RelativePath?
         if let customLLDBInitFile = scheme.runAction?.customLLDBInitFile,
+           let graphTarget = graphTarget
+        {
             customLLDBInitFilePath = customLLDBInitFile.relative(to: graphTarget.project.path)
         } else {
             customLLDBInitFilePath = nil"," final class SchemeDescriptorsGenerator: SchemeDescriptorsGenerating {
 
         let customLLDBInitFilePath: RelativePath?
         if let customLLDBInitFile = scheme.runAction?.customLLDBInitFile,
            let graphTarget = graphTarget {
-            customLLDBInitFilePath = customLLDBInitFile.relative(to: graphTarget.project.path)
+            customLLDBInitFilePath = customLLDBInitFile.relative(to: graphTarget.targetPath)
         } else {
             customLLDBInitFilePath = nil"," final class SchemeDescriptorsGenerator: SchemeDescriptorsGenerating {
 
         let customLLDBInitFilePath: RelativePath?
         if let customLLDBInitFile = scheme.runAction?.customLLDBInitFile,
             let graphTarget = graphTarget {
             customLLDBInitFilePath = customLLDBInitFile.relative(to: graphTarget.project.path)
         } else {
             customLLDBInitFilePath = nil",0,0,0.6666666666666666,1.0,replace_only,extraction_by_fenced_code_block,extraction_by_fenced_code_block,semantically_equivalent;content_mismatch;over_edit;under_edit;wrong_location;output_format_issue;truncation_suspected;uncertain,
gold_location_f1_1_exact_wrong,crn-007354,qwen2.5-coder:32b,direct_vs_gold_location,csharp," public static OptionSet GetOptionSetWithChangedOptions(OptionSet options, IEnume
                 _ when type == typeof(int) => (int)value! == 0 ? 1 : 0,
                 _ when type == typeof(long) => (long)value! == 0 ? 1L : 0L,
                 _ when type.IsEnum => GetDifferentEnumValue(type, value!),
-                _ when Nullable.GetUnderlyingType(type)?.IsEnum == true => value is null ? Enum.ToObject(Nullable.GetUnderlyingType(type)!, 1) : null,
                 ICodeStyleOption codeStyle => codeStyle
                     .WithValue(GetDifferentValue(codeStyle.GetType().GetGenericArguments()[0], codeStyle.Value!)!)
                     .WithNotification((codeStyle.Notification == NotificationOption2.Error) ? NotificationOption2.Warning : NotificationOption2.Error),","```suggestion
                _ when Nullable.GetUnderlyingType(type) is { IsEnum: true } underlying => value is null ? Enum.ToObject(underlying, 1) : null,
```"," public static OptionSet GetOptionSetWithChangedOptions(OptionSet options, IEnume
                 _ when type == typeof(int) => (int)value! == 0 ? 1 : 0,
                 _ when type == typeof(long) => (long)value! == 0 ? 1L : 0L,
                 _ when type.IsEnum => GetDifferentEnumValue(type, value!),
+                _ when Nullable.GetUnderlyingType(type) is { IsEnum: true } underlying => value is null ? Enum.ToObject(underlying, 1) : null,
                 ICodeStyleOption codeStyle => codeStyle
                     .WithValue(GetDifferentValue(codeStyle.GetType().GetGenericArguments()[0], codeStyle.Value!)!)
                     .WithNotification((codeStyle.Notification == NotificationOption2.Error) ? NotificationOption2.Warning : NotificationOption2.Error),"," public static OptionSet GetOptionSetWithChangedOptions(OptionSet options, IEnume
                 _ when type == typeof(int) => (int)value! == 0 ? 1 : 0,
                 _ when type == typeof(long) => (long)value! == 0 ? 1L : 0L,
                 _ when type.IsEnum => GetDifferentEnumValue(type, value!),
                _ when Nullable.GetUnderlyingType(type) is { IsEnum: true } underlying => value is null ? Enum.ToObject(underlying, 1) : null,
                 ICodeStyleOption codeStyle => codeStyle
                     .WithValue(GetDifferentValue(codeStyle.GetType().GetGenericArguments()[0], codeStyle.Value!)!)
                     .WithNotification((codeStyle.Notification == NotificationOption2.Error) ? NotificationOption2.Warning : NotificationOption2.Error),"," public static OptionSet GetOptionSetWithChangedOptions(OptionSet options, IEnume
                 _ when type == typeof(int) => (int)value! == 0 ? 1 : 0,
                 _ when type == typeof(long) => (long)value! == 0 ? 1L : 0L,
                 _ when type.IsEnum => GetDifferentEnumValue(type, value!),
                _ when Nullable.GetUnderlyingType(type) is { IsEnum: true } underlying => value is null ? Enum.ToObject(underlying, 1) : null,
                 ICodeStyleOption codeStyle => codeStyle
                     .WithValue(GetDifferentValue(codeStyle.GetType().GetGenericArguments()[0], codeStyle.Value!)!)
                     .WithNotification((codeStyle.Notification == NotificationOption2.Error) ? NotificationOption2.Warning : NotificationOption2.Error),",0,0,1.0,1.0,replace_only,extraction_by_fenced_code_block,extraction_by_fenced_code_block,semantically_equivalent;content_mismatch;over_edit;under_edit;wrong_location;output_format_issue;truncation_suspected;uncertain,
gold_location_f1_1_exact_wrong,crn-002841,qwen2.5-coder:32b,direct_vs_gold_location,c," enum is_number dbl_standalone_check_number(r_obj* x,
     }
   }
 
-  if (!r_as_bool(allow_decimal) && !r_dbl_is_decimal(value)) {
     return IS_NUMBER_false;
   }
 ",I guess we rely on these not being missing values. Seems reasonable because that would be a programmer mistake," enum is_number dbl_standalone_check_number(r_obj* x,
     }
   }
 
+  if (!r_as_bool(allow_decimal) && !r_dbl_is_whole(value)) {
     return IS_NUMBER_false;
   }
 "," enum is_number dbl_standalone_check_number(r_obj* x,
     }
   }
 
-  if (!r_as_bool(allow_decimal) && !r_dbl_is_decimal(value)) {
     return IS_NUMBER_false;
   }
 "," enum is_number dbl_standalone_check_number(r_obj* x,
     }
   }
 
  if (!r_as_bool(allow_decimal) && !r_dbl_is_decimal(value)) {
     return IS_NUMBER_false;
   }
 ",0,0,0.0,1.0,replace_only,wrapper_text;extraction_by_fenced_code_block,extraction_by_fenced_code_block,semantically_equivalent;content_mismatch;over_edit;under_edit;wrong_location;output_format_issue;truncation_suspected;uncertain,
gold_location_f1_1_exact_wrong,crn-008239,qwen2.5-coder:32b,direct_vs_gold_location,java," void jsonSpecification() throws InterruptedException {
         addPeriodMethodInfo(methodInfos);
         addMarkdownDescriptionMethodInfo(methodInfos);
         addMermaidDescriptionMethodInfo(methodInfos);
-        final Map<Class<?>, DescriptionInfo> serviceDescription = ImmutableMap.of(MyService.class,
-                                                                                  DescriptionInfo.of(
-                                                                                          ""My service class""));
 
         final JsonNode expectedJson = mapper.valueToTree(AnnotatedDocServicePlugin.generate(
                 serviceDescription, methodInfos));","```suggestion
        final Map<Class<?>, DescriptionInfo> serviceDescription = ImmutableMap.of(
                MyService.class, DescriptionInfo.of(""My service class""));
```"," void jsonSpecification() throws InterruptedException {
         addPeriodMethodInfo(methodInfos);
         addMarkdownDescriptionMethodInfo(methodInfos);
         addMermaidDescriptionMethodInfo(methodInfos);
+        final Map<Class<?>, DescriptionInfo> serviceDescription = ImmutableMap.of(
+                MyService.class, DescriptionInfo.of(""My service class""));
 
         final JsonNode expectedJson = mapper.valueToTree(AnnotatedDocServicePlugin.generate(
                 serviceDescription, methodInfos));","void jsonSpecification() throws InterruptedException {
    addPeriodMethodInfo(methodInfos);
    addMarkdownDescriptionMethodInfo(methodInfos);
    addMermaidDescriptionMethodInfo(methodInfos);
    final Map<Class<?>, DescriptionInfo> serviceDescription = ImmutableMap.of(
            MyService.class, DescriptionInfo.of(""My service class""));

    final JsonNode expectedJson = mapper.valueToTree(AnnotatedDocServicePlugin.generate(
            serviceDescription, methodInfos));
}"," void jsonSpecification() throws InterruptedException {
         addPeriodMethodInfo(methodInfos);
         addMarkdownDescriptionMethodInfo(methodInfos);
         addMermaidDescriptionMethodInfo(methodInfos);
        final Map<Class<?>, DescriptionInfo> serviceDescription = ImmutableMap.of(
                MyService.class, DescriptionInfo.of(""My service class""));
 
         final JsonNode expectedJson = mapper.valueToTree(AnnotatedDocServicePlugin.generate(
                 serviceDescription, methodInfos));",0,0,0.46153846153846156,1.0,replace_only,extraction_by_fenced_code_block,extraction_by_fenced_code_block,semantically_equivalent;content_mismatch;over_edit;under_edit;wrong_location;output_format_issue;truncation_suspected;uncertain,
direct_wrong_to_gold_correct,crn-005573,qwen2.5-coder:7b,direct_vs_gold_location,go," type voteContainer struct {
 //     If this is the case, we consider the vote a duplicate and drop it.
 //     If v and v0 have different BlockIDs, the voter is equivocating and
 //     we return a model.DoubleVoteError
-//
-// .
 type VotesCache struct {
 	lock          sync.RWMutex
 	view          uint64","Can we remove the tailing white-spaces at the end of the comment? 
```suggestion
```"," type voteContainer struct {
 //     If this is the case, we consider the vote a duplicate and drop it.
 //     If v and v0 have different BlockIDs, the voter is equivocating and
 //     we return a model.DoubleVoteError
 type VotesCache struct {
 	lock          sync.RWMutex
 	view          uint64","type voteContainer struct {
	// If this is the case, we consider the vote a duplicate and drop it.
	// If v and v0 have different BlockIDs, the voter is equivocating and
	// we return a model.DoubleVoteError
	type VotesCache struct {
		lock          sync.RWMutex
		view          uint64","type voteContainer struct {
 //     If this is the case, we consider the vote a duplicate and drop it.
 //     If v and v0 have different BlockIDs, the voter is equivocating and
 //     we return a model.DoubleVoteError
 type VotesCache struct {
 	lock          sync.RWMutex
 	view          uint64",0,1,0.36363636363636365,0.8,delete_only,extraction_by_fenced_code_block,extraction_by_fenced_code_block,semantically_equivalent;content_mismatch;over_edit;under_edit;wrong_location;output_format_issue;truncation_suspected;uncertain,
direct_wrong_to_gold_correct,crn-011205,qwen2.5-coder:7b,direct_vs_gold_location,go," type Service struct {
 	blockValidationPool execpool.BacklogPool
 	// SyncRound, provided externally, which the ledger must keep in cache
 	syncRoundMu  deadlock.RWMutex
-	syncRoundSet bool
 	syncRound    uint64
 
 	// suspendForCatchpointWriting defines whether we've ran into a state where the ledger is currently busy writing the","@Eric-Warehime Minor:  `syncRoundSet` appears to be unused.  I'm wondering if it should be used, if it can be removed, or if I've missed something?

My sense is:  It can be removed.

```suggestion
```"," type Service struct {
 	blockValidationPool execpool.BacklogPool
 	// SyncRound, provided externally, which the ledger must keep in cache
 	syncRoundMu  deadlock.RWMutex
 	syncRound    uint64
 
 	// suspendForCatchpointWriting defines whether we've ran into a state where the ledger is currently busy writing the"," type Service struct {
 	blockValidationPool execpool.BacklogPool
 	// SyncRound, provided externally, which the ledger must keep in cache
 	syncRoundMu  deadlock.RWMutex
-	syncRoundSet bool
 	syncRound    uint64
 
 	// suspendForCatchpointWriting defines whether we've ran into a state where the ledger is currently busy writing the"," type Service struct {
 	blockValidationPool execpool.BacklogPool
 	// SyncRound, provided externally, which the ledger must keep in cache
 	syncRoundMu  deadlock.RWMutex
 	syncRound    uint64
 
 	// suspendForCatchpointWriting defines whether we've ran into a state where the ledger is currently busy writing the",0,1,0.0,1.0,delete_only,extraction_by_fenced_code_block,extraction_by_fenced_code_block,semantically_equivalent;content_mismatch;over_edit;under_edit;wrong_location;output_format_issue;truncation_suspected;uncertain,
direct_wrong_to_gold_correct,crn-012230,qwen2.5-coder:7b,direct_vs_gold_location,csharp," public class ShardingConfiguration
 
     public static bool DoesShardHaveBuckets(List<ShardBucketRange> bucketRanges, int shardNumber)
     {
-        if (bucketRanges == null)
-            return false;
-
         foreach (var bucketRange in bucketRanges)
         {
             if (bucketRange.ShardNumber == shardNumber)",let's remove this check," public class ShardingConfiguration
 
     public static bool DoesShardHaveBuckets(List<ShardBucketRange> bucketRanges, int shardNumber)
     {
         foreach (var bucketRange in bucketRanges)
         {
             if (bucketRange.ShardNumber == shardNumber)","public class ShardingConfiguration

    public static bool DoesShardHaveBuckets(List<ShardBucketRange> bucketRanges, int shardNumber)
    {
        foreach (var bucketRange in bucketRanges)
        {
            if (bucketRange.ShardNumber == shardNumber)"," public class ShardingConfiguration
 
     public static bool DoesShardHaveBuckets(List<ShardBucketRange> bucketRanges, int shardNumber)
     {
         foreach (var bucketRange in bucketRanges)
         {
             if (bucketRange.ShardNumber == shardNumber)",0,1,0.46153846153846156,1.0,delete_only,extraction_by_fenced_code_block,extraction_by_fenced_code_block,semantically_equivalent;content_mismatch;over_edit;under_edit;wrong_location;output_format_issue;truncation_suspected;uncertain,
direct_wrong_to_gold_correct,crn-000645,qwen2.5-coder:7b,direct_vs_gold_location,swift," final class ProfileClientViewController: UIViewController, SpinnerCapable {
 
     @objc
     private func onTrustChanged(_ sender: AnyObject) {
-
         ZMUserSession.shared()?.enqueue({ [weak self] in
             guard let weakSelf = self else { return }
             let selfClient = ZMUserSession.shared()!.selfUserClient","```suggestion
```"," final class ProfileClientViewController: UIViewController, SpinnerCapable {
 
     @objc
     private func onTrustChanged(_ sender: AnyObject) {
         ZMUserSession.shared()?.enqueue({ [weak self] in
             guard let weakSelf = self else { return }
             let selfClient = ZMUserSession.shared()!.selfUserClient"," final class ProfileClientViewController: UIViewController, SpinnerCapable {
 
     @objc
     private func onTrustChanged(_ sender: AnyObject) {
         guard let selfClient = ZMUserSession.shared()?.selfUserClient else { return }
         
         ZMUserSession.shared()?.enqueue({ [weak self] in
             guard let weakSelf = self else { return }"," final class ProfileClientViewController: UIViewController, SpinnerCapable {
 
     @objc
     private func onTrustChanged(_ sender: AnyObject) {
         ZMUserSession.shared()?.enqueue({ [weak self] in
             guard let weakSelf = self else { return }
             let selfClient = ZMUserSession.shared()!.selfUserClient",0,1,0.6666666666666666,1.0,delete_only,extraction_by_fenced_code_block,extraction_by_fenced_code_block,semantically_equivalent;content_mismatch;over_edit;under_edit;wrong_location;output_format_issue;truncation_suspected;uncertain,
direct_wrong_to_gold_correct,crn-010016,qwen2.5-coder:7b,direct_vs_gold_location,go," import (
 )
 
 func TestInMem(t *testing.T) {
-
 	for _, tt := range []struct {
 		test               string
 		inMemConfig        *InMem",Remove this empty line at the beginning of the TestInMem function to satisfy the linter.," import (
 )
 
 func TestInMem(t *testing.T) {
 	for _, tt := range []struct {
 		test               string
 		inMemConfig        *InMem","import ()

func TestInMem(t *testing.T) {
	for _, tt := range []struct {
		test               string
		inMemConfig        *InMem"," import (
 )
 
 func TestInMem(t *testing.T) {
 	for _, tt := range []struct {
 		test               string
 		inMemConfig        *InMem",0,1,0.2222222222222222,1.0,delete_only,extraction_by_fenced_code_block,extraction_by_fenced_code_block,semantically_equivalent;content_mismatch;over_edit;under_edit;wrong_location;output_format_issue;truncation_suspected;uncertain,
direct_wrong_to_gold_correct,crn-006435,qwen2.5-coder:32b,direct_vs_gold_location,ruby," def mentor_is_author?
       end
 
       def send_notifications!
-        return unless representation.has_essential_feedback? || representation.has_actionable_feedback?
-
         Exercise::Representation::SendNewFeedbackNotifications.defer(representation)
       end
     end",(This is the guard I refered to above)," def mentor_is_author?
       end
 
       def send_notifications!
         Exercise::Representation::SendNewFeedbackNotifications.defer(representation)
       end
     end"," def mentor_is_author?
       end
 
       def send_notifications!
+        guard = representation.has_essential_feedback? || representation.has_actionable_feedback?
+        return unless guard
-
         Exercise::Representation::SendNewFeedbackNotifications.defer(representation)
       end
     end"," def mentor_is_author?
       end
 
       def send_notifications!
         Exercise::Representation::SendNewFeedbackNotifications.defer(representation)
       end
     end",0,1,0.6666666666666666,1.0,delete_only,extraction_by_fenced_code_block,extraction_by_fenced_code_block,semantically_equivalent;content_mismatch;over_edit;under_edit;wrong_location;output_format_issue;truncation_suspected;uncertain,
direct_wrong_to_gold_correct,crn-007424,qwen2.5-coder:7b,direct_vs_gold_location,csharp," private MethodSymbol CheckMethodGroupReceiverNullability(BoundMethodGroup group,
         public override BoundNode? VisitLambda(BoundLambda node)
         {
             // Lambda bodies are usually visited in VisitConversion (we need to know the target delegate type),
-            // but in errorneous code, the lambda-to-delegate conversion might be missing, then we visit the lambda here.
             if (!node.InAnonymousFunctionConversion)
             {
                 VisitLambda(node, delegateTypeOpt: null);",">errorneous [](http://example.com/codeflow?start=22&length=10)

```suggestion
            // but in erroneous code, the lambda-to-delegate conversion might be missing, then we visit the lambda here.
``` #Closed"," private MethodSymbol CheckMethodGroupReceiverNullability(BoundMethodGroup group,
         public override BoundNode? VisitLambda(BoundLambda node)
         {
             // Lambda bodies are usually visited in VisitConversion (we need to know the target delegate type),
+            // but in erroneous code, the lambda-to-delegate conversion might be missing, then we visit the lambda here.
             if (!node.InAnonymousFunctionConversion)
             {
                 VisitLambda(node, delegateTypeOpt: null);"," private MethodSymbol CheckMethodGroupReceiverNullability(BoundMethodGroup group,
         public override BoundNode? VisitLambda(BoundLambda node)
         {
             // Lambda bodies are usually visited in VisitConversion (we need to know the target delegate type),
-            // but in erroneous code, the lambda-to-delegate conversion might be missing, then we visit the lambda here.
+            // but in erroneous code, the lambda-to-delegate conversion might be missing, so we visit the lambda here.
             if (!node.InAnonymousFunctionConversion)
             {
                 VisitLambda(node, delegateTypeOpt: null);"," private MethodSymbol CheckMethodGroupReceiverNullability(BoundMethodGroup group,
         public override BoundNode? VisitLambda(BoundLambda node)
         {
             // Lambda bodies are usually visited in VisitConversion (we need to know the target delegate type),
+            // but in erroneous code, the lambda-to-delegate conversion might be missing, then we visit the lambda here.
             if (!node.InAnonymousFunctionConversion)
             {
                 VisitLambda(node, delegateTypeOpt: null);",0,1,1.0,1.0,replace_only,extraction_by_fenced_code_block,extraction_by_fenced_code_block,semantically_equivalent;content_mismatch;over_edit;under_edit;wrong_location;output_format_issue;truncation_suspected;uncertain,
direct_wrong_to_gold_correct,crn-006084,qwen2.5-coder:32b,direct_vs_gold_location,python," def inline_policy_unapply_policy(fn, self, backend):
         except Exception:
             # Actually role can be deleted before policy being deleted in cloudformation
             pass
-
-    @patch(IAMBackend.create_policy)
-    def clean_policy_document_from_no_values(
-        fn, self, description, path, policy_document, policy_name, tags
-    ):
-        # Sometime CDK adds this resources to the policy doc that should be ignored
-        doc = json.loads(policy_document)
-
-        def _remove_no_values(statement):
-            if isinstance(statement[""Resource""], list):
-                statement[""Resource""] = [
-                    statement_resource
-                    for statement_resource in statement[""Resource""]
-                    if statement_resource != ""__aws_no_value__""
-                ]
-            return statement
-
-        if isinstance(doc[""Statement""], list):
-            doc[""Statement""] = [_remove_no_values(statement) for statement in doc[""Statement""]]
-        return fn(self, description, path, json.dumps(doc), policy_name, tags)","In my opinion, this should be part of the cloudformation model, not of IAM itself, since this is a CDK/cloudformation specific value, which has no notion in IAM itself, right? I would prefer not to mix those things here (unless there is indication IAM itself does this?)"," def inline_policy_unapply_policy(fn, self, backend):
         except Exception:
             # Actually role can be deleted before policy being deleted in cloudformation
             pass","def inline_policy_unapply_policy(fn, self, backend):
    except Exception:
        # Actually role can be deleted before policy being deleted in cloudformation
        pass"," def inline_policy_unapply_policy(fn, self, backend):
         except Exception:
             # Actually role can be deleted before policy being deleted in cloudformation
             pass",0,1,0.9090909090909091,1.0,delete_only,extraction_by_fenced_code_block,extraction_by_fenced_code_block,semantically_equivalent;content_mismatch;over_edit;under_edit;wrong_location;output_format_issue;truncation_suspected;uncertain,
direct_wrong_to_gold_correct,crn-002717,qwen2.5-coder:7b,direct_vs_gold_location,r,"
 #'  distribution for the predictors separately for the data in each class. The
 #'  structure of the model can be LDA, QDA, or some amalgam of the two. Bayes'
 #'  theorem is used to compute the probability of each class, given the
-#'  predictor values. The function can fit classification models.
 #'
 #' \Sexpr[stage=render,results=rd]{parsnip:::make_engine_list(""discrim_regularized"")}
 #'","```suggestion
#'  predictor values. This function can fit classification models.
```","
 #'  distribution for the predictors separately for the data in each class. The
 #'  structure of the model can be LDA, QDA, or some amalgam of the two. Bayes'
 #'  theorem is used to compute the probability of each class, given the
+#'  predictor values. This function can fit classification models.
 #'
 #' \Sexpr[stage=render,results=rd]{parsnip:::make_engine_list(""discrim_regularized"")}
 #'"," #'  distribution for the predictors separately for the data in each class. The
 #'  structure of the model can be LDA, QDA, or some amalgam of the two. Bayes'
 #'  theorem is used to compute the probability of each class, given the
+#'  predictor values. The function can fit classification models.
 #'
 #' \Sexpr[stage=render,results=rd]{parsnip:::make_engine_list(""discrim_regularized"")}
 #'"," #'  distribution for the predictors separately for the data in each class. The
 #'  structure of the model can be LDA, QDA, or some amalgam of the two. Bayes'
 #'  theorem is used to compute the probability of each class, given the
+#'  predictor values. This function can fit classification models.
 #'
 #' \Sexpr[stage=render,results=rd]{parsnip:::make_engine_list(""discrim_regularized"")}
 #'",0,1,0.6666666666666666,0.6666666666666666,replace_only,extraction_by_fenced_code_block,extraction_by_fenced_code_block,semantically_equivalent;content_mismatch;over_edit;under_edit;wrong_location;output_format_issue;truncation_suspected;uncertain,
direct_wrong_to_gold_correct,crn-014843,qwen2.5-coder:7b,direct_vs_gold_location,scala," private final case class ScenarioServiceConfig(
 private object ScenarioServiceConfig {
   // default to 128MB
   val DefaultMaxInboundMessageSize: Int = 128 * 1024 * 1024
-  val DefaultTimeout = 60.seconds
 
   val parser = new scopt.OptionParser[ScenarioServiceConfig](""scenario-service"") {
     head(""scenario-service"")","```suggestion
```"," private final case class ScenarioServiceConfig(
 private object ScenarioServiceConfig {
   // default to 128MB
   val DefaultMaxInboundMessageSize: Int = 128 * 1024 * 1024
 
   val parser = new scopt.OptionParser[ScenarioServiceConfig](""scenario-service"") {
     head(""scenario-service"")"," private final case class ScenarioServiceConfig(
 private object ScenarioServiceConfig {
   // default to 128MB
   val DefaultMaxInboundMessageSize: Int = 128 * 1024 * 1024
+  val DefaultTimeout: Duration = 60.seconds
 
   val parser = new scopt.OptionParser[ScenarioServiceConfig](""scenario-service"") {
     head(""scenario-service"")"," private final case class ScenarioServiceConfig(
 private object ScenarioServiceConfig {
   // default to 128MB
   val DefaultMaxInboundMessageSize: Int = 128 * 1024 * 1024
 
   val parser = new scopt.OptionParser[ScenarioServiceConfig](""scenario-service"") {
     head(""scenario-service"")",0,1,1.0,1.0,delete_only,extraction_by_fenced_code_block,extraction_by_fenced_code_block,semantically_equivalent;content_mismatch;over_edit;under_edit;wrong_location;output_format_issue;truncation_suspected;uncertain,
direct_wrong_to_gold_correct,crn-007660,deepseek-coder:6.7b,direct_vs_gold_location,csharp," public Task Head()
             var id = GetQueryStringValueAndAssertIfSingleAndNotEmpty(""id"");
             var changeVector = GetStringFromHeaders(Constants.Headers.IfNoneMatch);
 
-            if (TrafficWatchManager.HasRegisteredClients)
-                AddStringToHttpContext(id, TrafficWatchChangeType.Documents);
-
             using (ContextPool.AllocateOperationContext(out DocumentsOperationContext context))
             using (context.OpenReadTransaction())
             {",we can remove this since we log in the ctor now," public Task Head()
             var id = GetQueryStringValueAndAssertIfSingleAndNotEmpty(""id"");
             var changeVector = GetStringFromHeaders(Constants.Headers.IfNoneMatch);
 
             using (ContextPool.AllocateOperationContext(out DocumentsOperationContext context))
             using (context.OpenReadTransaction())
             {"," public Task Head()
             var id = GetQueryStringValueAndAssertIfSingleAndNotEmpty(""id"");
             var changeVector = GetStringFromHeaders(Constants.Headers.IfNoneMatch);
 
             using (ContextPool.AllocateOperationContext(out DocumentsOperationContext context))
             using (context.OpenReadTransaction())
              {"," public Task Head()
             var id = GetQueryStringValueAndAssertIfSingleAndNotEmpty(""id"");
             var changeVector = GetStringFromHeaders(Constants.Headers.IfNoneMatch);
             
             using (ContextPool.AllocateOperationContext(out DocumentsOperationContext context))
             using (context.OpenReadTransaction())
             {",0,1,0.8571428571428571,0.8571428571428571,delete_only,extraction_by_fenced_code_block,extraction_by_fenced_code_block,semantically_equivalent;content_mismatch;over_edit;under_edit;wrong_location;output_format_issue;truncation_suspected;uncertain,
direct_wrong_to_gold_correct,crn-012977,qwen2.5-coder:7b,direct_vs_gold_location,java," protected UI(UIInternalUpdater internalsHandler) {
         getNode().getFeature(ElementData.class).setTag(""body"");
         Component.setElement(this, Element.get(getNode()));
         pushConfiguration = new PushConfigurationImpl(this);
-        // Component::setVisible relies on hidden attribute.
-        // Adds a global display:none style to elements with hidden attribute
-        page.addStyleSheet(""./frontend/styles/hidden.css"");
     }
 
     /**",Doesn't this cause a separate request for this file? It should be part of the index page or bundle," protected UI(UIInternalUpdater internalsHandler) {
         getNode().getFeature(ElementData.class).setTag(""body"");
         Component.setElement(this, Element.get(getNode()));
         pushConfiguration = new PushConfigurationImpl(this);
     }
 
     /**"," protected UI(UIInternalUpdater internalsHandler) {
         getNode().getFeature(ElementData.class).setTag(""body"");
         Component.setElement(this, Element.get(getNode()));
         pushConfiguration = new PushConfigurationImpl(this);
-        // Component::setVisible relies on hidden attribute.
-        // Adds a global display:none style to elements with hidden attribute
-        page.addStyleSheet(""./frontend/styles/hidden.css"");
     }
 
     /**"," protected UI(UIInternalUpdater internalsHandler) {
         getNode().getFeature(ElementData.class).setTag(""body"");
         Component.setElement(this, Element.get(getNode()));
         pushConfiguration = new PushConfigurationImpl(this);
     }
 
     /**",0,1,0.0,1.0,delete_only,extraction_by_fenced_code_block,extraction_by_fenced_code_block,semantically_equivalent;content_mismatch;over_edit;under_edit;wrong_location;output_format_issue;truncation_suspected;uncertain,
direct_wrong_to_gold_correct,crn-004623,qwen2.5-coder:32b,direct_vs_gold_location,cpp," bool System::Unlink( const std::string & path )
 }
 
 #if !defined( _WIN32 ) && !defined( ANDROID )
-// TODO: Android filesystem is case-sensitive so it should use the code below.
-//       However, in Android an application has access only to a specific path on the system.
-
 // based on: https://github.com/OneSadCookie/fcaseopen
 bool System::GetCaseInsensitivePath( const std::string & path, std::string & correctedPath )
 {","BTW, Android filesystem is in fact case-insensitive, at least in those places that are accessible by users (`/sdcard`) and where game data files are placed. We don't need to use the workarounds for this."," bool System::Unlink( const std::string & path )
 }
 
 #if !defined( _WIN32 ) && !defined( ANDROID )
 // based on: https://github.com/OneSadCookie/fcaseopen
 bool System::GetCaseInsensitivePath( const std::string & path, std::string & correctedPath )
 {","bool System::Unlink( const std::string & path )
}

#if !defined( _WIN32 )
// based on: https://github.com/OneSadCookie/fcaseopen
bool System::GetCaseInsensitivePath( const std::string & path, std::string & correctedPath )
{"," bool System::Unlink( const std::string & path )
 }
 
 #if !defined( _WIN32 ) && !defined( ANDROID )
 // based on: https://github.com/OneSadCookie/fcaseopen
 bool System::GetCaseInsensitivePath( const std::string & path, std::string & correctedPath )
 {",0,1,0.46153846153846156,1.0,delete_only,extraction_by_fenced_code_block,extraction_by_fenced_code_block,semantically_equivalent;content_mismatch;over_edit;under_edit;wrong_location;output_format_issue;truncation_suspected;uncertain,
direct_wrong_to_gold_correct,crn-012911,qwen2.5-coder:32b,direct_vs_gold_location,python," async def async_setup_entry(
 class ReolinkUpdateEntity(ReolinkBaseCoordinatorEntity, UpdateEntity):
     """"""Update entity for a Netgear device.""""""
 
-    _attr_has_entity_name = True
     _attr_device_class = UpdateDeviceClass.FIRMWARE
     _attr_supported_features = UpdateEntityFeature.INSTALL
 ",You could move `_attr_has_entity_name` to base class I would think," async def async_setup_entry(
 class ReolinkUpdateEntity(ReolinkBaseCoordinatorEntity, UpdateEntity):
     """"""Update entity for a Netgear device.""""""
 
     _attr_device_class = UpdateDeviceClass.FIRMWARE
     _attr_supported_features = UpdateEntityFeature.INSTALL
 "," async def async_setup_entry(
 class ReolinkBaseCoordinatorEntity:
+    """"""Base coordinator entity for a Netgear device.""""""
+
+    _attr_has_entity_name = True

 class ReolinkUpdateEntity(ReolinkBaseCoordinatorEntity, UpdateEntity):
     """"""Update entity for a Netgear device.""""""
 
-    _attr_has_entity_name = True
     _attr_device_class = UpdateDeviceClass.FIRMWARE
     _attr_supported_features = UpdateEntityFeature.INSTALL
 "," async def async_setup_entry(
 class ReolinkUpdateEntity(ReolinkBaseCoordinatorEntity, UpdateEntity):
     """"""Update entity for a Netgear device.""""""
 
     _attr_device_class = UpdateDeviceClass.FIRMWARE
     _attr_supported_features = UpdateEntityFeature.INSTALL
 ",0,1,0.0,1.0,delete_only,extraction_by_fenced_code_block,wrapper_text;extraction_by_fenced_code_block,semantically_equivalent;content_mismatch;over_edit;under_edit;wrong_location;output_format_issue;truncation_suspected;uncertain,
direct_wrong_to_gold_correct,crn-007524,qwen2.5-coder:7b,direct_vs_gold_location,csharp,"
 using System.Collections.Generic;
 using System.Threading;
 using System.Threading.Tasks;
-using Microsoft.CodeAnalysis.CodeFixes.FullyQualify;
 using Microsoft.CodeAnalysis.FindSymbols;
 using Microsoft.CodeAnalysis.FindUsages;
 using Microsoft.CodeAnalysis.Shared.Extensions;",💭 Find Usages is using the Fully Qualify namespace?,"
 using System.Collections.Generic;
 using System.Threading;
 using System.Threading.Tasks;
 using Microsoft.CodeAnalysis.FindSymbols;
 using Microsoft.CodeAnalysis.FindUsages;
 using Microsoft.CodeAnalysis.Shared.Extensions;"," using System.Collections.Generic;
 using System.Threading;
 using System.Threading.Tasks;
// -using Microsoft.CodeAnalysis.CodeFixes.FullyQualify;
 using Microsoft.CodeAnalysis.FindSymbols;
 using Microsoft.CodeAnalysis.FindUsages;
 using Microsoft.CodeAnalysis.Shared.Extensions;"," using System.Collections.Generic;
 using System.Threading;
 using System.Threading.Tasks;
 using Microsoft.CodeAnalysis.FindSymbols;
 using Microsoft.CodeAnalysis.FindUsages;
 using Microsoft.CodeAnalysis.Shared.Extensions;",0,1,0.6666666666666666,0.6666666666666666,delete_only,extraction_by_fenced_code_block,extraction_by_fenced_code_block,semantically_equivalent;content_mismatch;over_edit;under_edit;wrong_location;output_format_issue;truncation_suspected;uncertain,
direct_wrong_to_gold_correct,crn-008658,deepseek-coder:6.7b,direct_vs_gold_location,go," func NewSidecarBuilder(config any) *SidecarBuilder {
 }
 
 func (sb *SidecarBuilder) registerAuthServer(ctx context.Context) error {
-
 	apiServer, err := authserver.NewAuthServer(authserver.EnvFromServiceEnv(sb.env, sb.txnEnv), false, false, false)
 	if err != nil {
 		return err",nit: extra newline here," func NewSidecarBuilder(config any) *SidecarBuilder {
 }
 
 func (sb *SidecarBuilder) registerAuthServer(ctx context.Context) error {
 	apiServer, err := authserver.NewAuthServer(authserver.EnvFromServiceEnv(sb.env, sb.txnEnv), false, false, false)
 	if err != nil {
 		return err","func NewSidecarBuilder(config any) *SidecarBuilder {
}

func (sb *SidecarBuilder) registerAuthServer(ctx context.Context) error {
	// Add missing newline here
	apiServer, err := authserver.NewAuthServer(authserver.EnvFromServiceEnv(sb.env, sb.txnEnv), false, false, false)
	if err != nil {
		return err
	}"," func NewSidecarBuilder(config any) *SidecarBuilder {
 }
 
 func (sb *SidecarBuilder) registerAuthServer(ctx context.Context) error {
 	apiServer, err := authserver.NewAuthServer(authserver.EnvFromServiceEnv(sb.env, sb.txnEnv), false, false, false)
 	if err != nil {
 		return err",0,1,0.2222222222222222,1.0,delete_only,extraction_by_fenced_code_block,extraction_by_fenced_code_block,semantically_equivalent;content_mismatch;over_edit;under_edit;wrong_location;output_format_issue;truncation_suspected;uncertain,
direct_wrong_to_gold_correct,crn-006069,qwen2.5-coder:7b,direct_vs_gold_location,python," def get_cfn_attribute(self, attribute_name):
 
         if attribute_name == ""WebsiteURL"":
             bucket_name = self.props.get(""BucketName"")
-            return f""http://{bucket_name}.{S3_STATIC_WEBSITE_HOSTNAME}""
 
         return super(S3Bucket, self).get_cfn_attribute(attribute_name)
 ",nit: technically the s3 bucket could also have an https URL.," def get_cfn_attribute(self, attribute_name):
 
         if attribute_name == ""WebsiteURL"":
             bucket_name = self.props.get(""BucketName"")
+            return f""https://{bucket_name}.{S3_STATIC_WEBSITE_HOSTNAME}""
 
         return super(S3Bucket, self).get_cfn_attribute(attribute_name)
 "," def get_cfn_attribute(self, attribute_name):
 
         if attribute_name == ""WebsiteURL"":
             bucket_name = self.props.get(""BucketName"")
-            return f""http://{bucket_name}.{S3_STATIC_WEBSITE_HOSTNAME}""
+            return f""https://{bucket_name}.{S3_STATIC_WEBSITE_HOSTNAME}""
 
         return super(S3Bucket, self).get_cfn_attribute(attribute_name)
 "," def get_cfn_attribute(self, attribute_name):
 
         if attribute_name == ""WebsiteURL"":
             bucket_name = self.props.get(""BucketName"")
+            return f""https://{bucket_name}.{S3_STATIC_WEBSITE_HOSTNAME}""
 
         return super(S3Bucket, self).get_cfn_attribute(attribute_name)
 ",0,1,1.0,1.0,replace_only,extraction_by_fenced_code_block,extraction_by_fenced_code_block,semantically_equivalent;content_mismatch;over_edit;under_edit;wrong_location;output_format_issue;truncation_suspected;uncertain,
direct_wrong_to_gold_correct,crn-012969,qwen2.5-coder:7b,direct_vs_gold_location,java,"
 import java.net.URISyntaxException;
 import java.nio.file.Path;
 
-import org.apache.commons.lang3.Conversion;
 import org.junit.After;
 import org.junit.Before;
 import org.junit.Rule;",Leftover? Remove if not used.,"
 import java.net.URISyntaxException;
 import java.nio.file.Path;
 
 import org.junit.After;
 import org.junit.Before;
 import org.junit.Rule;","import java.net.URISyntaxException;
import java.nio.file.Path;

import org.junit.After;
import org.junit.Before;
import org.junit.Rule;"," import java.net.URISyntaxException;
 import java.nio.file.Path;
 
 import org.junit.After;
 import org.junit.Before;
 import org.junit.Rule;",0,1,0.2222222222222222,0.6666666666666666,delete_only,extraction_by_fenced_code_block,extraction_by_fenced_code_block,semantically_equivalent;content_mismatch;over_edit;under_edit;wrong_location;output_format_issue;truncation_suspected;uncertain,
direct_wrong_to_gold_correct,crn-005458,qwen2.5-coder:7b,direct_vs_gold_location,go," func (el *EventLoop) loop(ctx context.Context) error {
 	partialTCs := el.partialTcCreatedNotifier.Channel()
 
 	for {
-		// Giving timeout events the priority to be processed first
 		// This is to prevent attacks from malicious nodes that attempt
 		// to block honest nodes' pacemaker from progressing by sending
 		// other events.","```suggestion
		// Giving timeout events the priority to be processed first.
```"," func (el *EventLoop) loop(ctx context.Context) error {
 	partialTCs := el.partialTcCreatedNotifier.Channel()
 
 	for {
+		// Giving timeout events the priority to be processed first.
 		// This is to prevent attacks from malicious nodes that attempt
 		// to block honest nodes' pacemaker from progressing by sending
 		// other events."," func (el *EventLoop) loop(ctx context.Context) error {
 	partialTCs := el.partialTcCreatedNotifier.Channel()
 
 	for {
+		// Giving timeout events the priority to be processed first
 		// This is to prevent attacks from malicious nodes that attempt
 		// to block honest nodes' pacemaker from progressing by sending
 		// other events."," func (el *EventLoop) loop(ctx context.Context) error {
 	partialTCs := el.partialTcCreatedNotifier.Channel()
 
 	for {
+		// Giving timeout events the priority to be processed first.
 		// This is to prevent attacks from malicious nodes that attempt
 		// to block honest nodes' pacemaker from progressing by sending
 		// other events.",0,1,1.0,1.0,replace_only,extraction_by_fenced_code_block,extraction_by_fenced_code_block,semantically_equivalent;content_mismatch;over_edit;under_edit;wrong_location;output_format_issue;truncation_suspected;uncertain,
direct_wrong_to_gold_correct,crn-007923,qwen2.5-coder:7b,direct_vs_gold_location,java," public void testValidatesAgainstDTD() throws Exception {
         // get the wms 1.1.1 DTD
         URL dtdURL =
                 GetCapabilitiesTransformer.class.getResource(
-                        ""/schemas/wms/1.1.1/wms_ms_capabilities.dtd"");
         String dtd = Resources.toString(dtdURL, StandardCharsets.UTF_8);
 
         try (InputStream dtdInputStream = new ByteArrayInputStream(dtd.getBytes())) {","```suggestion
                        ""/schemas/wms/1.1.1/WMS_MS_Capabilities.dtd"");
```

Linux is case sensitive, mACos and wInDoWS are not."," public void testValidatesAgainstDTD() throws Exception {
         // get the wms 1.1.1 DTD
         URL dtdURL =
                 GetCapabilitiesTransformer.class.getResource(
+                        ""/schemas/wms/1.1.1/WMS_MS_Capabilities.dtd"");
         String dtd = Resources.toString(dtdURL, StandardCharsets.UTF_8);
 
         try (InputStream dtdInputStream = new ByteArrayInputStream(dtd.getBytes())) {"," public void testValidatesAgainstDTD() throws Exception {
         // get the wms 1.1.1 DTD
         URL dtdURL =
                 GetCapabilitiesTransformer.class.getResource(
-                        ""/schemas/wms/1.1.1/wms_ms_capabilities.dtd"");
+                        ""/schemas/wms/1.1.1/WMS_MS_Capabilities.dtd"");
         String dtd = Resources.toString(dtdURL, StandardCharsets.UTF_8);
 
         try (InputStream dtdInputStream = new ByteArrayInputStream(dtd.getBytes())) {"," public void testValidatesAgainstDTD() throws Exception {
         // get the wms 1.1.1 DTD
         URL dtdURL =
                 GetCapabilitiesTransformer.class.getResource(
+                        ""/schemas/wms/1.1.1/WMS_MS_Capabilities.dtd"");
         String dtd = Resources.toString(dtdURL, StandardCharsets.UTF_8);
 
         try (InputStream dtdInputStream = new ByteArrayInputStream(dtd.getBytes())) {",0,1,1.0,1.0,replace_only,extraction_by_fenced_code_block,extraction_by_fenced_code_block,semantically_equivalent;content_mismatch;over_edit;under_edit;wrong_location;output_format_issue;truncation_suspected;uncertain,
direct_wrong_to_gold_correct,crn-004089,qwen2.5-coder:7b,direct_vs_gold_location,go," func TestContainerHelper(t *testing.T) {
 		assert.Empty(t, podID)
 		assert.Equal(t, """", containerID)
 	})
-
-	t.Run(""configure fails when sigstore is enabled"", func(t *testing.T) {
-		rekorURL := ""https://test.org""
-		config := &HCLConfig{
-			Experimental: &ExperimentalK8SConfig{
-				Sigstore: &SigstoreHCLConfig{RekorURL: &rekorURL},
-			},
-		}
-		err := cHelper.Configure(config, hclog.NewNullLogger())
-		spiretest.RequireGRPCStatus(t, err, codes.InvalidArgument, ""sigstore configuration is not supported on windows environment"")
-	})
-
-	t.Run(""get os selectors returns empty list"", func(t *testing.T) {
-		selectors, err := cHelper.GetOSSelectors(context.Background(), hclog.NewNullLogger(), &corev1.ContainerStatus{
-			ContainerID: ""cID"",
-		})
-		assert.NoError(t, err)
-		assert.Empty(t, selectors)
-	})
 }
 
 type fakeProcessHelper struct {","this is not testing code, it is a fake, so you can avoid this test"," func TestContainerHelper(t *testing.T) {
 		assert.Empty(t, podID)
 		assert.Equal(t, """", containerID)
 	})
 }
 
 type fakeProcessHelper struct {","func TestContainerHelper(t *testing.T) {
    assert.Empty(t, podID)
    assert.Equal(t, """", containerID)
}"," func TestContainerHelper(t *testing.T) {
 		assert.Empty(t, podID)
 		assert.Equal(t, """", containerID)
 	})
 }
 
 type fakeProcessHelper struct {",0,1,0.8444444444444444,1.0,delete_only,extraction_by_fenced_code_block,extraction_by_fenced_code_block,semantically_equivalent;content_mismatch;over_edit;under_edit;wrong_location;output_format_issue;truncation_suspected;uncertain,
direct_wrong_to_gold_correct,crn-012740,qwen2.5-coder:7b,direct_vs_gold_location,go," func TestActiveReplicatorMultiCollection(t *testing.T) {
 		numDocsPerCollection = 3
 	)
 
-	base.RequireNumTestBuckets(t, 2)
 	base.RequireNumTestDataStores(t, numCollections)
-	base.TestRequiresCollections(t)
 
 	// rt2 passive
 	rt2 := rest.NewRestTesterMultipleCollections(t, &rest.RestTesterConfig{",2 of these are already at the top of the test ," func TestActiveReplicatorMultiCollection(t *testing.T) {
 		numDocsPerCollection = 3
 	)
 
 	base.RequireNumTestDataStores(t, numCollections)
 
 	// rt2 passive
 	rt2 := rest.NewRestTesterMultipleCollections(t, &rest.RestTesterConfig{"," func TestActiveReplicatorMultiCollection(t *testing.T) {
 		numDocsPerCollection = 3
 	)
 
-	base.RequireNumTestBuckets(t, 2)
-	base.TestRequiresCollections(t)
 
 	// rt2 passive
 	rt2 := rest.NewRestTesterMultipleCollections(t, &rest.RestTesterConfig{"," func TestActiveReplicatorMultiCollection(t *testing.T) {
 		numDocsPerCollection = 3
 	)
 
 	base.RequireNumTestDataStores(t, numCollections)
 
 	// rt2 passive
 	rt2 := rest.NewRestTesterMultipleCollections(t, &rest.RestTesterConfig{",0,1,0.0,1.0,delete_only,extraction_by_fenced_code_block,extraction_by_fenced_code_block,semantically_equivalent;content_mismatch;over_edit;under_edit;wrong_location;output_format_issue;truncation_suspected;uncertain,
direct_wrong_to_gold_correct,crn-001710,qwen2.5-coder:7b,direct_vs_gold_location,kotlin," fun <T> MutableExecutionOptions<T>.doNotStore(doNotStore: Boolean) = addExecutio
  *
  * Default: false
  */
-@Deprecated(""Will be removed in v4, where this is the default behavior"", ReplaceWith(""""))
-@ApolloDeprecatedSince(v3_7_5)
 fun <T> MutableExecutionOptions<T>.emitCacheMisses(emitCacheMisses: Boolean) = addExecutionContext(
     EmitCacheMissesContext(emitCacheMisses)
 )",Same here," fun <T> MutableExecutionOptions<T>.doNotStore(doNotStore: Boolean) = addExecutio
  *
  * Default: false
  */
 fun <T> MutableExecutionOptions<T>.emitCacheMisses(emitCacheMisses: Boolean) = addExecutionContext(
     EmitCacheMissesContext(emitCacheMisses)
 )","/**
 * Whether to store the result of this execution.
 *
 * Default: true
 */
@Deprecated(""Will be removed in v4, where this is the default behavior"", ReplaceWith(""""))
@ApolloDeprecatedSince(v3_7_5)
fun <T> MutableExecutionOptions<T>.doNotStore(doNotStore: Boolean) = addExecutionContext(
    DoNotStoreContext(doNotStore)
)

/**
 * Whether to emit cache misses for this execution.
 *
 * Default: false
 */
@Deprecated(""Will be removed in v4, where this is the default behavior"", ReplaceWith(""""))
@ApolloDeprecatedSince(v3_7_5)
fun <T> MutableExecutionOptions<T>.emitCacheMisses(emitCacheMisses: Boolean) = addExecutionContext(
    EmitCacheMissesContext(emitCacheMisses)
)","fun <T> MutableExecutionOptions<T>.doNotStore(doNotStore: Boolean) = addExecutio
  *
  * Default: false
  */
 fun <T> MutableExecutionOptions<T>.emitCacheMisses(emitCacheMisses: Boolean) = addExecutionContext(
     EmitCacheMissesContext(emitCacheMisses)
 )",0,1,0.36363636363636365,0.8,delete_only,extraction_by_fenced_code_block,extraction_by_fenced_code_block,semantically_equivalent;content_mismatch;over_edit;under_edit;wrong_location;output_format_issue;truncation_suspected;uncertain,
direct_wrong_to_gold_correct,crn-004817,qwen2.5-coder:7b,direct_vs_gold_location,ruby," def validate_embedded(document, attribute, value)
         relation = document._parent.send(document.association_name)
         criteria = create_criteria(relation, document, attribute, value)
         criteria = criteria.merge(options[:conditions].call) if options[:conditions]
-        criteria = criteria.limit(2)
         add_error(document, attribute, value) if criteria.count > 1
       end
 ","Since the line below is `criteria.count > 1` (not `> 0`), we can't use `exists?` here as the original ticket implies. (I did try `where(_id: document._id).exists?` but some specs fail.)

I think the best we can do is to set a limit, but since this is all in memory, I don't think it has a huge practical benefit. Probably this should just be left as-is, please let me know."," def validate_embedded(document, attribute, value)
         relation = document._parent.send(document.association_name)
         criteria = create_criteria(relation, document, attribute, value)
         criteria = criteria.merge(options[:conditions].call) if options[:conditions]
         add_error(document, attribute, value) if criteria.count > 1
       end
 "," def validate_embedded(document, attribute, value)
         relation = document._parent.send(document.association_name)
         criteria = create_criteria(relation, document, attribute, value)
         criteria = criteria.merge(options[:conditions].call) if options[:conditions]
-        criteria = criteria.limit(2)
         add_error(document, attribute, value) if criteria.count > 1
       end
 "," def validate_embedded(document, attribute, value)
         relation = document._parent.send(document.association_name)
         criteria = create_criteria(relation, document, attribute, value)
         criteria = criteria.merge(options[:conditions].call) if options[:conditions]
         add_error(document, attribute, value) if criteria.count > 1
       end
 ",0,1,0.0,1.0,delete_only,extraction_by_fenced_code_block,extraction_by_fenced_code_block,semantically_equivalent;content_mismatch;over_edit;under_edit;wrong_location;output_format_issue;truncation_suspected;uncertain,
direct_wrong_to_gold_correct,crn-000738,qwen2.5-coder:32b,direct_vs_gold_location,swift," final class IncomingConnectionView: UIView {
             userDetailView.bottomAnchor.constraint(lessThanOrEqualTo: securityLevelView.topAnchor),
 
             securityLevelView.centerXAnchor.constraint(equalTo: centerXAnchor),
-            securityLevelView.topAnchor.constraint(equalTo: userDetailView.bottomAnchor),
             securityLevelView.leadingAnchor.constraint(equalTo: leadingAnchor),
             securityLevelView.trailingAnchor.constraint(equalTo: trailingAnchor),
             securityLevelView.bottomAnchor.constraint(lessThanOrEqualTo: userImageView.topAnchor),","```suggestion
            userDetailView.bottomAnchor.constraint(lessThanOrEqualTo: securityLevelView.topAnchor),

            securityLevelView.centerXAnchor.constraint(equalTo: centerXAnchor),
```"," final class IncomingConnectionView: UIView {
             userDetailView.bottomAnchor.constraint(lessThanOrEqualTo: securityLevelView.topAnchor),
 
             securityLevelView.centerXAnchor.constraint(equalTo: centerXAnchor),
             securityLevelView.leadingAnchor.constraint(equalTo: leadingAnchor),
             securityLevelView.trailingAnchor.constraint(equalTo: trailingAnchor),
             securityLevelView.bottomAnchor.constraint(lessThanOrEqualTo: userImageView.topAnchor),"," final class IncomingConnectionView: UIView {
             userDetailView.bottomAnchor.constraint(lessThanOrEqualTo: securityLevelView.topAnchor),

            securityLevelView.centerXAnchor.constraint(equalTo: centerXAnchor),
             securityLevelView.leadingAnchor.constraint(equalTo: leadingAnchor),
             securityLevelView.trailingAnchor.constraint(equalTo: trailingAnchor),
             securityLevelView.bottomAnchor.constraint(lessThanOrEqualTo: userImageView.topAnchor),"," final class IncomingConnectionView: UIView {
             userDetailView.bottomAnchor.constraint(lessThanOrEqualTo: securityLevelView.topAnchor),

             securityLevelView.centerXAnchor.constraint(equalTo: centerXAnchor),
             securityLevelView.leadingAnchor.constraint(equalTo: leadingAnchor),
             securityLevelView.trailingAnchor.constraint(equalTo: trailingAnchor),
             securityLevelView.bottomAnchor.constraint(lessThanOrEqualTo: userImageView.topAnchor),",0,1,0.5,0.6666666666666666,delete_only,wrapper_text;extraction_by_fenced_code_block,extraction_by_fenced_code_block,semantically_equivalent;content_mismatch;over_edit;under_edit;wrong_location;output_format_issue;truncation_suspected;uncertain,
direct_wrong_to_gold_correct,crn-007136,qwen2.5-coder:7b,direct_vs_gold_location,cpp," BENCHMARK(Atomic_ContentiousMinReplacements<double>)
     ->Arg(LENGTH / 5)
     ->UseManualTime()
     ->Iterations(10);
-///////////////////////////////////////////////////////////////////////
-
-int main(int argc, char* argv[]) {
-  Kokkos::initialize(argc, argv);
-  benchmark::Initialize(&argc, argv);
-  benchmark::SetDefaultTimeUnit(benchmark::kSecond);
-  KokkosBenchmark::add_benchmark_context(true);
-
-  (void)Test::command_line_num_args(argc);
-  (void)Test::command_line_arg(0, argv);
-
-  benchmark::RunSpecifiedBenchmarks();
-
-  benchmark::Shutdown();
-  Kokkos::finalize();
-  return 0;
-}",TODO: consider using `BenchmarkMain.cpp`.," BENCHMARK(Atomic_ContentiousMinReplacements<double>)
     ->Arg(LENGTH / 5)
     ->UseManualTime()
     ->Iterations(10);"," BENCHMARK(Atomic_ContentiousMinReplacements<double>)
     ->Arg(LENGTH / 5)
     ->UseManualTime()
     ->Iterations(10);

 int main(int argc, char* argv[]) {
   Kokkos::initialize(argc, argv);
   benchmark::Initialize(&argc, argv);
   benchmark::SetDefaultTimeUnit(benchmark::kSecond);
   KokkosBenchmark::add_benchmark_context(true);

   (void)Test::command_line_num_args(argc);
   (void)Test::command_line_arg(0, argv);

   benchmark::RunSpecifiedBenchmarks();

   benchmark::Shutdown();
   Kokkos::finalize();
   return 0;
 }"," BENCHMARK(Atomic_ContentiousMinReplacements<double>)
     ->Arg(LENGTH / 5)
     ->UseManualTime()
     ->Iterations(10);",0,1,1.0,1.0,delete_only,extraction_by_fenced_code_block,extraction_by_fenced_code_block,semantically_equivalent;content_mismatch;over_edit;under_edit;wrong_location;output_format_issue;truncation_suspected;uncertain,
direct_wrong_to_gold_correct,crn-013573,qwen2.5-coder:32b,direct_vs_gold_location,kotlin," class MessageItemFactory @Inject constructor(
                 .callback(callback)
     }
 
-
-
     private fun buildEndedPollItem(
             endedPollContent: MessageEndPollContent,
             informationData: MessageInformationData,","
<!--
  1 failure:  Needless blank li...
  0 warning: 
  
  
  DangerID: danger-id-Danger;
  File: vector/src/main/java/im/vector/app/features/home/room/detail/timeline/factory/MessageItemFactory.kt;
  Line: 269;
-->
- :no_entry_sign: Needless blank line(s)



  "," class MessageItemFactory @Inject constructor(
                 .callback(callback)
     }
 
     private fun buildEndedPollItem(
             endedPollContent: MessageEndPollContent,
             informationData: MessageInformationData,","class MessageItemFactory @Inject constructor(
        .callback(callback)
}

private fun buildEndedPollItem(
        endedPollContent: MessageEndPollContent,
        informationData: MessageInformationData,"," class MessageItemFactory @Inject constructor(
                 .callback(callback)
     }
 
     private fun buildEndedPollItem(
             endedPollContent: MessageEndPollContent,
             informationData: MessageInformationData,",0,1,0.36363636363636365,1.0,delete_only,extraction_by_fenced_code_block,extraction_by_fenced_code_block,semantically_equivalent;content_mismatch;over_edit;under_edit;wrong_location;output_format_issue;truncation_suspected;uncertain,
direct_wrong_to_gold_correct,crn-010007,qwen2.5-coder:7b,direct_vs_gold_location,csharp," public IQueryExpressionPlan GetHQLQueryPlan(IQueryExpression queryExpression, bo
 				plan = new QueryExpressionPlan(queryExpression, shallow, enabledFilters, factory);
 				// 6.0 TODO: add ""CanCachePlan { get; }"" to IQueryExpression interface
 				if(queryExpression is ICacheableQueryExpression linqExpression && linqExpression.CanCachePlan)
-				{
 					planCache.Put(key, PreparePlanToCache(plan));
-				}
 				else
-				{
 					log.Debug(""Query plan not cacheable"");
-				}
 			}
 			else
 			{","It is better to avoid noise unrelated to your change, so better revert this."," public IQueryExpressionPlan GetHQLQueryPlan(IQueryExpression queryExpression, bo
 				plan = new QueryExpressionPlan(queryExpression, shallow, enabledFilters, factory);
 				// 6.0 TODO: add ""CanCachePlan { get; }"" to IQueryExpression interface
 				if(queryExpression is ICacheableQueryExpression linqExpression && linqExpression.CanCachePlan)
 					planCache.Put(key, PreparePlanToCache(plan));
 				else
 					log.Debug(""Query plan not cacheable"");
 			}
 			else
 			{"," public IQueryExpressionPlan GetHQLQueryPlan(IQueryExpression queryExpression, bo
 				plan = new QueryExpressionPlan(queryExpression, shallow, enabledFilters, factory);
 				// 6.0 TODO: add ""CanCachePlan { get; }"" to IQueryExpression interface
-				if(queryExpression is ICacheableQueryExpression linqExpression && linqExpression.CanCachePlan)
-				{
 					planCache.Put(key, PreparePlanToCache(plan));
-				}
-				else
-				{
 					log.Debug(""Query plan not cacheable"");
-				}
 			}
 			else
 			{"," public IQueryExpressionPlan GetHQLQueryPlan(IQueryExpression queryExpression, bo
 				plan = new QueryExpressionPlan(queryExpression, shallow, enabledFilters, factory);
 				// 6.0 TODO: add ""CanCachePlan { get; }"" to IQueryExpression interface
 				if(queryExpression is ICacheableQueryExpression linqExpression && linqExpression.CanCachePlan)
 					planCache.Put(key, PreparePlanToCache(plan));
 				else
 					log.Debug(""Query plan not cacheable"");
 			}
 			else
 			{",0,1,0.0,1.0,delete_only,extraction_by_fenced_code_block,extraction_by_fenced_code_block,semantically_equivalent;content_mismatch;over_edit;under_edit;wrong_location;output_format_issue;truncation_suspected;uncertain,
direct_wrong_to_gold_correct,crn-007488,qwen2.5-coder:32b,direct_vs_gold_location,csharp," internal static bool IsSynthesizedAttributeOptional(WellKnownMember attributeMem
                 case WellKnownMember.System_Runtime_CompilerServices_AsyncStateMachineAttribute__ctor:
                 case WellKnownMember.System_Runtime_CompilerServices_IteratorStateMachineAttribute__ctor:
                 case WellKnownMember.System_Runtime_CompilerServices_AsyncIteratorStateMachineAttribute__ctor:
-                case WellKnownMember.System_Diagnostics_CodeAnalysis_UnscopedRefAttribute__ctor:
                     return true;
 
                 default:",">WellKnownMember.System_Diagnostics_CodeAnalysis_UnscopedRefAttribute__ctor [](http://example.com/codeflow?start=21&length=74)

I am curious what scenarios does this enable. Is presence of the attribute not important for consumers? #Closed"," internal static bool IsSynthesizedAttributeOptional(WellKnownMember attributeMem
                 case WellKnownMember.System_Runtime_CompilerServices_AsyncStateMachineAttribute__ctor:
                 case WellKnownMember.System_Runtime_CompilerServices_IteratorStateMachineAttribute__ctor:
                 case WellKnownMember.System_Runtime_CompilerServices_AsyncIteratorStateMachineAttribute__ctor:
                     return true;
 
                 default:"," internal static bool IsSynthesizedAttributeOptional(WellKnownMember attributeMem)
                 case WellKnownMember.System_Runtime_CompilerServices_AsyncStateMachineAttribute__ctor:
                 case WellKnownMember.System_Runtime_CompilerServices_IteratorStateMachineAttribute__ctor:
                 case WellKnownMember.System_Runtime_CompilerServices_AsyncIteratorStateMachineAttribute__ctor:
+                case WellKnownMember.System_Diagnostics_CodeAnalysis_UnscopedRefAttribute__ctor:
                     return true;
 
                 default:"," internal static bool IsSynthesizedAttributeOptional(WellKnownMember attributeMem
                 case WellKnownMember.System_Runtime_CompilerServices_AsyncStateMachineAttribute__ctor:
                 case WellKnownMember.System_Runtime_CompilerServices_IteratorStateMachineAttribute__ctor:
                 case WellKnownMember.System_Runtime_CompilerServices_AsyncIteratorStateMachineAttribute__ctor:
                     return true;
 
                 default:",0,1,0.6666666666666666,1.0,delete_only,wrapper_text;extraction_by_fenced_code_block,extraction_by_fenced_code_block,semantically_equivalent;content_mismatch;over_edit;under_edit;wrong_location;output_format_issue;truncation_suspected;uncertain,
direct_wrong_to_gold_correct,crn-009363,qwen2.5-coder:7b,direct_vs_gold_location,python," def test_isjunction(self):
 
     @unittest.skipIf(sys.platform != 'win32', ""drive letters are a windows concept"")
     def test_isfile_driveletter(self):
-        current_drive = ""\\\\.\\"" + os.path.splitdrive(os.path.abspath(__file__))[0]
-        self.assertFalse(os.path.isfile(current_drive))
 
     @unittest.skipIf(sys.platform != 'win32', ""Fast paths are only for win32"")
     @cpython_only","The test could be run on a UNC path, such as ""\\\\localhost\\C$\\Source\cpython"". In the latter case, the 'drive' of `__file__` would be ""\\\\localhost\\C$"". I'd use the `SystemDrive` environment variable, and skip the test if it doesn't exist or isn't a drive letter.

```suggestion
        drive = os.environ.get('SystemDrive')
        if drive is None or len(drive) != 2 or drive[1] != ':':
            raise unittest.SkipTest('SystemDrive is not defined or malformed')
        self.assertFalse(os.path.isfile('\\\\.\\' + drive))
```
"," def test_isjunction(self):
 
     @unittest.skipIf(sys.platform != 'win32', ""drive letters are a windows concept"")
     def test_isfile_driveletter(self):
+        drive = os.environ.get('SystemDrive')
+        if drive is None or len(drive) != 2 or drive[1] != ':':
+            raise unittest.SkipTest('SystemDrive is not defined or malformed')
+        self.assertFalse(os.path.isfile('\\\\.\\' + drive))
 
     @unittest.skipIf(sys.platform != 'win32', ""Fast paths are only for win32"")
     @cpython_only"," def test_isjunction(self):
 
     @unittest.skipIf(sys.platform != 'win32', ""drive letters are a windows concept"")
     def test_isfile_driveletter(self):
-        current_drive = ""\\\\.\\"" + os.path.splitdrive(os.path.abspath(__file__))[0]
+        drive = os.environ.get('SystemDrive')
+        if drive is None or len(drive) != 2 or drive[1] != ':':
+            raise unittest.SkipTest('SystemDrive is not defined or malformed')
+        current_drive = ""\\\\.\\"" + drive
         self.assertFalse(os.path.isfile(current_drive))
 
     @unittest.skipIf(sys.platform != 'win32', ""Fast paths are only for win32"")
     @cpython_only"," def test_isjunction(self):
 
     @unittest.skipIf(sys.platform != 'win32', ""drive letters are a windows concept"")
     def test_isfile_driveletter(self):
+        drive = os.environ.get('SystemDrive')
+        if drive is None or len(drive) != 2 or drive[1] != ':':
+            raise unittest.SkipTest('SystemDrive is not defined or malformed')
+        self.assertFalse(os.path.isfile('\\\\.\\' + drive))
 
     @unittest.skipIf(sys.platform != 'win32', ""Fast paths are only for win32"")
     @cpython_only",0,1,0.6666666666666666,1.0,replace_only,extraction_by_fenced_code_block,extraction_by_fenced_code_block,semantically_equivalent;content_mismatch;over_edit;under_edit;wrong_location;output_format_issue;truncation_suspected;uncertain,
random_exact_wrong_pair,crn-006280,qwen2.5-coder:32b,direct_vs_gold_location,c," int s2n_io_pair_shutdown_one_end(struct s2n_test_io_pair *io_pair, int mode_to_c
 
 void s2n_print_connection(struct s2n_connection *conn, const char *marker)
 {
-    size_t i;
 
     printf(""marker: %s\n"", marker);
     printf(""HEADER IN Stuffer (write: %d, read: %d, size: %d)\n"", conn->header_in.write_cursor, conn->header_in.read_cursor, conn->header_in.blob.size);","initialize this while you're here 😄 
```suggestion
    size_t i = 0;
```"," int s2n_io_pair_shutdown_one_end(struct s2n_test_io_pair *io_pair, int mode_to_c
 
 void s2n_print_connection(struct s2n_connection *conn, const char *marker)
 {
+    size_t i = 0;
 
     printf(""marker: %s\n"", marker);
     printf(""HEADER IN Stuffer (write: %d, read: %d, size: %d)\n"", conn->header_in.write_cursor, conn->header_in.read_cursor, conn->header_in.blob.size);"," int s2n_io_pair_shutdown_one_end(struct s2n_test_io_pair *io_pair, int mode_to_c
 
 void s2n_print_connection(struct s2n_connection *conn, const char *marker)
 {
-    size_t i;
+    size_t i = 0;
 
     printf(""marker: %s\n"", marker);
     printf(""HEADER IN Stuffer (write: %d, read: %d, size: %d)\n"", conn->header_in.write_cursor, conn->header_in.read_cursor, conn->header_in.blob.size);"," int s2n_io_pair_shutdown_one_end(struct s2n_test_io_pair *io_pair, int mode_to_c
 
 void s2n_print_connection(struct s2n_connection *conn, const char *marker)
 {
    size_t i = 0;
 
     printf(""marker: %s\n"", marker);
     printf(""HEADER IN Stuffer (write: %d, read: %d, size: %d)\n"", conn->header_in.write_cursor, conn->header_in.read_cursor, conn->header_in.blob.size);",0,0,1.0,1.0,replace_only,extraction_by_fenced_code_block,extraction_by_fenced_code_block,semantically_equivalent;content_mismatch;over_edit;under_edit;wrong_location;output_format_issue;truncation_suspected;uncertain,
random_exact_wrong_pair,crn-005277,deepseek-coder:6.7b,direct_vs_gold_location,sql," declare
 begin
   if new.enable_groups = true and  new.use_token_groups = false then 
     select into n count(*) from auth_ldap_group_entry_search where ldap_method_id = new.public_id;
-     if n < 1 then 
-        raise exception 'During % of auth_ldap_method public_id=% must have a configure group_dn when enable_groups = true and use_token_groups = false',tg_op,new.public_id;
-      end if;
   end if;
   return null;
 end;",The whitespace for these 3 lines should probably be consistent?," declare
 begin
   if new.enable_groups = true and  new.use_token_groups = false then 
     select into n count(*) from auth_ldap_group_entry_search where ldap_method_id = new.public_id;
+    if n < 1 then
+      raise exception 'During % of auth_ldap_method public_id=% must have a configured group_dn when enable_groups = true and use_token_groups = false',tg_op,new.public_id;
+    end if;
   end if;
   return null;
 end;","declare
begin
  if new.enable_groups = true and new.use_token_groups = false then 
    select into n count(*) from auth_ldap_group_entry_search where ldap_method_id = new.public_id;
    if n < 1 then 
      raise exception 'During % of auth_ldap_method public_id=% must have a configure group_dn when enable_groups = true and use<｜begin▁of▁sentence｜>:TokenGroups=false',tg_op,new.public_id;
    end if;
  end if;
  return null;
end;","declare
begin
  if new.enable_groups = true and new.use_token_groups = false then 
    select into n count(*) from auth_ldap_group_entry_search where ldap_method_id = new.public_id;

-     if n < 1 then 
+     if n < 1 then 
        raise exception 'During % of auth<｜begin▁of▁sentence｜> method public_id=% must have a configure group_dn when enable_groups = true and use_token_groups = false',tg_op,new.public_id;
      end if;

  end if;
  return null;
end;",0,0,0.46153846153846156,0.3333333333333333,replace_only,wrapper_text;extraction_by_fenced_code_block,marker_echo;wrapper_text;extraction_by_fenced_code_block,semantically_equivalent;content_mismatch;over_edit;under_edit;wrong_location;output_format_issue;truncation_suspected;uncertain,
random_exact_wrong_pair,crn-004930,qwen2.5-coder:7b,direct_vs_gold_location,go," func TestWrapWithTemplateOverrider(t *testing.T) {
 		_, err := stack.Template()
 
 		// THEN
-		require.ErrorContains(t, err, ""override template:"")
 	})
 }
 ","tiniest nit: what do you think of  `require.ErrorContains(t, err, ""override template: some error"")` since we mocked the error at L52?"," func TestWrapWithTemplateOverrider(t *testing.T) {
 		_, err := stack.Template()
 
 		// THEN
+		require.EqualError(t, err, ""override template: some error"")
 	})
 }
 ","func TestWrapWithTemplateOverrider(t *testing.T) {
    _, err := stack.Template()

    // THEN
    require.ErrorContains(t, err, ""override template: some error"")
}"," func TestWrapWithTemplateOverrider(t *testing.T) {
 		_, err := stack.Template()
 
 		// THEN

-		require.ErrorContains(t, err, ""override template:"")
+		require.ErrorContains(t, err, ""override template: some error"")

 	})
 }",0,0,0.2222222222222222,0.5,replace_only,extraction_by_fenced_code_block,marker_echo;extraction_by_fenced_code_block,semantically_equivalent;content_mismatch;over_edit;under_edit;wrong_location;output_format_issue;truncation_suspected;uncertain,
random_exact_wrong_pair,crn-003490,deepseek-coder:6.7b,direct_vs_gold_location,scala," trait ScalaCliCompletions {
         case Nil =>
           CoursierComplete.isScalaCliDep(pos.lineContent.replace(CURSOR, """"))
         case (_: PackageDef) :: Nil if pos.source.file.path.endsWith("".sc"") =>
-          CoursierComplete.isScalaCliDep(pos.lineContent.replace(CURSOR, """"))
         case _ => None
       }
   }",Using directives also work in `.scala` files.," trait ScalaCliCompletions {
         case Nil =>
           CoursierComplete.isScalaCliDep(pos.lineContent.replace(CURSOR, """"))
         case (_: PackageDef) :: Nil if pos.source.file.path.endsWith("".sc"") =>
+          CoursierComplete.isScalaCliDep(
+            pos.lineContent.replace(CURSOR, """").take(pos.column)
+          )
         case _ => None
       }
   }"," trait ScalaCliCompletions  {
         case Nil =>
           CoursierComplete.isScalaCliDep(pos.lineContent.replace(CURSOR, """"))
         case  (_: PackageDef) :: Nil if pos.source.file.path.endsWith("".sc"") => 
           CoursierComplete.isScalaCliDep(pos.lineContent.replace(CURSOR, """"))
         case _ => None
        }
    }"," trait ScalaCliCompletions {
         case Nil =>
           CoursierComplete.isScalaCliDep(pos.lineContent.replace(CURSOR, """"))
         case (_: PackageDef) :: Nil if pos.source.file.path.endsWith("".scala"") =>
           CoursierComplete.isScalaCliDep(pos.lineContent.replace(CURSOR, """"))
         case _ => None
        }
    }",0,0,0.3333333333333333,0.4,replace_only,extraction_by_fenced_code_block,extraction_by_fenced_code_block,semantically_equivalent;content_mismatch;over_edit;under_edit;wrong_location;output_format_issue;truncation_suspected;uncertain,
random_exact_wrong_pair,crn-010854,deepseek-coder:6.7b,direct_vs_gold_location,go," func (c *contract) Reveal(ctx context.Context, storageDepth uint8, reserveCommit
 	request := &transaction.TxRequest{
 		To:          &c.incentivesContractAddress,
 		Data:        callData,
-		GasPrice:    new(big.Int).Div(new(big.Int).Mul(sctx.GetGasPrice(ctx), big.NewInt(15)), big.NewInt(10)),
 		GasLimit:    sctx.GetGasLimitWithDefault(ctx, 1_000_000),
 		Value:       big.NewInt(0),
 		Description: ""reveal transaction"",",So what is this calculation doing? Can we add some comments?," func (c *contract) Reveal(ctx context.Context, storageDepth uint8, reserveCommit
 	request := &transaction.TxRequest{
 		To:          &c.incentivesContractAddress,
 		Data:        callData,
+		GasPrice:    new(big.Int).Div(new(big.Int).Mul(sctx.GetGasPrice(ctx), big.NewInt(15)), big.NewInt(10)), // increase gasprice to 150% suggested to ensure timely reveal
 		GasLimit:    sctx.GetGasLimitWithDefault(ctx, 1_000_000),
 		Value:       big.NewInt(0),
 		Description: ""reveal transaction"",","func (c *contract) Reveal(ctx context.Context, storageDepth uint8, reserveCommit bool, request := &transaction.TxRequest{
	To:          &c.incentivesContractAddress, // The address to send the transaction to
	Data:        callData,                      // The data to include in the transaction (the method and parameters)
	// This line is calculating a new gas price by multiplying the current gas price by 15/10
	GasPrice:    new(big.Int).Div(new(big.Int).Mul(sctx.GetGasPrice(ctx), big.NewInt(15)), big.NewInt(10)),
	GasLimit:    sctx.GetGasLimitWithDefault(ctx, 1_000_000), // The maximum gas limit to use for the transaction (or a default if not set)
	Value:       big.NewInt(0),                              // The amount of Ether to send with the transaction
	Description: ""reveal transaction"",                       // A description of what this transaction is for, for debugging purposes
}","func (c *contract) Reveal(ctx context.Context, storageDepth uint8, reserveCommit bool, request := &transaction.TxRequest{
	To:          &c.incentivesContractAddress,
	Data:        callData,

	// Adjusting the gas price to be 15% of the current gas price. This is done to ensure that the transaction does not fail due to low gas price.
	GasPrice:    new(big.Int).Div(new(big.Int).Mul(sctx.GetGasPrice(ctx), big.NewInt(15)), big.NewInt(10)),

	GasLimit:    sctx.GetGasLimitWithDefault(ctx, 1_000_000),
	Value:       big.NewInt(0),
	Description: ""reveal transaction"",",0,0,0.2222222222222222,0.2222222222222222,replace_only,wrapper_text;extraction_by_fenced_code_block,marker_echo;extraction_by_fenced_code_block,semantically_equivalent;content_mismatch;over_edit;under_edit;wrong_location;output_format_issue;truncation_suspected;uncertain,
random_exact_wrong_pair,crn-004028,qwen2.5-coder:7b,direct_vs_gold_location,csharp," public static void ReWrite(QueryModel queryModel)
 				for (var i = 0; i < queryModel.ResultOperators.Count; i++)
 				{
 					var resultOperator = (GroupResultOperator) queryModel.ResultOperators[i];
-					queryModel.ResultOperators[i] = new NonAggregatingGroupBy(resultOperator );
 				}
 
 				return;","Formatting typo.

```suggestion
					queryModel.ResultOperators[i] = new NonAggregatingGroupBy(resultOperator);
```"," public static void ReWrite(QueryModel queryModel)
 				for (var i = 0; i < queryModel.ResultOperators.Count; i++)
 				{
 					var resultOperator = (GroupResultOperator) queryModel.ResultOperators[i];
+					queryModel.ResultOperators[i] = new NonAggregatingGroupBy(resultOperator);
 				}
 
 				return;","public static void ReWrite(QueryModel queryModel)
{
    for (var i = 0; i < queryModel.ResultOperators.Count; i++)
    {
        var resultOperator = (GroupResultOperator)queryModel.ResultOperators[i];
        queryModel.ResultOperators[i] = new NonAggregatingGroupBy(resultOperator);
    }

    return;
}","public static void ReWrite(QueryModel queryModel)
{
    for (var i = 0; i < queryModel.ResultOperators.Count; i++)
    {
        var resultOperator = (GroupResultOperator)queryModel.ResultOperators[i];

+                    queryModel.ResultOperators[i] = new NonAggregatingGroupBy(resultOperator);

    }
 
    return;
}",0,0,0.2222222222222222,0.25,replace_only,extraction_by_fenced_code_block,marker_echo;extraction_by_fenced_code_block,semantically_equivalent;content_mismatch;over_edit;under_edit;wrong_location;output_format_issue;truncation_suspected;uncertain,
random_exact_wrong_pair,crn-000088,qwen2.5-coder:32b,direct_vs_gold_location,swift," class PhotonActionSheetTest: BaseTestCase {
 
         // This is not ideal but only way to get the element on iPhone 8
         // for iPhone 11, that would be boundBy: 2
         var  fennecElement = app.collectionViews.scrollViews.cells.element(boundBy: 2)
         if iPad() {
-            waitForExistence(app.collectionViews.buttons[""Copy""], timeout: 10)
             fennecElement = app.collectionViews.scrollViews.cells.element(boundBy: 1)
         }
         waitForExistence(fennecElement, timeout: 5)","The test failures from `PhotoActionSheetTest` all failed on this line. I can't think of anything other than a longer timeout. 
![Simulator Screen Shot - iPad Pro (12 9-inch) (5th generation) - 2023-01-03 at 16 33 04](https://user-images.githubusercontent.com/1740517/210892426-8bd12a1b-d1c9-40f7-bff2-1da5da6ba31c.png)
"," class PhotonActionSheetTest: BaseTestCase {
 
         // This is not ideal but only way to get the element on iPhone 8
         // for iPhone 11, that would be boundBy: 2
+        waitForExistence(app.collectionViews.buttons[""Copy""], timeout: TIMEOUT)
+        waitForExistence(app.collectionViews.scrollViews.cells[""XCElementSnapshotPrivilegedValuePlaceholder""].firstMatch, timeout: TIMEOUT)
         var  fennecElement = app.collectionViews.scrollViews.cells.element(boundBy: 2)
         if iPad() {
             fennecElement = app.collectionViews.scrollViews.cells.element(boundBy: 1)
         }
         waitForExistence(fennecElement, timeout: 5)"," class PhotonActionSheetTest: BaseTestCase {
 
         // This is not ideal but only way to get the element on iPhone 8
         // for iPhone 11, that would be boundBy: 2
         var  fennecElement = app.collectionViews.scrollViews.cells.element(boundBy: 2)
         if iPad() {
-            waitForExistence(app.collectionViews.buttons[""Copy""], timeout: 10)
             fennecElement = app.collectionViews.scrollViews.cells.element(boundBy: 1)
         }
         waitForExistence(fennecElement, timeout: 10)","class PhotonActionSheetTest: BaseTestCase {
 
         // This is not ideal but only way to get the element on iPhone 8
         // for iPhone 11, that would be boundBy: 2
         var fennecElement = app.collectionViews.scrollViews.cells.element(boundBy: 2)
         if iPad() {
             waitForExistence(app.collectionViews.buttons[""Copy""], timeout: 15)
             fennecElement = app.collectionViews.scrollViews.cells.element(boundBy: 1)
         }
         waitForExistence(fennecElement, timeout: 5)",0,0,0.0,0.4,mixed,extraction_by_fenced_code_block,extraction_by_fenced_code_block,semantically_equivalent;content_mismatch;over_edit;under_edit;wrong_location;output_format_issue;truncation_suspected;uncertain,
random_exact_wrong_pair,crn-009180,qwen2.5-coder:7b,direct_vs_gold_location,go,"
 package base
 
 import (
-	""fmt""
-
 	""github.com/couchbase/cbgt""
 )
 
 // NewCbgtCfgMem runs cbgt.NewCfgMem and sets the matching version number we expect for Sync Gateway.
 func NewCbgtCfgMem() (*cbgt.CfgMem, error) {
 	cfg := cbgt.NewCfgMem()
-	cas, err := cfg.Set(cbgt.VERSION_KEY, []byte(SGCbgtMetadataVersion), 0)
 	if err != nil {
 		return nil, err
 	}
-	expectedCas := uint64(1)
-	if cas != uint64(1) {
-		return nil, fmt.Errorf(""Expected cas value %d, got: %d"", expectedCas, cas)
-	}
 	return cfg, nil
 }",Why do we care about the CAS value CfgMem assigns to the VERSION_KEY entry?  ,"
 package base
 
 import (
 	""github.com/couchbase/cbgt""
 )
 
 // NewCbgtCfgMem runs cbgt.NewCfgMem and sets the matching version number we expect for Sync Gateway.
 func NewCbgtCfgMem() (*cbgt.CfgMem, error) {
 	cfg := cbgt.NewCfgMem()
+	_, err := cfg.Set(cbgt.VERSION_KEY, []byte(SGCbgtMetadataVersion), 0)
 	if err != nil {
 		return nil, err
 	}
 	return cfg, nil
 }"," package base
 
 import (
 	""github.com/couchbase/cbgt""
 )
 
 // NewCbgtCfgMem runs cbgt.NewCfgMem and sets the matching version number we expect for Sync Gateway.
 func NewCbgtCfgMem() (*cbgt.CfgMem, error) {
 	cfg := cbgt.NewCfgMem()
-	cas, err := cfg.Set(cbgt.VERSION_KEY, []byte(SGCbgtMetadataVersion), 0)
 	if err != nil {
 		return nil, err
 	}
 	return cfg, nil
 }","package base

import (
	""github.com/couchbase/cbgt""
)

// NewCbgtCfgMem runs cbgt.NewCfgMem and sets the matching version number we expect for Sync Gateway.
func NewCbgtCfgMem() (*cbgt.CfgMem, error) {
	cfg := cbgt.NewCfgMem()
	cas, err := cfg.Set(cbgt.VERSION_KEY, []byte(SGCbgtMetadataVersion), 0)
	if err != nil {
		return nil, err
	}
	return cfg, nil
}",0,0,0.8571428571428571,0.4827586206896552,mixed,extraction_by_fenced_code_block,extraction_by_fenced_code_block,semantically_equivalent;content_mismatch;over_edit;under_edit;wrong_location;output_format_issue;truncation_suspected;uncertain,
random_exact_wrong_pair,crn-006212,deepseek-coder:6.7b,direct_vs_gold_location,javascript," export const initializePlayer = ( element, w = window ) =>
 		const { duration } = element.dataset;
 		if ( duration ) {
 			resolve( element );
 		}
 
 		const onDurationChange = ( event ) => {","Shouldn't we use `return resolve( element );` here instead?

In the current state, the `resolve` will be called and a new event listener will be added to the window, which may leak over time.

Here's the suggestion:

```suggestion
			return resolve( element );
```"," export const initializePlayer = ( element, w = window ) =>
 		const { duration } = element.dataset;
 		if ( duration ) {
 			resolve( element );
+			return;
 		}
 
 		const onDurationChange = ( event ) => {","export const initializePlayer = (element, w = window) => {
    const { duration } = element.dataset;
    if (duration) {
        return resolve(element);
    }
    
    const onDurationChange = (event) => {};
}","export const initializePlayer = (element, w = window) => {
    const { duration } = element.dataset;
    if (duration) {
        return resolve(element);
    }
}",0,0,0.25,0.25,insert_only,extraction_by_fenced_code_block,extraction_by_fenced_code_block,semantically_equivalent;content_mismatch;over_edit;under_edit;wrong_location;output_format_issue;truncation_suspected;uncertain,
random_exact_wrong_pair,crn-001375,qwen2.5-coder:32b,direct_vs_gold_location,kotlin," enum class MusicTrackChooserFlags {
     /** Lets music controller shut down after track ends instead of choosing a random next track */
     PlaySingle,
     /** directly choose the 'fallback' file for playback */
-    PlayDefaultFile,
-    /** don't sort or shuffle*/
-    PlayAsSound,
     ;
 
     companion object {",And this is then also not needed :)," enum class MusicTrackChooserFlags {
     /** Lets music controller shut down after track ends instead of choosing a random next track */
     PlaySingle,
     /** directly choose the 'fallback' file for playback */
+    PlayDefaultFile
     ;
 
     companion object {","enum class MusicTrackChooserFlags {
    /** Lets music controller shut down after track ends instead of choosing a random next track */
    PlaySingle,
    ;

    companion object {","enum class MusicTrackChooserFlags {
    /** Lets music controller shut down after track ends instead of choosing a random next track */
    PlaySingle;
 
    companion object {",0,0,0.46153846153846156,0.5,replace_only,extraction_by_fenced_code_block,extraction_by_fenced_code_block,semantically_equivalent;content_mismatch;over_edit;under_edit;wrong_location;output_format_issue;truncation_suspected;uncertain,
random_exact_wrong_pair,crn-009397,qwen2.5-coder:7b,direct_vs_gold_location,c," symtable_extend_namedexpr_scope(struct symtable *st, expr_ty e)
         if (ste->ste_comprehension) {
             long target_in_scope = _PyST_GetSymbol(ste, target_name);
             if ((target_in_scope & DEF_COMP_ITER) &&
-                (target_in_scope & (DEF_LOCAL | DEF_GLOBAL))) {
                 PyErr_Format(PyExc_SyntaxError, NAMED_EXPR_COMP_CONFLICT, target_name);
                 PyErr_RangedSyntaxLocationObject(st->st_filename,
                                                   e->lineno,","Hmm, should this also check `DEF_NONLOCAL`?

Actually, looking closer, I think `DEF_GLOBAL` might be impossible, because we already check for it when setting `DEF_COMP_ITER`. Or at least, tests pass without checking `DEF_GLOBAL` here."," symtable_extend_namedexpr_scope(struct symtable *st, expr_ty e)
         if (ste->ste_comprehension) {
             long target_in_scope = _PyST_GetSymbol(ste, target_name);
             if ((target_in_scope & DEF_COMP_ITER) &&
+                (target_in_scope & DEF_LOCAL)) {
                 PyErr_Format(PyExc_SyntaxError, NAMED_EXPR_COMP_CONFLICT, target_name);
                 PyErr_RangedSyntaxLocationObject(st->st_filename,
                                                   e->lineno,"," symtable_extend_namedexpr_scope(struct symtable *st, expr_ty e)
         if (ste->ste_comprehension) {
             long target_in_scope = _PyST_GetSymbol(ste, target_name);
             if ((target_in_scope & DEF_COMP_ITER) &&
                 (target_in_scope & DEF_LOCAL)) {
                 PyErr_Format(PyExc_SyntaxError, NAMED_EXPR_COMP_CONFLICT, target_name);
                 PyErr_RangedSyntaxLocationObject(st->st_filename,
                                                   e->lineno,"," symtable_extend_namedexpr_scope(struct symtable *st, expr_ty e)
         if (ste->ste_comprehension) {
             long target_in_scope = _PyST_GetSymbol(ste, target_name);
             if ((target_in_scope & DEF_COMP_ITER) &&

-                (target_in_scope & (DEF_LOCAL | DEF_GLOBAL))) {
+                (target_in_scope & DEF_NONLOCAL))) {

                 PyErr_Format(PyExc_SyntaxError, NAMED_EXPR_COMP_CONFLICT, target_name);
                 PyErr_RangedSyntaxLocationObject(st->st_filename,
                                                   e->lineno,",0,0,1.0,0.6666666666666666,replace_only,extraction_by_fenced_code_block,marker_echo;extraction_by_fenced_code_block,semantically_equivalent;content_mismatch;over_edit;under_edit;wrong_location;output_format_issue;truncation_suspected;uncertain,
random_exact_wrong_pair,crn-003219,qwen2.5-coder:32b,direct_vs_gold_location,scala," abstract class Bundle(implicit compileOptions: CompileOptions) extends Record {
     }
   }
 
-  private case class memoVal[T](var value: Option[T], val fn: () => T) {
-    def get(): T = {
-      if (value.isEmpty) {
-        value = Some(fn())
-      }
-      value.get
-    }
-  }
-  private var externalRef = memoVal[Boolean](None, () => elements.exists(_._2._id < _id))
-  private[chisel3] def hasExternalRef(): Boolean = externalRef.get()
 
   override def cloneType: this.type = {
     val clone = _cloneTypeImpl.asInstanceOf[this.type]","```suggestion
  lazy val hasExternalRef: Boolean = this.elements.exists(_._2._id < _id)
```
Scala actually has a built-in for this sort of thing 🙂 This should also use less memory because it only adds a 1 byte field (and uses 1 extra bit in the lazy val mask that already exists because we have other lazy vals in Bundles). Your approach adds a 4-byte field pointing to a 24-40 byte object. This might actually suggest rerunning the memory use check because 28-bytes per Bundle is non-trivial."," abstract class Bundle(implicit compileOptions: CompileOptions) extends Record {
     }
   }
 
+  lazy val hasExternalRef: Boolean = this.elements.exists(_._2._id < _id)
 
   override def cloneType: this.type = {
     val clone = _cloneTypeImpl.asInstanceOf[this.type]"," abstract class Bundle(implicit compileOptions: CompileOptions) extends Record {
     }
   }
 
+  lazy val hasExternalRef: Boolean = this.elements.exists(_._2._id < _id)
 
   override def cloneType: this.type = {
     val clone = _cloneTypeImpl.asInstanceOf[this.type]","abstract class Bundle(implicit compileOptions: CompileOptions) extends Record {
  }
}

lazy val hasExternalRef: Boolean = this.elements.exists(_._2._id < _id)

override def cloneType: this.type = {
  val clone = _cloneTypeImpl.asInstanceOf[this.type]",1,0,1.0,0.7407407407407407,replace_only,extraction_by_fenced_code_block,extraction_by_fenced_code_block,semantically_equivalent;content_mismatch;over_edit;under_edit;wrong_location;output_format_issue;truncation_suspected;uncertain,
random_exact_wrong_pair,crn-007713,qwen2.5-coder:7b,direct_vs_gold_location,csharp," await store.Subscriptions
                 {
                 }
 
-                exception = await Assert.ThrowsAsync<InvalidOperationException>(async () =>
                 {
                     using var session = batch.OpenAsyncSession();
                 });
 
                 mre.Set();",please fix the warning," await store.Subscriptions
                 {
                 }
 
+                exception = await Assert.ThrowsAsync<InvalidOperationException>( () =>
                 {
                     using var session = batch.OpenAsyncSession();
+                    return Task.CompletedTask;
                 });
 
                 mre.Set();","await store.Subscriptions
             .Where(s => true) // Add a condition to avoid empty query warning
             {
             }

-            exception = await Assert.ThrowsAsync<InvalidOperationException>(async () =>
             {
                 using var session = batch.OpenAsyncSession();
             });

             mre.Set();"," await store.Subscriptions
                 {
                 }
 

+                exception = await Assert.ThrowsAsync<InvalidOperationException>(async () =>

                 {
                     using var session = batch.OpenAsyncSession();

                 });
 
                 mre.Set();",0,0,0.3333333333333333,1.0,mixed,extraction_by_fenced_code_block,marker_echo;extraction_by_fenced_code_block,semantically_equivalent;content_mismatch;over_edit;under_edit;wrong_location;output_format_issue;truncation_suspected;uncertain,
random_exact_wrong_pair,crn-013086,qwen2.5-coder:32b,direct_vs_gold_location,cpp," void StepScan::generateCurve(const QString &var) {
     MatrixWorkspace_sptr top = AnalysisDataService::Instance().retrieveWS<MatrixWorkspace>(m_plotWSName);
     MatrixWorkspace_sptr bottom = norm->getProperty(""OutputWorkspace"");
     top /= bottom;
-    AnalysisDataService::Instance().addOrReplace(m_plotWSName, top);
   }
 
   plotCurve();",I've thought about whether adding an explicit call to divide is worth it or not. Sadly the OutputWorkspace name from norm (`bottom->getName()`) returns an empty string and the bottom workspace is not in the ADS. So I think I'm happy with this addOrReplace call as it's in a relatively niche part of the codebase.," void StepScan::generateCurve(const QString &var) {
     MatrixWorkspace_sptr top = AnalysisDataService::Instance().retrieveWS<MatrixWorkspace>(m_plotWSName);
     MatrixWorkspace_sptr bottom = norm->getProperty(""OutputWorkspace"");
     top /= bottom;
   }
 
   plotCurve();"," void StepScan::generateCurve(const QString &var) {
     MatrixWorkspace_sptr top = AnalysisDataService::Instance().retrieveWS<MatrixWorkspace>(m_plotWSName);
     MatrixWorkspace_sptr bottom = norm->getProperty(""OutputWorkspace"");
     top /= bottom;
+    AnalysisDataService::Instance().addOrReplace(m_plotWSName, top);
   }
 
   plotCurve();"," void StepScan::generateCurve(const QString &var) {
     MatrixWorkspace_sptr top = AnalysisDataService::Instance().retrieveWS<MatrixWorkspace>(m_plotWSName);
     MatrixWorkspace_sptr bottom = norm->getProperty(""OutputWorkspace"");
     top /= bottom;
   }
 
   plotCurve();",0,1,1.0,1.0,delete_only,extraction_by_fenced_code_block,extraction_by_fenced_code_block,semantically_equivalent;content_mismatch;over_edit;under_edit;wrong_location;output_format_issue;truncation_suspected;uncertain,
random_exact_wrong_pair,crn-008562,deepseek-coder:6.7b,direct_vs_gold_location,java," public void shouldQuerySpecificActivePartitionStores() throws Exception {
                     assertThat(store1.get(key), is(notNullValue()));
                     assertThat(getStore(kafkaStreams2, storeQueryParam2).get(key), is(nullValue()));
                     final InvalidStateStoreException exception =
-                            assertThrows(InvalidStateStoreException.class, () -> getStore(kafkaStreams1, storeQueryParam2).get(key));
                     assertThat(
                             exception.getMessage(),
                             containsString(""The specified partition 1 for store source-table does not exist."")","nit
```suggestion
                        assertThrows(InvalidStateStoreException.class, () -> getStore(kafkaStreams1, storeQueryParam2).get(key));
```"," public void shouldQuerySpecificActivePartitionStores() throws Exception {
                     assertThat(store1.get(key), is(notNullValue()));
                     assertThat(getStore(kafkaStreams2, storeQueryParam2).get(key), is(nullValue()));
                     final InvalidStateStoreException exception =
+                        assertThrows(InvalidStateStoreException.class, () -> getStore(kafkaStreams1, storeQueryParam2).get(key));
                     assertThat(
                             exception.getMessage(),
                             containsString(""The specified partition 1 for store source-table does not exist."")","public void shouldQuerySpecificActivePartitionStores() throws Exception {
    assertThat(store1.get(key), is(notNullValue()));
    assertThat(getStore(kafkaStreams2, storeQueryParam2).get(key), is(nullValue()));
    final InvalidStateStoreException exception = assertThrows(InvalidStateStoreException.class, () -> getStore(kafkaStreams1, storeQueryParam2).get(key));
    assertThat(exception.getMessage(), containsString(""The specified partition 1 for store source-table does not exist.""));
}","public void shouldQuerySpecificActivePartitionStores() throws Exception {
    assertThat(store1.get(key), is(notNullValue()));
    assertThat(getStore(kafkaStreams2, storeQueryParam2).get(key), is(nullValue()));
    assertThrows(InvalidStateStoreException.class, () -> getStore(kafkaStreams1, storeQueryParam2).get(key));
}",0,0,0.2222222222222222,0.2222222222222222,replace_only,extraction_by_fenced_code_block,extraction_by_fenced_code_block,semantically_equivalent;content_mismatch;over_edit;under_edit;wrong_location;output_format_issue;truncation_suspected;uncertain,
random_exact_wrong_pair,crn-001800,qwen2.5-coder:32b,direct_vs_gold_location,kotlin," class AddRoadSurface : OsmFilterQuestType<SurfaceAnswer>() {
           or surface ~ ${ANYTHING_UNPAVED.joinToString(""|"")} and surface older today -6 years
           or surface older today -12 years
           or (
-            surface ~ paved|unpaved|${Surface.invalidSurfaces.joinToString(""|"")}
             and !surface:note
             and !note:surface
           )","Hu, should it not be INVALID_SURFACES? This (companion object?) looks very Java-y"," class AddRoadSurface : OsmFilterQuestType<SurfaceAnswer>() {
           or surface ~ ${ANYTHING_UNPAVED.joinToString(""|"")} and surface older today -6 years
           or surface older today -12 years
           or (
+            surface ~ paved|unpaved|${Surface.INVALID_SURFACES.joinToString(""|"")}
             and !surface:note
             and !note:surface
           )"," class AddRoadSurface : OsmFilterQuestType<SurfaceAnswer>() {
           or surface ~ ${ANYTHING_UNPAVED.joinToString(""|"")} and surface older today -6 years
           or surface older today -12 years
           or (
+            surface ~ paved|unpaved|${INVALID_SURFACES.joinToString(""|"")}
             and !surface:note
             and !note:surface
           )"," class AddRoadSurface : OsmFilterQuestType<SurfaceAnswer>() {
           or surface ~ ${ANYTHING_UNPAVED.joinToString(""|"")} and surface older today -6 years
           or surface older today -12 years
           or (
-            surface ~ paved|unpaved|${INVALID_SURFACES.joinToString(""|"")}
             and !surface:note
             and !note:surface
           )",0,0,1.0,1.0,replace_only,extraction_by_fenced_code_block,extraction_by_fenced_code_block,semantically_equivalent;content_mismatch;over_edit;under_edit;wrong_location;output_format_issue;truncation_suspected;uncertain,
random_exact_wrong_pair,crn-003140,qwen2.5-coder:32b,direct_vs_gold_location,scala," private[plugin] class BundleComponent(val global: Global, arguments: ChiselPlugi
         case acc: ValDef if acc.symbol.isParamAccessor =>
           paramAccessors += acc.symbol
         case con: DefDef if con.symbol.isPrimaryConstructor =>
-          if (con.symbol.isPrivate) { // distinguish between package private and private
-            val msg = ""Private bundle constructors cannot automatically be cloned""
             global.reporter.error(con.pos, msg)
           }
-          primaryConstructor = Some(con)
 
         case d: DefDef if isNullaryMethodNamed(""_cloneTypeImpl"", d) =>
           val msg = ""Users cannot override _cloneTypeImpl. Let the compiler plugin generate it.""","```suggestion
            val msg = ""Private bundle constructors cannot automatically be cloned, try making it package private.""
```
Good to have a suggestion on what the user should do."," private[plugin] class BundleComponent(val global: Global, arguments: ChiselPlugi
         case acc: ValDef if acc.symbol.isParamAccessor =>
           paramAccessors += acc.symbol
         case con: DefDef if con.symbol.isPrimaryConstructor =>
+          if (con.symbol.isPrivate) {
+            val msg = ""Private bundle constructors cannot automatically be cloned, try making it package private""
             global.reporter.error(con.pos, msg)
+          } else {
+            primaryConstructor = Some(con)
           }
 
         case d: DefDef if isNullaryMethodNamed(""_cloneTypeImpl"", d) =>
           val msg = ""Users cannot override _cloneTypeImpl. Let the compiler plugin generate it."""," private[plugin] class BundleComponent(val global: Global, arguments: ChiselPluginArguments) {
         case acc: ValDef if acc.symbol.isParamAccessor =>
           paramAccessors += acc.symbol
         case con: DefDef if con.symbol.isPrimaryConstructor =>
-          if (con.symbol.isPrivate) { // distinguish between package private and private
+          if (con.symbol.isPrivate && !con.symbol.isPackagePrivate) { // distinguish between package private and private
             val msg = ""Private bundle constructors cannot automatically be cloned, try making it package private.""
             global.reporter.error(con.pos, msg)
           }
           primaryConstructor = Some(con)
 
         case d: DefDef if isNullaryMethodNamed(""_cloneTypeImpl"", d) =>
           val msg = ""Users cannot override _cloneTypeImpl. Let the compiler plugin generate it."""," private[plugin] class BundleComponent(val global: Global, arguments: ChiselPlugi
         case acc: ValDef if acc.symbol.isParamAccessor =>
           paramAccessors += acc.symbol
         case con: DefDef if con.symbol.isPrimaryConstructor =>
           if (con.symbol.isPrivate) { // distinguish between package private and private
             val msg = ""Private bundle constructors cannot automatically be cloned, try making it package private.""
             global.reporter.error(con.pos, msg)
           }
 
         case d: DefDef if isNullaryMethodNamed(""_cloneTypeImpl"", d) =>
           val msg = ""Users cannot override _cloneTypeImpl. Let the compiler plugin generate it.""",0,0,0.5714285714285714,0.8571428571428571,mixed,unclosed_code_fence;near_generation_cap;wrapper_text;extraction_by_fenced_code_block;suspiciously_long_output,extraction_by_fenced_code_block,semantically_equivalent;content_mismatch;over_edit;under_edit;wrong_location;output_format_issue;truncation_suspected;uncertain,
random_exact_wrong_pair,crn-012820,qwen2.5-coder:32b,direct_vs_gold_location,ruby," class Spades < Formula
   url ""https://github.com/ablab/spades/releases/download/v3.15.5/SPAdes-3.15.5.tar.gz""
   sha256 ""155c3640d571f2e7b19a05031d1fd0d19bd82df785d38870fb93bd241b12bbfa""
   license ""GPL-2.0-only""
-  head ""https://github.com/ablab/spades.git"", branch: ""spades_3.15.5""
 
   livecheck do
     url :stable","```suggestion
  head ""https://github.com/ablab/spades.git"", branch: ""spades_#{version}""
```

As mentioned in the previous comment, what do we think about simply interpolating `version` here? Due to how upstream does branches, I'm not convinced that the branch name will be kept up to date with each release if it requires manual intervention (i.e., it could be missed when `brew bump-formula-pr` is used)."," class Spades < Formula
   url ""https://github.com/ablab/spades/releases/download/v3.15.5/SPAdes-3.15.5.tar.gz""
   sha256 ""155c3640d571f2e7b19a05031d1fd0d19bd82df785d38870fb93bd241b12bbfa""
   license ""GPL-2.0-only""
+  head ""https://github.com/ablab/spades.git"", branch: ""spades_#{version}""
 
   livecheck do
     url :stable"," class Spades < Formula
   url ""https://github.com/ablab/spades/releases/download/v3.15.5/SPAdes-3.15.5.tar.gz""
   sha256 ""155c3640d571f2e7b19a05031d1fd0d19bd82df785d38870fb93bd241b12bbfa""
   license ""GPL-2.0-only""
   head ""https://github.com/ablab/spades.git"", branch: ""spades_#{version}""
 
   livecheck do
     url :stable"," class Spades < Formula
   url ""https://github.com/ablab/spades/releases/download/v3.15.5/SPAdes-3.15.5.tar.gz""
   sha256 ""155c3640d571f2e7b19a05031d1fd0d19bd82df785d38870fb93bd241b12bbfa""
   license ""GPL-2.0-only""

  head ""https://github.com/ablab/spades.git"", branch: ""spades_#{version}""
 
   livecheck do
     url :stable",0,0,1.0,1.0,replace_only,extraction_by_fenced_code_block,extraction_by_fenced_code_block,semantically_equivalent;content_mismatch;over_edit;under_edit;wrong_location;output_format_issue;truncation_suspected;uncertain,
random_exact_wrong_pair,crn-014343,qwen2.5-coder:7b,direct_vs_gold_location,scala," class TypeTests extends JavaSrcCodeToCpgFixture {
   }
 
   ""should default to ANY with a matching type node for unresolved types"" in {
-    val xxx = cpg.typ.fullName(""ANY"").l
-    val yyy = cpg.typ.filter(_ => true).fullName(""ANY"").l
-    val zzz = 1 + 1
     val List(x)    = cpg.typ(""ANY"").l
     val List(node) = cpg.identifier.name(""UnknownType"").l
     node.typeFullName shouldBe ""ANY""",what's this?," class TypeTests extends JavaSrcCodeToCpgFixture {
   }
 
   ""should default to ANY with a matching type node for unresolved types"" in {
     val List(x)    = cpg.typ(""ANY"").l
     val List(node) = cpg.identifier.name(""UnknownType"").l
     node.typeFullName shouldBe ""ANY"""," class TypeTests extends JavaSrcCodeToCpgFixture {
   }
 
   ""should default to ANY with a matching type node for unresolved types"" in {
-    val xxx = cpg.typ.fullName(""ANY"").l
-    val yyy = cpg.typ.filter(_ => true).fullName(""ANY"").l
-    val zzz = 1 + 1
     val List(x)    = cpg.typ(""ANY"").l
     val List(node) = cpg.identifier.name(""UnknownType"").l
     node.typeFullName shouldBe ""ANY"""," class TypeTests extends JavaSrcCodeToCpgFixture {
   }
 
   ""should default to ANY with a matching type node for unresolved types"" in {
     val List(x)    = cpg.typ(""ANY"").l
     val List(node) = cpg.identifier.name(""UnknownType"").l
     node.typeFullName shouldBe ""ANY""",0,1,0.0,1.0,delete_only,extraction_by_fenced_code_block,extraction_by_fenced_code_block,semantically_equivalent;content_mismatch;over_edit;under_edit;wrong_location;output_format_issue;truncation_suspected;uncertain,
random_exact_wrong_pair,crn-009261,qwen2.5-coder:7b,direct_vs_gold_location,go," func (h *handler) handleBLIPSync() error {
 	h.rqCtx = base.LogContextWith(h.ctx(), &base.LogContext{CorrelationID: base.FormatBlipContextID(blipContext.ID)})
 
 	// Create a new BlipSyncContext attached to the given blipContext.
-	ctx := db.NewBlipSyncContext(h.ctx(), blipContext, h.db, h.formatSerialNumber(), db.BlipSyncStatsForCBL(h.db.DbStats))
 	defer ctx.Close()
 
 	if string(db.BLIPClientTypeSGR2) == h.getQuery(db.BLIPSyncClientTypeQueryParam) {",Should this be passing h.rqCtx?," func (h *handler) handleBLIPSync() error {
 	h.rqCtx = base.LogContextWith(h.ctx(), &base.LogContext{CorrelationID: base.FormatBlipContextID(blipContext.ID)})
 
 	// Create a new BlipSyncContext attached to the given blipContext.
+	ctx := db.NewBlipSyncContext(h.rqCtx, blipContext, h.db, h.formatSerialNumber(), db.BlipSyncStatsForCBL(h.db.DbStats))
 	defer ctx.Close()
 
 	if string(db.BLIPClientTypeSGR2) == h.getQuery(db.BLIPSyncClientTypeQueryParam) {"," func (h *handler) handleBLIPSync() error {
 	h.rqCtx = base.LogContextWith(h.ctx(), &base.LogContext{CorrelationID: base.FormatBlipContextID(blipContext.ID)})
 
 	// Create a new BlipSyncContext attached to the given blipContext.
	ctx := db.NewBlipSyncContext(h.rqCtx, blipContext, h.db, h.formatSerialNumber(), db.BlipSyncStatsForCBL(h.db.DbStats))
 	defer ctx.Close()
 
 	if string(db.BLIPClientTypeSGR2) == h.getQuery(db.BLIPSyncClientTypeQueryParam) {"," func (h *handler) handleBLIPSync() error {
 	h.rqCtx = base.LogContextWith(h.ctx(), &base.LogContext{CorrelationID: base.FormatBlipContextID(blipContext.ID)})
 
 	// Create a new BlipSyncContext attached to the given blipContext.

+	ctx := db.NewBlipSyncContext(h.rqCtx, blipContext, h.db, h.formatSerialNumber(), db.BlipSyncStatsForCBL(h.db.DbStats))

 	defer ctx.Close()
 
 	if string(db.BLIPClientTypeSGR2) == h.getQuery(db.BLIPSyncClientTypeQueryParam) {",0,0,1.0,1.0,replace_only,extraction_by_fenced_code_block,marker_echo;extraction_by_fenced_code_block,semantically_equivalent;content_mismatch;over_edit;under_edit;wrong_location;output_format_issue;truncation_suspected;uncertain,
