model,condition,example_id,raw_output_len_chars,extracted_code_len_chars,flags,warning,error
qwen2.5-coder:7b,no_review,crn-006057,704,704,unclosed_code_fence,no_code_fence_used_raw_text,
qwen2.5-coder:7b,no_review,crn-010721,28,14,very_short_extracted_code,extracted_from_code_fence,
qwen2.5-coder:7b,no_review,crn-008584,24,14,very_short_extracted_code,extracted_from_code_fence,
qwen2.5-coder:7b,no_review,crn-001518,288,270,unclosed_code_fence,extracted_from_code_fence,
qwen2.5-coder:7b,no_review,crn-004812,15,3,very_short_extracted_code,extracted_from_code_fence,
qwen2.5-coder:7b,no_review,crn-002282,268,232,unclosed_code_fence,extracted_from_code_fence,
qwen2.5-coder:7b,no_review,crn-012164,31,17,very_short_extracted_code,extracted_from_code_fence,
qwen2.5-coder:7b,no_review,crn-006105,1462,1461,unclosed_code_fence,no_code_fence_used_raw_text,
qwen2.5-coder:7b,no_review,crn-014606,429,429,unclosed_code_fence,no_code_fence_used_raw_text,
qwen2.5-coder:7b,no_review,crn-011998,1846,1846,unclosed_code_fence;near_num_predict_char_risk,no_code_fence_used_raw_text,
qwen2.5-coder:7b,no_review,crn-002283,268,232,unclosed_code_fence,extracted_from_code_fence,
qwen2.5-coder:7b,no_review,crn-006911,265,265,unclosed_code_fence,no_code_fence_used_raw_text,
qwen2.5-coder:7b,no_review,crn-013319,1097,1097,unclosed_code_fence,no_code_fence_used_raw_text,
qwen2.5-coder:7b,no_review,crn-006104,1462,1461,unclosed_code_fence,no_code_fence_used_raw_text,
qwen2.5-coder:7b,no_review,crn-007541,29,15,very_short_extracted_code,extracted_from_code_fence,
qwen2.5-coder:7b,no_review,crn-001561,30,17,very_short_extracted_code,extracted_from_code_fence,
qwen2.5-coder:7b,no_review,crn-001807,444,444,unclosed_code_fence,no_code_fence_used_raw_text,
qwen2.5-coder:7b,no_review,crn-004177,1727,1727,unclosed_code_fence,no_code_fence_used_raw_text,
qwen2.5-coder:7b,no_review,crn-004181,135,135,unclosed_code_fence,no_code_fence_used_raw_text,
qwen2.5-coder:7b,no_review,crn-009238,22,12,very_short_extracted_code,extracted_from_code_fence,
qwen2.5-coder:7b,no_review,crn-012722,185,185,unclosed_code_fence,no_code_fence_used_raw_text,
qwen2.5-coder:7b,no_review,crn-003992,426,426,unclosed_code_fence,no_code_fence_used_raw_text,
qwen2.5-coder:7b,no_review,crn-002350,342,326,unclosed_code_fence,extracted_from_code_fence,
qwen2.5-coder:7b,no_review,crn-014770,387,370,unclosed_code_fence,extracted_from_code_fence,
qwen2.5-coder:7b,no_review,crn-011997,1846,1846,unclosed_code_fence;near_num_predict_char_risk,no_code_fence_used_raw_text,
qwen2.5-coder:7b,no_review,crn-013150,1329,1329,unclosed_code_fence,no_code_fence_used_raw_text,
qwen2.5-coder:7b,no_review,crn-008848,848,848,unclosed_code_fence,no_code_fence_used_raw_text,
qwen2.5-coder:7b,no_review,crn-000309,828,828,unclosed_code_fence,no_code_fence_used_raw_text,
qwen2.5-coder:7b,no_review,crn-007967,413,252,unclosed_code_fence,extracted_from_code_fence,
qwen2.5-coder:7b,no_review,crn-005894,22,12,very_short_extracted_code,extracted_from_code_fence,
qwen2.5-coder:7b,no_review,crn-011482,425,411,unclosed_code_fence,extracted_from_code_fence,
qwen2.5-coder:7b,no_review,crn-001517,288,270,unclosed_code_fence,extracted_from_code_fence,
qwen2.5-coder:7b,no_review,crn-013151,1329,1329,unclosed_code_fence,no_code_fence_used_raw_text,
qwen2.5-coder:7b,no_review,crn-014646,340,108,unclosed_code_fence,extracted_from_code_fence,
qwen2.5-coder:7b,no_review,crn-010891,294,294,unclosed_code_fence,no_code_fence_used_raw_text,
qwen2.5-coder:7b,no_review,crn-001693,208,174,unclosed_code_fence,extracted_from_code_fence,
qwen2.5-coder:7b,no_review,crn-002663,360,329,unclosed_code_fence,extracted_from_code_fence,
qwen2.5-coder:7b,direct,crn-001834,318,318,unclosed_code_fence,no_code_fence_used_raw_text,
qwen2.5-coder:7b,direct,crn-006057,709,709,unclosed_code_fence,no_code_fence_used_raw_text,
qwen2.5-coder:7b,direct,crn-013404,510,68,unclosed_code_fence,extracted_from_code_fence,
qwen2.5-coder:7b,direct,crn-003817,71,71,unclosed_code_fence,no_code_fence_used_raw_text,
qwen2.5-coder:7b,direct,crn-001159,530,60,unclosed_code_fence,extracted_from_code_fence,
qwen2.5-coder:7b,direct,crn-007011,1834,1824,near_num_predict_char_risk,extracted_from_code_fence,
qwen2.5-coder:7b,direct,crn-001518,298,280,unclosed_code_fence,extracted_from_code_fence,
qwen2.5-coder:7b,direct,crn-001217,384,250,unclosed_code_fence,multiple_code_fences_used_longest,
qwen2.5-coder:7b,direct,crn-002282,268,232,unclosed_code_fence,extracted_from_code_fence,
qwen2.5-coder:7b,direct,crn-006105,1462,1461,unclosed_code_fence,no_code_fence_used_raw_text,
qwen2.5-coder:7b,direct,crn-014606,429,429,unclosed_code_fence,no_code_fence_used_raw_text,
qwen2.5-coder:7b,direct,crn-002283,269,233,unclosed_code_fence,extracted_from_code_fence,
qwen2.5-coder:7b,direct,crn-011116,107,107,unclosed_code_fence,no_code_fence_used_raw_text,
qwen2.5-coder:7b,direct,crn-013319,1097,1097,unclosed_code_fence,no_code_fence_used_raw_text,
qwen2.5-coder:7b,direct,crn-006104,1462,1461,unclosed_code_fence,no_code_fence_used_raw_text,
qwen2.5-coder:7b,direct,crn-004177,1730,1730,unclosed_code_fence,no_code_fence_used_raw_text,
qwen2.5-coder:7b,direct,crn-004181,199,199,unclosed_code_fence,no_code_fence_used_raw_text,
qwen2.5-coder:7b,direct,crn-004620,260,260,unclosed_code_fence,no_code_fence_used_raw_text,
qwen2.5-coder:7b,direct,crn-000482,162,162,unclosed_code_fence,no_code_fence_used_raw_text,
qwen2.5-coder:7b,direct,crn-001780,25,12,very_short_extracted_code,extracted_from_code_fence,
qwen2.5-coder:7b,direct,crn-002350,384,368,unclosed_code_fence,extracted_from_code_fence,
qwen2.5-coder:7b,direct,crn-013150,1299,1299,unclosed_code_fence,no_code_fence_used_raw_text,
qwen2.5-coder:7b,direct,crn-008848,831,831,unclosed_code_fence,no_code_fence_used_raw_text,
qwen2.5-coder:7b,direct,crn-001168,214,57,unclosed_code_fence,extracted_from_code_fence,
qwen2.5-coder:7b,direct,crn-000309,565,565,unclosed_code_fence,no_code_fence_used_raw_text,
qwen2.5-coder:7b,direct,crn-014181,227,227,unclosed_code_fence,no_code_fence_used_raw_text,
qwen2.5-coder:7b,direct,crn-001517,301,283,unclosed_code_fence,extracted_from_code_fence,
qwen2.5-coder:7b,direct,crn-013151,1299,1299,unclosed_code_fence,no_code_fence_used_raw_text,
qwen2.5-coder:7b,direct,crn-012819,372,356,unclosed_code_fence,extracted_from_code_fence,
qwen2.5-coder:7b,direct,crn-010891,301,301,unclosed_code_fence,no_code_fence_used_raw_text,
qwen2.5-coder:7b,direct,crn-001693,243,204,unclosed_code_fence,extracted_from_code_fence,
qwen2.5-coder:7b,direct,crn-002429,315,315,unclosed_code_fence,no_code_fence_used_raw_text,
qwen2.5-coder:7b,direct,crn-002663,341,310,unclosed_code_fence,extracted_from_code_fence,
qwen2.5-coder:7b,gold_location,crn-002590,26,17,very_short_extracted_code,extracted_from_code_fence,
qwen2.5-coder:7b,gold_location,crn-006057,709,709,unclosed_code_fence,no_code_fence_used_raw_text,
qwen2.5-coder:7b,gold_location,crn-000130,77,77,unclosed_code_fence,no_code_fence_used_raw_text,
qwen2.5-coder:7b,gold_location,crn-001159,529,60,unclosed_code_fence,extracted_from_code_fence,
qwen2.5-coder:7b,gold_location,crn-011920,48,34,very_short_extracted_code,extracted_from_code_fence,
qwen2.5-coder:7b,gold_location,crn-007011,1843,1833,near_num_predict_char_risk,extracted_from_code_fence,
qwen2.5-coder:7b,gold_location,crn-001518,293,275,unclosed_code_fence,extracted_from_code_fence,
qwen2.5-coder:7b,gold_location,crn-001217,526,244,unclosed_code_fence,multiple_code_fences_used_longest,
qwen2.5-coder:7b,gold_location,crn-002282,262,226,unclosed_code_fence,extracted_from_code_fence,
qwen2.5-coder:7b,gold_location,crn-012787,27,18,very_short_extracted_code,extracted_from_code_fence,
qwen2.5-coder:7b,gold_location,crn-014606,429,429,unclosed_code_fence,no_code_fence_used_raw_text,
qwen2.5-coder:7b,gold_location,crn-002283,268,232,unclosed_code_fence,extracted_from_code_fence,
qwen2.5-coder:7b,gold_location,crn-014519,1020,1020,unclosed_code_fence,no_code_fence_used_raw_text,
qwen2.5-coder:7b,gold_location,crn-013319,1128,1128,unclosed_code_fence,no_code_fence_used_raw_text,
qwen2.5-coder:7b,gold_location,crn-001561,33,19,very_short_extracted_code,extracted_from_code_fence,
qwen2.5-coder:7b,gold_location,crn-004620,260,260,unclosed_code_fence,no_code_fence_used_raw_text,
qwen2.5-coder:7b,gold_location,crn-005304,1823,1436,unclosed_code_fence;near_num_predict_char_risk,removed_wrapper_text_or_gold_markers,
qwen2.5-coder:7b,gold_location,crn-002350,382,366,unclosed_code_fence,extracted_from_code_fence,
qwen2.5-coder:7b,gold_location,crn-005253,202,133,unclosed_code_fence,removed_wrapper_text_or_gold_markers,
qwen2.5-coder:7b,gold_location,crn-003329,34,21,very_short_extracted_code,extracted_from_code_fence,
qwen2.5-coder:7b,gold_location,crn-013150,904,904,unclosed_code_fence,no_code_fence_used_raw_text,
qwen2.5-coder:7b,gold_location,crn-008848,831,830,unclosed_code_fence,no_code_fence_used_raw_text,
qwen2.5-coder:7b,gold_location,crn-001168,236,57,unclosed_code_fence,extracted_from_code_fence,
qwen2.5-coder:7b,gold_location,crn-000309,565,565,unclosed_code_fence,no_code_fence_used_raw_text,
qwen2.5-coder:7b,gold_location,crn-000212,244,226,unclosed_code_fence,extracted_from_code_fence,
qwen2.5-coder:7b,gold_location,crn-001517,299,281,unclosed_code_fence,extracted_from_code_fence,
qwen2.5-coder:7b,gold_location,crn-013249,360,342,unclosed_code_fence,extracted_from_code_fence,
qwen2.5-coder:7b,gold_location,crn-004619,260,260,unclosed_code_fence,no_code_fence_used_raw_text,
qwen2.5-coder:7b,gold_location,crn-001937,302,302,unclosed_code_fence,no_code_fence_used_raw_text,
qwen2.5-coder:7b,gold_location,crn-013151,904,904,unclosed_code_fence,no_code_fence_used_raw_text,
qwen2.5-coder:7b,gold_location,crn-012819,300,284,unclosed_code_fence,extracted_from_code_fence,
qwen2.5-coder:7b,gold_location,crn-010139,492,492,unclosed_code_fence,no_code_fence_used_raw_text,
qwen2.5-coder:7b,gold_location,crn-004730,2173,2172,unclosed_code_fence;near_num_predict_char_risk,no_code_fence_used_raw_text,
qwen2.5-coder:7b,gold_location,crn-010891,416,416,unclosed_code_fence,no_code_fence_used_raw_text,
qwen2.5-coder:7b,gold_location,crn-010470,1954,1944,near_num_predict_char_risk,extracted_from_code_fence,
qwen2.5-coder:7b,gold_location,crn-001693,244,205,unclosed_code_fence,extracted_from_code_fence,
qwen2.5-coder:7b,gold_location,crn-009061,1572,1572,unclosed_code_fence,no_code_fence_used_raw_text,
qwen2.5-coder:7b,gold_location,crn-002663,647,547,unclosed_code_fence,extracted_from_code_fence,
deepseek-coder:6.7b,no_review,crn-007371,671,671,unclosed_code_fence,no_code_fence_used_raw_text,
deepseek-coder:6.7b,no_review,crn-005338,2060,489,near_num_predict_char_risk,extracted_from_code_fence,
deepseek-coder:6.7b,no_review,crn-012630,809,809,unclosed_code_fence,no_code_fence_used_raw_text,
deepseek-coder:6.7b,no_review,crn-014766,1940,1934,unclosed_code_fence;near_num_predict_char_risk,no_code_fence_used_raw_text,
deepseek-coder:6.7b,no_review,crn-009404,1760,1760,unclosed_code_fence,no_code_fence_used_raw_text,
deepseek-coder:6.7b,no_review,crn-012612,667,667,unclosed_code_fence,no_code_fence_used_raw_text,
deepseek-coder:6.7b,no_review,crn-013728,1603,1603,unclosed_code_fence,no_code_fence_used_raw_text,
deepseek-coder:6.7b,no_review,crn-012006,546,546,unclosed_code_fence,no_code_fence_used_raw_text,
deepseek-coder:6.7b,no_review,crn-000505,2019,1283,near_num_predict_char_risk,extracted_from_code_fence,
deepseek-coder:6.7b,no_review,crn-013991,371,371,unclosed_code_fence,no_code_fence_used_raw_text,
deepseek-coder:6.7b,no_review,crn-005843,1796,917,near_num_predict_char_risk,extracted_from_code_fence,
deepseek-coder:6.7b,no_review,crn-010534,791,791,unclosed_code_fence,no_code_fence_used_raw_text,
deepseek-coder:6.7b,no_review,crn-009164,1935,1935,unclosed_code_fence;near_num_predict_char_risk,no_code_fence_used_raw_text,
deepseek-coder:6.7b,no_review,crn-010103,935,612,unclosed_code_fence,multiple_code_fences_used_longest,
deepseek-coder:6.7b,no_review,crn-004195,2010,2010,unclosed_code_fence;near_num_predict_char_risk,no_code_fence_used_raw_text,
deepseek-coder:6.7b,no_review,crn-012297,2023,2023,unclosed_code_fence;near_num_predict_char_risk,no_code_fence_used_raw_text,
deepseek-coder:6.7b,no_review,crn-008931,1830,1830,unclosed_code_fence;near_num_predict_char_risk,no_code_fence_used_raw_text,
deepseek-coder:6.7b,no_review,crn-005542,1826,1822,unclosed_code_fence;near_num_predict_char_risk,no_code_fence_used_raw_text,
deepseek-coder:6.7b,no_review,crn-000517,1936,1935,near_num_predict_char_risk,no_code_fence_used_raw_text,
deepseek-coder:6.7b,no_review,crn-000431,1905,287,near_num_predict_char_risk,extracted_from_code_fence,
deepseek-coder:6.7b,no_review,crn-004182,1831,686,near_num_predict_char_risk,extracted_from_code_fence,
deepseek-coder:6.7b,no_review,crn-012653,1863,1862,unclosed_code_fence;near_num_predict_char_risk,no_code_fence_used_raw_text,
deepseek-coder:6.7b,no_review,crn-006057,1026,1026,unclosed_code_fence,no_code_fence_used_raw_text,
deepseek-coder:6.7b,no_review,crn-007346,1978,1426,near_num_predict_char_risk,extracted_from_code_fence,
deepseek-coder:6.7b,no_review,crn-007977,348,347,unclosed_code_fence,no_code_fence_used_raw_text,
deepseek-coder:6.7b,no_review,crn-009220,2052,2052,unclosed_code_fence;near_num_predict_char_risk,no_code_fence_used_raw_text,
deepseek-coder:6.7b,no_review,crn-013613,1984,605,near_num_predict_char_risk,extracted_from_code_fence,
deepseek-coder:6.7b,no_review,crn-010493,2035,269,near_num_predict_char_risk,extracted_from_code_fence,
deepseek-coder:6.7b,no_review,crn-013022,817,817,unclosed_code_fence,no_code_fence_used_raw_text,
deepseek-coder:6.7b,no_review,crn-012547,1878,602,near_num_predict_char_risk,extracted_from_code_fence,
deepseek-coder:6.7b,no_review,crn-002828,1795,1795,unclosed_code_fence;near_num_predict_char_risk,no_code_fence_used_raw_text,
deepseek-coder:6.7b,no_review,crn-007754,1519,1519,unclosed_code_fence,no_code_fence_used_raw_text,
deepseek-coder:6.7b,no_review,crn-008455,2037,2036,near_num_predict_char_risk,no_code_fence_used_raw_text,
deepseek-coder:6.7b,no_review,crn-001087,1828,373,near_num_predict_char_risk,extracted_from_code_fence,
deepseek-coder:6.7b,no_review,crn-007011,1576,1576,unclosed_code_fence,no_code_fence_used_raw_text,
deepseek-coder:6.7b,no_review,crn-010908,1846,1845,near_num_predict_char_risk,no_code_fence_used_raw_text,
deepseek-coder:6.7b,no_review,crn-005981,549,549,unclosed_code_fence,no_code_fence_used_raw_text,
deepseek-coder:6.7b,no_review,crn-003145,1969,718,near_num_predict_char_risk,extracted_from_code_fence,
deepseek-coder:6.7b,no_review,crn-014943,1802,792,near_num_predict_char_risk,extracted_from_code_fence,
deepseek-coder:6.7b,no_review,crn-008435,1867,1384,near_num_predict_char_risk,extracted_from_code_fence,
deepseek-coder:6.7b,no_review,crn-006950,1796,546,near_num_predict_char_risk,extracted_from_code_fence,
deepseek-coder:6.7b,no_review,crn-001518,755,272,unclosed_code_fence,multiple_code_fences_used_longest,
deepseek-coder:6.7b,no_review,crn-011723,1804,568,near_num_predict_char_risk,extracted_from_code_fence,
deepseek-coder:6.7b,no_review,crn-001840,1940,844,near_num_predict_char_risk,extracted_from_code_fence,
deepseek-coder:6.7b,no_review,crn-005756,1879,1041,near_num_predict_char_risk,extracted_from_code_fence,
deepseek-coder:6.7b,no_review,crn-009084,1759,1759,unclosed_code_fence,no_code_fence_used_raw_text,
deepseek-coder:6.7b,no_review,crn-001702,2049,2032,unclosed_code_fence;near_num_predict_char_risk,no_code_fence_used_raw_text,
deepseek-coder:6.7b,no_review,crn-001263,1854,1020,near_num_predict_char_risk,extracted_from_code_fence,
deepseek-coder:6.7b,no_review,crn-009391,1803,599,near_num_predict_char_risk,extracted_from_code_fence,
deepseek-coder:6.7b,no_review,crn-007857,1823,1542,near_num_predict_char_risk,extracted_from_code_fence,
deepseek-coder:6.7b,no_review,crn-012669,956,956,unclosed_code_fence,no_code_fence_used_raw_text,
deepseek-coder:6.7b,no_review,crn-009178,2212,2212,unclosed_code_fence;near_num_predict_char_risk,no_code_fence_used_raw_text,
deepseek-coder:6.7b,no_review,crn-009822,2053,517,near_num_predict_char_risk,extracted_from_code_fence,
deepseek-coder:6.7b,no_review,crn-009235,1929,685,near_num_predict_char_risk,extracted_from_code_fence,
deepseek-coder:6.7b,no_review,crn-012037,690,690,unclosed_code_fence,no_code_fence_used_raw_text,
deepseek-coder:6.7b,no_review,crn-014674,1920,1376,near_num_predict_char_risk,extracted_from_code_fence,
deepseek-coder:6.7b,no_review,crn-014497,1017,1017,unclosed_code_fence,no_code_fence_used_raw_text,
deepseek-coder:6.7b,no_review,crn-011674,2022,943,near_num_predict_char_risk,extracted_from_code_fence,
deepseek-coder:6.7b,no_review,crn-012656,1687,615,unclosed_code_fence,extracted_from_code_fence,
deepseek-coder:6.7b,no_review,crn-009504,623,623,unclosed_code_fence,no_code_fence_used_raw_text,
deepseek-coder:6.7b,no_review,crn-009768,649,649,unclosed_code_fence,no_code_fence_used_raw_text,
deepseek-coder:6.7b,no_review,crn-002011,1853,1853,unclosed_code_fence;near_num_predict_char_risk,no_code_fence_used_raw_text,
deepseek-coder:6.7b,no_review,crn-013235,1821,1078,near_num_predict_char_risk,extracted_from_code_fence,
deepseek-coder:6.7b,no_review,crn-001378,1892,449,near_num_predict_char_risk,extracted_from_code_fence,
deepseek-coder:6.7b,no_review,crn-007597,2023,1406,near_num_predict_char_risk,extracted_from_code_fence,
deepseek-coder:6.7b,no_review,crn-014593,1811,766,near_num_predict_char_risk,extracted_from_code_fence,
deepseek-coder:6.7b,no_review,crn-009218,1803,1248,near_num_predict_char_risk,extracted_from_code_fence,
deepseek-coder:6.7b,no_review,crn-006105,1292,1292,unclosed_code_fence,no_code_fence_used_raw_text,
deepseek-coder:6.7b,no_review,crn-004744,1666,1666,unclosed_code_fence,no_code_fence_used_raw_text,
deepseek-coder:6.7b,no_review,crn-004737,2147,2147,unclosed_code_fence;near_num_predict_char_risk,no_code_fence_used_raw_text,
deepseek-coder:6.7b,no_review,crn-006843,1835,713,near_num_predict_char_risk,extracted_from_code_fence,
deepseek-coder:6.7b,no_review,crn-002381,1882,356,near_num_predict_char_risk,extracted_from_code_fence,
deepseek-coder:6.7b,no_review,crn-012096,2108,473,near_num_predict_char_risk,extracted_from_code_fence,
deepseek-coder:6.7b,no_review,crn-014606,573,573,unclosed_code_fence,no_code_fence_used_raw_text,
deepseek-coder:6.7b,no_review,crn-005869,2241,2241,near_num_predict_char_risk,no_code_fence_used_raw_text,
deepseek-coder:6.7b,no_review,crn-014298,1881,301,near_num_predict_char_risk,extracted_from_code_fence,
deepseek-coder:6.7b,no_review,crn-004474,1320,1320,unclosed_code_fence,no_code_fence_used_raw_text,
deepseek-coder:6.7b,no_review,crn-000005,1947,1395,near_num_predict_char_risk,extracted_from_code_fence,
deepseek-coder:6.7b,no_review,crn-004965,1900,1900,unclosed_code_fence;near_num_predict_char_risk,no_code_fence_used_raw_text,
deepseek-coder:6.7b,no_review,crn-014632,2148,2148,unclosed_code_fence;near_num_predict_char_risk,no_code_fence_used_raw_text,
deepseek-coder:6.7b,no_review,crn-002689,779,779,unclosed_code_fence,no_code_fence_used_raw_text,
deepseek-coder:6.7b,no_review,crn-008372,959,959,unclosed_code_fence,no_code_fence_used_raw_text,
deepseek-coder:6.7b,no_review,crn-000497,1897,1276,near_num_predict_char_risk,extracted_from_code_fence,
deepseek-coder:6.7b,no_review,crn-010550,1890,1251,near_num_predict_char_risk,extracted_from_code_fence,
deepseek-coder:6.7b,no_review,crn-001851,1674,1658,unclosed_code_fence,no_code_fence_used_raw_text,
deepseek-coder:6.7b,no_review,crn-008928,1919,1092,near_num_predict_char_risk,extracted_from_code_fence,
deepseek-coder:6.7b,no_review,crn-013757,2160,2160,unclosed_code_fence;near_num_predict_char_risk,no_code_fence_used_raw_text,
deepseek-coder:6.7b,no_review,crn-005417,1876,353,near_num_predict_char_risk,extracted_from_code_fence,
deepseek-coder:6.7b,no_review,crn-006783,1708,1707,unclosed_code_fence,no_code_fence_used_raw_text,
deepseek-coder:6.7b,no_review,crn-005427,1842,1145,near_num_predict_char_risk,extracted_from_code_fence,
deepseek-coder:6.7b,no_review,crn-014699,2003,907,near_num_predict_char_risk,multiple_code_fences_used_longest,
deepseek-coder:6.7b,no_review,crn-010476,1762,1762,unclosed_code_fence,no_code_fence_used_raw_text,
deepseek-coder:6.7b,no_review,crn-012839,1516,1516,unclosed_code_fence,no_code_fence_used_raw_text,
deepseek-coder:6.7b,no_review,crn-001880,846,846,unclosed_code_fence,no_code_fence_used_raw_text,
deepseek-coder:6.7b,no_review,crn-001631,799,797,unclosed_code_fence,no_code_fence_used_raw_text,
deepseek-coder:6.7b,no_review,crn-010683,1836,435,near_num_predict_char_risk,extracted_from_code_fence,
deepseek-coder:6.7b,no_review,crn-002883,629,629,unclosed_code_fence,no_code_fence_used_raw_text,
deepseek-coder:6.7b,no_review,crn-013372,1803,316,near_num_predict_char_risk,extracted_from_code_fence,
deepseek-coder:6.7b,no_review,crn-005544,1710,1708,unclosed_code_fence,no_code_fence_used_raw_text,
deepseek-coder:6.7b,no_review,crn-004346,1858,462,near_num_predict_char_risk,extracted_from_code_fence,
deepseek-coder:6.7b,no_review,crn-002026,1827,1819,unclosed_code_fence;near_num_predict_char_risk,no_code_fence_used_raw_text,
deepseek-coder:6.7b,no_review,crn-007930,1971,550,near_num_predict_char_risk,extracted_from_code_fence,
deepseek-coder:6.7b,no_review,crn-000813,2105,454,near_num_predict_char_risk,extracted_from_code_fence,
deepseek-coder:6.7b,no_review,crn-002027,1879,1879,near_num_predict_char_risk,no_code_fence_used_raw_text,
deepseek-coder:6.7b,no_review,crn-005982,552,552,unclosed_code_fence,no_code_fence_used_raw_text,
deepseek-coder:6.7b,no_review,crn-011333,1920,1919,near_num_predict_char_risk,no_code_fence_used_raw_text,
deepseek-coder:6.7b,no_review,crn-010379,1820,441,near_num_predict_char_risk,extracted_from_code_fence,
deepseek-coder:6.7b,no_review,crn-000955,1083,1083,unclosed_code_fence,no_code_fence_used_raw_text,
deepseek-coder:6.7b,no_review,crn-007468,728,728,unclosed_code_fence,no_code_fence_used_raw_text,
deepseek-coder:6.7b,no_review,crn-010324,733,733,unclosed_code_fence,no_code_fence_used_raw_text,
deepseek-coder:6.7b,no_review,crn-011121,1891,1891,unclosed_code_fence;near_num_predict_char_risk,no_code_fence_used_raw_text,
deepseek-coder:6.7b,no_review,crn-005064,1769,238,unclosed_code_fence,multiple_code_fences_used_longest,
deepseek-coder:6.7b,no_review,crn-012645,1923,1421,near_num_predict_char_risk,extracted_from_code_fence,
deepseek-coder:6.7b,no_review,crn-003182,1859,334,near_num_predict_char_risk,extracted_from_code_fence,
deepseek-coder:6.7b,no_review,crn-014686,1890,1286,near_num_predict_char_risk,extracted_from_code_fence,
deepseek-coder:6.7b,no_review,crn-006104,1292,1292,unclosed_code_fence,no_code_fence_used_raw_text,
deepseek-coder:6.7b,no_review,crn-010435,1849,259,near_num_predict_char_risk,extracted_from_code_fence,
deepseek-coder:6.7b,no_review,crn-007831,1262,1262,unclosed_code_fence,no_code_fence_used_raw_text,
deepseek-coder:6.7b,no_review,crn-002308,1248,579,unclosed_code_fence,extracted_from_code_fence,
deepseek-coder:6.7b,no_review,crn-006624,728,728,unclosed_code_fence,no_code_fence_used_raw_text,
deepseek-coder:6.7b,no_review,crn-007392,552,552,unclosed_code_fence,no_code_fence_used_raw_text,
deepseek-coder:6.7b,no_review,crn-013252,1997,1232,near_num_predict_char_risk,extracted_from_code_fence,
deepseek-coder:6.7b,no_review,crn-012761,1897,533,near_num_predict_char_risk,extracted_from_code_fence,
deepseek-coder:6.7b,no_review,crn-014423,1941,1188,near_num_predict_char_risk,extracted_from_code_fence,
deepseek-coder:6.7b,no_review,crn-006918,1848,712,near_num_predict_char_risk,extracted_from_code_fence,
deepseek-coder:6.7b,no_review,crn-009128,564,564,unclosed_code_fence,no_code_fence_used_raw_text,
deepseek-coder:6.7b,no_review,crn-012336,1758,1758,unclosed_code_fence,no_code_fence_used_raw_text,
deepseek-coder:6.7b,no_review,crn-008803,1818,1122,near_num_predict_char_risk,extracted_from_code_fence,
deepseek-coder:6.7b,no_review,crn-011301,1826,678,near_num_predict_char_risk,extracted_from_code_fence,
deepseek-coder:6.7b,no_review,crn-011375,1803,1803,unclosed_code_fence;near_num_predict_char_risk,no_code_fence_used_raw_text,
deepseek-coder:6.7b,no_review,crn-012024,2080,604,near_num_predict_char_risk,extracted_from_code_fence,
deepseek-coder:6.7b,no_review,crn-012114,596,596,unclosed_code_fence,no_code_fence_used_raw_text,
deepseek-coder:6.7b,no_review,crn-006672,697,697,unclosed_code_fence,no_code_fence_used_raw_text,
deepseek-coder:6.7b,no_review,crn-002193,1894,1894,unclosed_code_fence;near_num_predict_char_risk,no_code_fence_used_raw_text,
deepseek-coder:6.7b,no_review,crn-008638,1838,1838,unclosed_code_fence;near_num_predict_char_risk,no_code_fence_used_raw_text,
deepseek-coder:6.7b,no_review,crn-007339,448,448,unclosed_code_fence,no_code_fence_used_raw_text,
deepseek-coder:6.7b,no_review,crn-008932,1923,1421,near_num_predict_char_risk,extracted_from_code_fence,
deepseek-coder:6.7b,no_review,crn-008374,1025,1025,unclosed_code_fence,no_code_fence_used_raw_text,
deepseek-coder:6.7b,no_review,crn-007277,1847,700,near_num_predict_char_risk,multiple_code_fences_used_longest,
deepseek-coder:6.7b,no_review,crn-011827,697,697,unclosed_code_fence,no_code_fence_used_raw_text,
deepseek-coder:6.7b,no_review,crn-003401,1805,822,near_num_predict_char_risk,extracted_from_code_fence,
deepseek-coder:6.7b,no_review,crn-013909,557,557,unclosed_code_fence,no_code_fence_used_raw_text,
deepseek-coder:6.7b,no_review,crn-011518,419,419,unclosed_code_fence,no_code_fence_used_raw_text,
deepseek-coder:6.7b,no_review,crn-007049,1816,1173,near_num_predict_char_risk,extracted_from_code_fence,
deepseek-coder:6.7b,no_review,crn-011064,2012,1196,near_num_predict_char_risk,extracted_from_code_fence,
deepseek-coder:6.7b,no_review,crn-002104,1972,1208,near_num_predict_char_risk,extracted_from_code_fence,
deepseek-coder:6.7b,no_review,crn-012398,1906,910,near_num_predict_char_risk,extracted_from_code_fence,
deepseek-coder:6.7b,no_review,crn-014472,1943,1943,near_num_predict_char_risk,no_code_fence_used_raw_text,
deepseek-coder:6.7b,no_review,crn-014618,2019,2019,unclosed_code_fence;near_num_predict_char_risk,no_code_fence_used_raw_text,
deepseek-coder:6.7b,no_review,crn-007350,596,596,unclosed_code_fence,no_code_fence_used_raw_text,
deepseek-coder:6.7b,no_review,crn-009072,1208,1208,unclosed_code_fence,no_code_fence_used_raw_text,
deepseek-coder:6.7b,no_review,crn-000602,1866,1866,unclosed_code_fence;near_num_predict_char_risk,no_code_fence_used_raw_text,
deepseek-coder:6.7b,no_review,crn-012935,1867,702,near_num_predict_char_risk,extracted_from_code_fence,
deepseek-coder:6.7b,no_review,crn-005348,1014,1014,unclosed_code_fence,no_code_fence_used_raw_text,
deepseek-coder:6.7b,no_review,crn-014111,740,740,unclosed_code_fence,no_code_fence_used_raw_text,
deepseek-coder:6.7b,no_review,crn-008441,1802,253,near_num_predict_char_risk,extracted_from_code_fence,
deepseek-coder:6.7b,no_review,crn-000429,2034,1014,near_num_predict_char_risk,extracted_from_code_fence,
deepseek-coder:6.7b,no_review,crn-006055,491,491,unclosed_code_fence,no_code_fence_used_raw_text,
deepseek-coder:6.7b,no_review,crn-002365,2074,755,near_num_predict_char_risk,extracted_from_code_fence,
deepseek-coder:6.7b,no_review,crn-012191,1905,487,near_num_predict_char_risk,extracted_from_code_fence,
deepseek-coder:6.7b,no_review,crn-007228,1973,548,near_num_predict_char_risk,extracted_from_code_fence,
deepseek-coder:6.7b,no_review,crn-007219,462,462,unclosed_code_fence,no_code_fence_used_raw_text,
deepseek-coder:6.7b,no_review,crn-008825,415,415,unclosed_code_fence,no_code_fence_used_raw_text,
deepseek-coder:6.7b,no_review,crn-009938,1846,1369,near_num_predict_char_risk,extracted_from_code_fence,
deepseek-coder:6.7b,no_review,crn-009388,1905,844,near_num_predict_char_risk,extracted_from_code_fence,
deepseek-coder:6.7b,no_review,crn-011142,1662,1662,unclosed_code_fence,no_code_fence_used_raw_text,
deepseek-coder:6.7b,no_review,crn-011641,562,562,unclosed_code_fence,no_code_fence_used_raw_text,
deepseek-coder:6.7b,no_review,crn-005424,709,709,unclosed_code_fence,no_code_fence_used_raw_text,
deepseek-coder:6.7b,no_review,crn-009382,1838,279,near_num_predict_char_risk,extracted_from_code_fence,
deepseek-coder:6.7b,no_review,crn-001181,1536,1535,unclosed_code_fence,no_code_fence_used_raw_text,
deepseek-coder:6.7b,no_review,crn-004235,1932,619,near_num_predict_char_risk,extracted_from_code_fence,
deepseek-coder:6.7b,no_review,crn-013432,1805,1331,near_num_predict_char_risk,extracted_from_code_fence,
deepseek-coder:6.7b,no_review,crn-013335,1872,1444,near_num_predict_char_risk,extracted_from_code_fence,
deepseek-coder:6.7b,no_review,crn-011856,2048,498,near_num_predict_char_risk,extracted_from_code_fence,
deepseek-coder:6.7b,no_review,crn-007987,1891,1891,unclosed_code_fence;near_num_predict_char_risk,no_code_fence_used_raw_text,
deepseek-coder:6.7b,no_review,crn-003413,2180,2179,unclosed_code_fence;near_num_predict_char_risk,no_code_fence_used_raw_text,
deepseek-coder:6.7b,no_review,crn-009207,638,638,unclosed_code_fence,no_code_fence_used_raw_text,
deepseek-coder:6.7b,no_review,crn-005492,1901,921,near_num_predict_char_risk,extracted_from_code_fence,
deepseek-coder:6.7b,no_review,crn-010287,1573,1572,unclosed_code_fence,no_code_fence_used_raw_text,
deepseek-coder:6.7b,no_review,crn-008996,956,956,unclosed_code_fence,no_code_fence_used_raw_text,
deepseek-coder:6.7b,no_review,crn-008930,1839,1839,unclosed_code_fence;near_num_predict_char_risk,no_code_fence_used_raw_text,
deepseek-coder:6.7b,no_review,crn-009880,632,432,unclosed_code_fence,extracted_from_code_fence,
deepseek-coder:6.7b,no_review,crn-010839,646,646,unclosed_code_fence,no_code_fence_used_raw_text,
deepseek-coder:6.7b,no_review,crn-008634,1837,1837,unclosed_code_fence;near_num_predict_char_risk,no_code_fence_used_raw_text,
deepseek-coder:6.7b,no_review,crn-009079,415,415,unclosed_code_fence,no_code_fence_used_raw_text,
deepseek-coder:6.7b,no_review,crn-008685,683,683,unclosed_code_fence,no_code_fence_used_raw_text,
deepseek-coder:6.7b,no_review,crn-010280,2048,2048,unclosed_code_fence;near_num_predict_char_risk,no_code_fence_used_raw_text,
deepseek-coder:6.7b,no_review,crn-002034,811,811,unclosed_code_fence,no_code_fence_used_raw_text,
deepseek-coder:6.7b,no_review,crn-001668,328,328,unclosed_code_fence,no_code_fence_used_raw_text,
deepseek-coder:6.7b,no_review,crn-009481,1484,1483,unclosed_code_fence,no_code_fence_used_raw_text,
deepseek-coder:6.7b,no_review,crn-010911,1057,1057,unclosed_code_fence,no_code_fence_used_raw_text,
deepseek-coder:6.7b,no_review,crn-003393,1938,737,near_num_predict_char_risk,extracted_from_code_fence,
deepseek-coder:6.7b,no_review,crn-006889,671,671,unclosed_code_fence,no_code_fence_used_raw_text,
deepseek-coder:6.7b,no_review,crn-000875,2018,2018,unclosed_code_fence;near_num_predict_char_risk,no_code_fence_used_raw_text,
deepseek-coder:6.7b,no_review,crn-014942,1820,792,near_num_predict_char_risk,extracted_from_code_fence,
deepseek-coder:6.7b,no_review,crn-001422,1904,581,near_num_predict_char_risk,extracted_from_code_fence,
deepseek-coder:6.7b,no_review,crn-012470,1819,1298,near_num_predict_char_risk,extracted_from_code_fence,
deepseek-coder:6.7b,no_review,crn-009395,2043,2043,near_num_predict_char_risk,no_code_fence_used_raw_text,
deepseek-coder:6.7b,no_review,crn-005262,595,595,unclosed_code_fence,no_code_fence_used_raw_text,
deepseek-coder:6.7b,no_review,crn-002278,1800,1800,unclosed_code_fence;near_num_predict_char_risk,no_code_fence_used_raw_text,
deepseek-coder:6.7b,no_review,crn-005835,2016,789,near_num_predict_char_risk,extracted_from_code_fence,
deepseek-coder:6.7b,no_review,crn-007675,2035,573,near_num_predict_char_risk,extracted_from_code_fence,
deepseek-coder:6.7b,no_review,crn-003675,1817,1320,near_num_predict_char_risk,extracted_from_code_fence,
deepseek-coder:6.7b,no_review,crn-009586,1593,1593,unclosed_code_fence,no_code_fence_used_raw_text,
deepseek-coder:6.7b,no_review,crn-001383,1959,1054,near_num_predict_char_risk,extracted_from_code_fence,
deepseek-coder:6.7b,no_review,crn-009479,1516,1516,unclosed_code_fence,no_code_fence_used_raw_text,
deepseek-coder:6.7b,no_review,crn-004311,1923,1406,near_num_predict_char_risk,extracted_from_code_fence,
deepseek-coder:6.7b,no_review,crn-011508,1188,1188,unclosed_code_fence,no_code_fence_used_raw_text,
deepseek-coder:6.7b,no_review,crn-005809,1985,561,near_num_predict_char_risk,extracted_from_code_fence,
deepseek-coder:6.7b,no_review,crn-003501,2011,2011,unclosed_code_fence;near_num_predict_char_risk,no_code_fence_used_raw_text,
deepseek-coder:6.7b,no_review,crn-001863,1831,407,near_num_predict_char_risk,extracted_from_code_fence,
deepseek-coder:6.7b,no_review,crn-004548,2029,428,near_num_predict_char_risk,extracted_from_code_fence,
deepseek-coder:6.7b,no_review,crn-008172,648,648,unclosed_code_fence,no_code_fence_used_raw_text,
deepseek-coder:6.7b,no_review,crn-014536,1674,1674,unclosed_code_fence,no_code_fence_used_raw_text,
deepseek-coder:6.7b,no_review,crn-013683,663,663,unclosed_code_fence,no_code_fence_used_raw_text,
deepseek-coder:6.7b,no_review,crn-011997,1505,1505,unclosed_code_fence,no_code_fence_used_raw_text,
deepseek-coder:6.7b,no_review,crn-010822,487,487,unclosed_code_fence,no_code_fence_used_raw_text,
deepseek-coder:6.7b,no_review,crn-006891,978,978,unclosed_code_fence,no_code_fence_used_raw_text,
deepseek-coder:6.7b,no_review,crn-000418,1983,458,near_num_predict_char_risk,extracted_from_code_fence,
deepseek-coder:6.7b,no_review,crn-004234,1836,444,near_num_predict_char_risk,extracted_from_code_fence,
deepseek-coder:6.7b,no_review,crn-010946,190,1,very_short_extracted_code,extracted_from_code_fence,
deepseek-coder:6.7b,no_review,crn-005277,883,881,unclosed_code_fence,no_code_fence_used_raw_text,
deepseek-coder:6.7b,no_review,crn-009127,2081,2081,unclosed_code_fence;near_num_predict_char_risk,no_code_fence_used_raw_text,
deepseek-coder:6.7b,no_review,crn-013150,1078,1078,unclosed_code_fence,no_code_fence_used_raw_text,
deepseek-coder:6.7b,no_review,crn-004321,2129,2129,unclosed_code_fence;near_num_predict_char_risk,no_code_fence_used_raw_text,
deepseek-coder:6.7b,no_review,crn-013024,1868,1868,unclosed_code_fence;near_num_predict_char_risk,no_code_fence_used_raw_text,
deepseek-coder:6.7b,no_review,crn-000535,1915,781,near_num_predict_char_risk,extracted_from_code_fence,
deepseek-coder:6.7b,no_review,crn-007678,2064,1407,near_num_predict_char_risk,extracted_from_code_fence,
deepseek-coder:6.7b,no_review,crn-001332,1842,1841,near_num_predict_char_risk,no_code_fence_used_raw_text,
deepseek-coder:6.7b,no_review,crn-011630,1662,1657,unclosed_code_fence,no_code_fence_used_raw_text,
deepseek-coder:6.7b,no_review,crn-005179,2128,2127,near_num_predict_char_risk,no_code_fence_used_raw_text,
deepseek-coder:6.7b,no_review,crn-012327,1796,590,near_num_predict_char_risk,extracted_from_code_fence,
deepseek-coder:6.7b,no_review,crn-009408,1935,809,near_num_predict_char_risk,extracted_from_code_fence,
deepseek-coder:6.7b,no_review,crn-007370,663,663,unclosed_code_fence,no_code_fence_used_raw_text,
deepseek-coder:6.7b,no_review,crn-013500,1919,859,near_num_predict_char_risk,extracted_from_code_fence,
deepseek-coder:6.7b,no_review,crn-006675,758,758,unclosed_code_fence,no_code_fence_used_raw_text,
deepseek-coder:6.7b,no_review,crn-005425,709,709,unclosed_code_fence,no_code_fence_used_raw_text,
deepseek-coder:6.7b,no_review,crn-011124,539,539,unclosed_code_fence,no_code_fence_used_raw_text,
deepseek-coder:6.7b,no_review,crn-009454,2014,457,near_num_predict_char_risk,extracted_from_code_fence,
deepseek-coder:6.7b,no_review,crn-013824,698,698,unclosed_code_fence,no_code_fence_used_raw_text,
deepseek-coder:6.7b,no_review,crn-014382,2005,991,near_num_predict_char_risk,extracted_from_code_fence,
deepseek-coder:6.7b,no_review,crn-013562,1874,1361,near_num_predict_char_risk,extracted_from_code_fence,
deepseek-coder:6.7b,no_review,crn-008848,947,947,unclosed_code_fence,no_code_fence_used_raw_text,
deepseek-coder:6.7b,no_review,crn-011977,1808,396,near_num_predict_char_risk,extracted_from_code_fence,
deepseek-coder:6.7b,no_review,crn-006002,1849,734,near_num_predict_char_risk,extracted_from_code_fence,
deepseek-coder:6.7b,no_review,crn-000309,1352,1352,unclosed_code_fence,no_code_fence_used_raw_text,
deepseek-coder:6.7b,no_review,crn-005731,1551,1551,unclosed_code_fence,no_code_fence_used_raw_text,
deepseek-coder:6.7b,no_review,crn-009929,2037,1031,near_num_predict_char_risk,extracted_from_code_fence,
deepseek-coder:6.7b,no_review,crn-011272,1802,676,near_num_predict_char_risk,extracted_from_code_fence,
deepseek-coder:6.7b,no_review,crn-007463,445,445,unclosed_code_fence,no_code_fence_used_raw_text,
deepseek-coder:6.7b,no_review,crn-011925,978,978,unclosed_code_fence,no_code_fence_used_raw_text,
deepseek-coder:6.7b,no_review,crn-001700,566,369,unclosed_code_fence,extracted_from_code_fence,
deepseek-coder:6.7b,no_review,crn-009573,1658,1658,unclosed_code_fence,no_code_fence_used_raw_text,
deepseek-coder:6.7b,no_review,crn-005166,880,880,unclosed_code_fence,no_code_fence_used_raw_text,
deepseek-coder:6.7b,no_review,crn-012208,2139,1090,near_num_predict_char_risk,extracted_from_code_fence,
deepseek-coder:6.7b,no_review,crn-004721,1306,431,unclosed_code_fence,extracted_from_code_fence,
deepseek-coder:6.7b,no_review,crn-010719,1898,473,near_num_predict_char_risk,extracted_from_code_fence,
deepseek-coder:6.7b,no_review,crn-013040,1894,445,near_num_predict_char_risk,extracted_from_code_fence,
deepseek-coder:6.7b,no_review,crn-009986,740,740,unclosed_code_fence,no_code_fence_used_raw_text,
deepseek-coder:6.7b,no_review,crn-007250,306,306,unclosed_code_fence,no_code_fence_used_raw_text,
deepseek-coder:6.7b,no_review,crn-005688,1997,510,near_num_predict_char_risk,extracted_from_code_fence,
deepseek-coder:6.7b,no_review,crn-007743,1798,1798,unclosed_code_fence;near_num_predict_char_risk,no_code_fence_used_raw_text,
deepseek-coder:6.7b,no_review,crn-007354,1990,671,near_num_predict_char_risk,extracted_from_code_fence,
deepseek-coder:6.7b,no_review,crn-005998,1908,666,near_num_predict_char_risk,extracted_from_code_fence,
deepseek-coder:6.7b,no_review,crn-014590,1642,1642,unclosed_code_fence,no_code_fence_used_raw_text,
deepseek-coder:6.7b,no_review,crn-013857,582,551,unclosed_code_fence,no_code_fence_used_raw_text,
deepseek-coder:6.7b,no_review,crn-004967,1885,1884,unclosed_code_fence;near_num_predict_char_risk,no_code_fence_used_raw_text,
deepseek-coder:6.7b,no_review,crn-013311,1968,1968,unclosed_code_fence;near_num_predict_char_risk,no_code_fence_used_raw_text,
deepseek-coder:6.7b,no_review,crn-014189,1848,1393,near_num_predict_char_risk,extracted_from_code_fence,
deepseek-coder:6.7b,no_review,crn-006993,2064,2064,unclosed_code_fence;near_num_predict_char_risk,no_code_fence_used_raw_text,
deepseek-coder:6.7b,no_review,crn-013713,1803,622,near_num_predict_char_risk,extracted_from_code_fence,
deepseek-coder:6.7b,no_review,crn-006804,1847,1847,unclosed_code_fence;near_num_predict_char_risk,no_code_fence_used_raw_text,
deepseek-coder:6.7b,no_review,crn-014865,1963,1204,near_num_predict_char_risk,extracted_from_code_fence,
deepseek-coder:6.7b,no_review,crn-006649,1961,1961,unclosed_code_fence;near_num_predict_char_risk,no_code_fence_used_raw_text,
deepseek-coder:6.7b,no_review,crn-006343,2032,2032,unclosed_code_fence;near_num_predict_char_risk,no_code_fence_used_raw_text,
deepseek-coder:6.7b,no_review,crn-004095,1900,314,unclosed_code_fence;near_num_predict_char_risk,extracted_from_code_fence,
deepseek-coder:6.7b,no_review,crn-007948,2092,2092,unclosed_code_fence;near_num_predict_char_risk,no_code_fence_used_raw_text,
deepseek-coder:6.7b,no_review,crn-002154,850,850,unclosed_code_fence,no_code_fence_used_raw_text,
deepseek-coder:6.7b,no_review,crn-009375,350,17,very_short_extracted_code,extracted_from_code_fence,
deepseek-coder:6.7b,no_review,crn-010926,696,696,unclosed_code_fence,no_code_fence_used_raw_text,
deepseek-coder:6.7b,no_review,crn-005894,61,12,very_short_extracted_code,extracted_from_code_fence,
deepseek-coder:6.7b,no_review,crn-006599,1978,741,near_num_predict_char_risk,multiple_code_fences_used_longest,
deepseek-coder:6.7b,no_review,crn-013265,936,935,unclosed_code_fence,no_code_fence_used_raw_text,
deepseek-coder:6.7b,no_review,crn-002644,688,688,unclosed_code_fence,no_code_fence_used_raw_text,
deepseek-coder:6.7b,no_review,crn-006044,1868,605,near_num_predict_char_risk,extracted_from_code_fence,
deepseek-coder:6.7b,no_review,crn-009647,2066,523,near_num_predict_char_risk,extracted_from_code_fence,
deepseek-coder:6.7b,no_review,crn-010552,597,597,unclosed_code_fence,no_code_fence_used_raw_text,
deepseek-coder:6.7b,no_review,crn-012185,1863,1331,near_num_predict_char_risk,extracted_from_code_fence,
deepseek-coder:6.7b,no_review,crn-014292,1858,348,near_num_predict_char_risk,extracted_from_code_fence,
deepseek-coder:6.7b,no_review,crn-012092,734,734,unclosed_code_fence,no_code_fence_used_raw_text,
deepseek-coder:6.7b,no_review,crn-003175,1967,568,near_num_predict_char_risk,extracted_from_code_fence,
deepseek-coder:6.7b,no_review,crn-012598,1818,793,near_num_predict_char_risk,extracted_from_code_fence,
deepseek-coder:6.7b,no_review,crn-005668,1726,1726,unclosed_code_fence,no_code_fence_used_raw_text,
deepseek-coder:6.7b,no_review,crn-013506,1795,686,near_num_predict_char_risk,extracted_from_code_fence,
deepseek-coder:6.7b,no_review,crn-006916,1848,712,near_num_predict_char_risk,extracted_from_code_fence,
deepseek-coder:6.7b,no_review,crn-007552,1814,503,near_num_predict_char_risk,extracted_from_code_fence,
deepseek-coder:6.7b,no_review,crn-001102,507,507,unclosed_code_fence,no_code_fence_used_raw_text,
deepseek-coder:6.7b,no_review,crn-003174,1800,569,near_num_predict_char_risk,extracted_from_code_fence,
deepseek-coder:6.7b,no_review,crn-000735,1802,643,near_num_predict_char_risk,extracted_from_code_fence,
deepseek-coder:6.7b,no_review,crn-007048,1833,1044,near_num_predict_char_risk,extracted_from_code_fence,
deepseek-coder:6.7b,no_review,crn-006917,1848,712,near_num_predict_char_risk,extracted_from_code_fence,
deepseek-coder:6.7b,no_review,crn-000020,1950,472,near_num_predict_char_risk,extracted_from_code_fence,
deepseek-coder:6.7b,no_review,crn-012406,648,648,unclosed_code_fence,no_code_fence_used_raw_text,
deepseek-coder:6.7b,no_review,crn-006792,1859,579,unclosed_code_fence;near_num_predict_char_risk,multiple_code_fences_used_longest,
deepseek-coder:6.7b,no_review,crn-001517,777,272,unclosed_code_fence,multiple_code_fences_used_longest,
deepseek-coder:6.7b,no_review,crn-009594,2010,234,unclosed_code_fence;near_num_predict_char_risk,multiple_code_fences_used_longest,
deepseek-coder:6.7b,no_review,crn-006809,1801,321,near_num_predict_char_risk,extracted_from_code_fence,
deepseek-coder:6.7b,no_review,crn-012576,1948,473,near_num_predict_char_risk,extracted_from_code_fence,
deepseek-coder:6.7b,no_review,crn-002473,522,522,unclosed_code_fence,no_code_fence_used_raw_text,
deepseek-coder:6.7b,no_review,crn-006912,1859,1209,near_num_predict_char_risk,extracted_from_code_fence,
deepseek-coder:6.7b,no_review,crn-008430,1707,1707,unclosed_code_fence,no_code_fence_used_raw_text,
deepseek-coder:6.7b,no_review,crn-011246,1991,665,near_num_predict_char_risk,extracted_from_code_fence,
deepseek-coder:6.7b,no_review,crn-000228,1874,396,near_num_predict_char_risk,extracted_from_code_fence,
deepseek-coder:6.7b,no_review,crn-004872,1628,1628,unclosed_code_fence,no_code_fence_used_raw_text,
deepseek-coder:6.7b,no_review,crn-001703,1969,1969,unclosed_code_fence;near_num_predict_char_risk,no_code_fence_used_raw_text,
deepseek-coder:6.7b,no_review,crn-013148,1908,1357,near_num_predict_char_risk,extracted_from_code_fence,
deepseek-coder:6.7b,no_review,crn-006130,639,639,unclosed_code_fence,no_code_fence_used_raw_text,
deepseek-coder:6.7b,no_review,crn-002153,859,859,unclosed_code_fence,no_code_fence_used_raw_text,
deepseek-coder:6.7b,no_review,crn-003590,1645,284,unclosed_code_fence,multiple_code_fences_used_longest,
deepseek-coder:6.7b,no_review,crn-000040,2022,1447,near_num_predict_char_risk,extracted_from_code_fence,
deepseek-coder:6.7b,no_review,crn-001690,1827,355,near_num_predict_char_risk,extracted_from_code_fence,
deepseek-coder:6.7b,no_review,crn-000160,1850,844,near_num_predict_char_risk,extracted_from_code_fence,
deepseek-coder:6.7b,no_review,crn-001930,1946,1946,unclosed_code_fence;near_num_predict_char_risk,no_code_fence_used_raw_text,
deepseek-coder:6.7b,no_review,crn-012856,1732,1732,unclosed_code_fence,no_code_fence_used_raw_text,
deepseek-coder:6.7b,no_review,crn-010656,1806,1805,near_num_predict_char_risk,no_code_fence_used_raw_text,
deepseek-coder:6.7b,no_review,crn-010953,1254,1254,unclosed_code_fence,no_code_fence_used_raw_text,
deepseek-coder:6.7b,no_review,crn-000606,2058,1626,near_num_predict_char_risk,extracted_from_code_fence,
deepseek-coder:6.7b,no_review,crn-010429,2334,2334,unclosed_code_fence;near_num_predict_char_risk,no_code_fence_used_raw_text,
deepseek-coder:6.7b,no_review,crn-007398,592,592,unclosed_code_fence,no_code_fence_used_raw_text,
deepseek-coder:6.7b,no_review,crn-008448,1953,1364,near_num_predict_char_risk,extracted_from_code_fence,
deepseek-coder:6.7b,no_review,crn-001612,1809,464,near_num_predict_char_risk,extracted_from_code_fence,
deepseek-coder:6.7b,no_review,crn-008678,1820,679,near_num_predict_char_risk,extracted_from_code_fence,
deepseek-coder:6.7b,no_review,crn-000277,1995,1995,unclosed_code_fence;near_num_predict_char_risk,no_code_fence_used_raw_text,
deepseek-coder:6.7b,no_review,crn-003032,1906,1906,unclosed_code_fence;near_num_predict_char_risk,no_code_fence_used_raw_text,
deepseek-coder:6.7b,no_review,crn-002307,1246,579,unclosed_code_fence,extracted_from_code_fence,
deepseek-coder:6.7b,no_review,crn-007596,1936,1935,near_num_predict_char_risk,no_code_fence_used_raw_text,
deepseek-coder:6.7b,no_review,crn-003997,2043,2043,unclosed_code_fence;near_num_predict_char_risk,no_code_fence_used_raw_text,
deepseek-coder:6.7b,no_review,crn-014278,2039,435,near_num_predict_char_risk,extracted_from_code_fence,
deepseek-coder:6.7b,no_review,crn-008736,1798,1798,unclosed_code_fence;near_num_predict_char_risk,no_code_fence_used_raw_text,
deepseek-coder:6.7b,no_review,crn-013135,2068,2068,unclosed_code_fence;near_num_predict_char_risk,no_code_fence_used_raw_text,
deepseek-coder:6.7b,no_review,crn-014539,1797,649,near_num_predict_char_risk,extracted_from_code_fence,
deepseek-coder:6.7b,no_review,crn-011074,1899,1174,near_num_predict_char_risk,extracted_from_code_fence,
deepseek-coder:6.7b,no_review,crn-006222,436,436,unclosed_code_fence,no_code_fence_used_raw_text,
deepseek-coder:6.7b,no_review,crn-002192,1878,1878,unclosed_code_fence;near_num_predict_char_risk,no_code_fence_used_raw_text,
deepseek-coder:6.7b,no_review,crn-007342,1871,636,near_num_predict_char_risk,multiple_code_fences_used_longest,
deepseek-coder:6.7b,no_review,crn-011591,579,402,unclosed_code_fence,extracted_from_code_fence,
deepseek-coder:6.7b,no_review,crn-012107,1942,732,near_num_predict_char_risk,multiple_code_fences_used_longest,
deepseek-coder:6.7b,no_review,crn-009237,1920,642,near_num_predict_char_risk,extracted_from_code_fence,
deepseek-coder:6.7b,no_review,crn-010910,1939,400,near_num_predict_char_risk,extracted_from_code_fence,
deepseek-coder:6.7b,no_review,crn-014411,1809,469,near_num_predict_char_risk,extracted_from_code_fence,
deepseek-coder:6.7b,no_review,crn-014308,1857,1288,near_num_predict_char_risk,extracted_from_code_fence,
deepseek-coder:6.7b,no_review,crn-000313,1980,337,near_num_predict_char_risk,extracted_from_code_fence,
deepseek-coder:6.7b,no_review,crn-009517,1595,1595,unclosed_code_fence,no_code_fence_used_raw_text,
deepseek-coder:6.7b,no_review,crn-004374,2023,2023,unclosed_code_fence;near_num_predict_char_risk,no_code_fence_used_raw_text,
deepseek-coder:6.7b,no_review,crn-010158,1825,582,near_num_predict_char_risk,extracted_from_code_fence,
deepseek-coder:6.7b,no_review,crn-008499,782,782,unclosed_code_fence,no_code_fence_used_raw_text,
deepseek-coder:6.7b,no_review,crn-009193,938,938,unclosed_code_fence,no_code_fence_used_raw_text,
deepseek-coder:6.7b,no_review,crn-004608,1893,368,near_num_predict_char_risk,extracted_from_code_fence,
deepseek-coder:6.7b,no_review,crn-009062,1255,1255,unclosed_code_fence,no_code_fence_used_raw_text,
deepseek-coder:6.7b,no_review,crn-006483,812,812,unclosed_code_fence,no_code_fence_used_raw_text,
deepseek-coder:6.7b,no_review,crn-008334,1966,1966,unclosed_code_fence;near_num_predict_char_risk,no_code_fence_used_raw_text,
deepseek-coder:6.7b,no_review,crn-005316,2008,1105,near_num_predict_char_risk,extracted_from_code_fence,
deepseek-coder:6.7b,no_review,crn-014532,1831,934,near_num_predict_char_risk,extracted_from_code_fence,
deepseek-coder:6.7b,no_review,crn-013151,1017,1017,unclosed_code_fence,no_code_fence_used_raw_text,
deepseek-coder:6.7b,no_review,crn-008935,1830,1830,unclosed_code_fence;near_num_predict_char_risk,no_code_fence_used_raw_text,
deepseek-coder:6.7b,no_review,crn-007336,950,950,unclosed_code_fence,no_code_fence_used_raw_text,
deepseek-coder:6.7b,no_review,crn-002528,556,182,unclosed_code_fence,extracted_from_code_fence,
deepseek-coder:6.7b,no_review,crn-008182,1413,1413,unclosed_code_fence,no_code_fence_used_raw_text,
deepseek-coder:6.7b,no_review,crn-012113,596,596,unclosed_code_fence,no_code_fence_used_raw_text,
deepseek-coder:6.7b,no_review,crn-005887,1847,1847,unclosed_code_fence;near_num_predict_char_risk,no_code_fence_used_raw_text,
deepseek-coder:6.7b,no_review,crn-002010,1826,768,near_num_predict_char_risk,extracted_from_code_fence,
deepseek-coder:6.7b,no_review,crn-001385,755,755,unclosed_code_fence,no_code_fence_used_raw_text,
deepseek-coder:6.7b,no_review,crn-000858,1926,880,near_num_predict_char_risk,extracted_from_code_fence,
deepseek-coder:6.7b,no_review,crn-006901,1926,1926,unclosed_code_fence;near_num_predict_char_risk,no_code_fence_used_raw_text,
deepseek-coder:6.7b,no_review,crn-008677,1608,1608,unclosed_code_fence,no_code_fence_used_raw_text,
deepseek-coder:6.7b,no_review,crn-010909,1805,344,near_num_predict_char_risk,extracted_from_code_fence,
deepseek-coder:6.7b,no_review,crn-014190,1867,1393,near_num_predict_char_risk,extracted_from_code_fence,
deepseek-coder:6.7b,no_review,crn-009195,1830,1220,near_num_predict_char_risk,extracted_from_code_fence,
deepseek-coder:6.7b,no_review,crn-005514,1781,1781,unclosed_code_fence,no_code_fence_used_raw_text,
deepseek-coder:6.7b,no_review,crn-006337,1805,401,unclosed_code_fence;near_num_predict_char_risk,extracted_from_code_fence,
deepseek-coder:6.7b,no_review,crn-004730,1786,1786,unclosed_code_fence,no_code_fence_used_raw_text,
deepseek-coder:6.7b,no_review,crn-007648,2027,2027,unclosed_code_fence;near_num_predict_char_risk,no_code_fence_used_raw_text,
deepseek-coder:6.7b,no_review,crn-014697,1834,594,near_num_predict_char_risk,extracted_from_code_fence,
deepseek-coder:6.7b,no_review,crn-011122,1951,807,near_num_predict_char_risk,extracted_from_code_fence,
deepseek-coder:6.7b,no_review,crn-001896,1969,185,near_num_predict_char_risk,multiple_code_fences_used_longest,
deepseek-coder:6.7b,no_review,crn-010819,1919,1919,unclosed_code_fence;near_num_predict_char_risk,no_code_fence_used_raw_text,
deepseek-coder:6.7b,no_review,crn-010960,2160,822,near_num_predict_char_risk,extracted_from_code_fence,
deepseek-coder:6.7b,no_review,crn-000862,2137,293,near_num_predict_char_risk,extracted_from_code_fence,
deepseek-coder:6.7b,no_review,crn-003412,1820,1819,near_num_predict_char_risk,no_code_fence_used_raw_text,
deepseek-coder:6.7b,no_review,crn-000352,1863,1863,unclosed_code_fence;near_num_predict_char_risk,no_code_fence_used_raw_text,
deepseek-coder:6.7b,no_review,crn-005913,942,942,unclosed_code_fence,no_code_fence_used_raw_text,
deepseek-coder:6.7b,no_review,crn-008973,1793,919,near_num_predict_char_risk,extracted_from_code_fence,
deepseek-coder:6.7b,no_review,crn-011373,2008,459,near_num_predict_char_risk,extracted_from_code_fence,
deepseek-coder:6.7b,no_review,crn-006728,1918,1918,unclosed_code_fence;near_num_predict_char_risk,no_code_fence_used_raw_text,
deepseek-coder:6.7b,no_review,crn-010697,1984,396,near_num_predict_char_risk,extracted_from_code_fence,
deepseek-coder:6.7b,no_review,crn-010470,1917,1480,near_num_predict_char_risk,extracted_from_code_fence,
deepseek-coder:6.7b,no_review,crn-007773,2046,2046,unclosed_code_fence;near_num_predict_char_risk,no_code_fence_used_raw_text,
deepseek-coder:6.7b,no_review,crn-011079,2265,2265,unclosed_code_fence;near_num_predict_char_risk,no_code_fence_used_raw_text,
deepseek-coder:6.7b,no_review,crn-006553,1875,1875,unclosed_code_fence;near_num_predict_char_risk,no_code_fence_used_raw_text,
deepseek-coder:6.7b,no_review,crn-011374,1802,1798,unclosed_code_fence;near_num_predict_char_risk,no_code_fence_used_raw_text,
deepseek-coder:6.7b,no_review,crn-012568,1981,523,near_num_predict_char_risk,extracted_from_code_fence,
deepseek-coder:6.7b,no_review,crn-008371,794,794,unclosed_code_fence,no_code_fence_used_raw_text,
deepseek-coder:6.7b,no_review,crn-013889,2124,658,unclosed_code_fence;near_num_predict_char_risk,extracted_from_code_fence,
deepseek-coder:6.7b,no_review,crn-003943,1924,448,near_num_predict_char_risk,extracted_from_code_fence,
deepseek-coder:6.7b,no_review,crn-008484,1832,983,near_num_predict_char_risk,extracted_from_code_fence,
deepseek-coder:6.7b,no_review,crn-008900,2024,2024,unclosed_code_fence;near_num_predict_char_risk,no_code_fence_used_raw_text,
deepseek-coder:6.7b,no_review,crn-003258,1785,1780,unclosed_code_fence,no_code_fence_used_raw_text,
deepseek-coder:6.7b,no_review,crn-009991,2180,662,near_num_predict_char_risk,extracted_from_code_fence,
deepseek-coder:6.7b,no_review,crn-004159,812,812,unclosed_code_fence,no_code_fence_used_raw_text,
deepseek-coder:6.7b,no_review,crn-007895,2028,2028,unclosed_code_fence;near_num_predict_char_risk,no_code_fence_used_raw_text,
deepseek-coder:6.7b,no_review,crn-012402,1221,1220,unclosed_code_fence,no_code_fence_used_raw_text,
deepseek-coder:6.7b,no_review,crn-004982,1179,1179,unclosed_code_fence,no_code_fence_used_raw_text,
deepseek-coder:6.7b,no_review,crn-006084,911,911,unclosed_code_fence,no_code_fence_used_raw_text,
deepseek-coder:6.7b,no_review,crn-012290,1845,899,near_num_predict_char_risk,extracted_from_code_fence,
deepseek-coder:6.7b,no_review,crn-008041,1930,1930,unclosed_code_fence;near_num_predict_char_risk,no_code_fence_used_raw_text,
deepseek-coder:6.7b,no_review,crn-005543,1732,1732,unclosed_code_fence,no_code_fence_used_raw_text,
deepseek-coder:6.7b,no_review,crn-013312,2005,1568,near_num_predict_char_risk,extracted_from_code_fence,
deepseek-coder:6.7b,no_review,crn-008601,1834,993,near_num_predict_char_risk,extracted_from_code_fence,
deepseek-coder:6.7b,no_review,crn-001136,1859,1130,near_num_predict_char_risk,extracted_from_code_fence,
deepseek-coder:6.7b,no_review,crn-007061,1808,514,near_num_predict_char_risk,extracted_from_code_fence,
deepseek-coder:6.7b,no_review,crn-012814,1994,344,near_num_predict_char_risk,extracted_from_code_fence,
deepseek-coder:6.7b,no_review,crn-012634,1851,386,near_num_predict_char_risk,extracted_from_code_fence,
deepseek-coder:6.7b,no_review,crn-007183,1932,335,near_num_predict_char_risk,extracted_from_code_fence,
deepseek-coder:6.7b,no_review,crn-013766,533,533,unclosed_code_fence,no_code_fence_used_raw_text,
deepseek-coder:6.7b,no_review,crn-004477,1275,1275,unclosed_code_fence,no_code_fence_used_raw_text,
deepseek-coder:6.7b,no_review,crn-008593,810,810,unclosed_code_fence,no_code_fence_used_raw_text,
deepseek-coder:6.7b,no_review,crn-007418,2001,1114,near_num_predict_char_risk,extracted_from_code_fence,
deepseek-coder:6.7b,no_review,crn-011161,1978,1416,near_num_predict_char_risk,extracted_from_code_fence,
deepseek-coder:6.7b,no_review,crn-007192,634,634,unclosed_code_fence,no_code_fence_used_raw_text,
deepseek-coder:6.7b,no_review,crn-003666,1924,1924,unclosed_code_fence;near_num_predict_char_risk,no_code_fence_used_raw_text,
deepseek-coder:6.7b,no_review,crn-012889,1086,1086,unclosed_code_fence,no_code_fence_used_raw_text,
deepseek-coder:6.7b,no_review,crn-013214,2081,1199,near_num_predict_char_risk,extracted_from_code_fence,
deepseek-coder:6.7b,no_review,crn-002547,563,563,unclosed_code_fence,no_code_fence_used_raw_text,
deepseek-coder:6.7b,no_review,crn-012213,1891,1891,unclosed_code_fence;near_num_predict_char_risk,no_code_fence_used_raw_text,
deepseek-coder:6.7b,no_review,crn-012232,1924,988,near_num_predict_char_risk,extracted_from_code_fence,
deepseek-coder:6.7b,no_review,crn-010079,1838,229,unclosed_code_fence;near_num_predict_char_risk,multiple_code_fences_used_longest,
deepseek-coder:6.7b,no_review,crn-000155,1807,1274,near_num_predict_char_risk,extracted_from_code_fence,
deepseek-coder:6.7b,no_review,crn-009616,1086,1086,unclosed_code_fence,no_code_fence_used_raw_text,
deepseek-coder:6.7b,no_review,crn-000962,1966,1964,unclosed_code_fence;near_num_predict_char_risk,no_code_fence_used_raw_text,
deepseek-coder:6.7b,no_review,crn-009129,564,564,unclosed_code_fence,no_code_fence_used_raw_text,
deepseek-coder:6.7b,no_review,crn-003969,1842,340,near_num_predict_char_risk,extracted_from_code_fence,
deepseek-coder:6.7b,no_review,crn-002663,480,325,unclosed_code_fence,extracted_from_code_fence,
deepseek-coder:6.7b,no_review,crn-006959,2058,2058,unclosed_code_fence;near_num_predict_char_risk,no_code_fence_used_raw_text,
deepseek-coder:6.7b,no_review,crn-006585,810,810,unclosed_code_fence,no_code_fence_used_raw_text,
deepseek-coder:6.7b,no_review,crn-010592,1808,522,near_num_predict_char_risk,extracted_from_code_fence,
deepseek-coder:6.7b,no_review,crn-012023,1802,443,near_num_predict_char_risk,extracted_from_code_fence,
deepseek-coder:6.7b,no_review,crn-005670,1852,1852,unclosed_code_fence;near_num_predict_char_risk,no_code_fence_used_raw_text,
deepseek-coder:6.7b,direct,crn-007371,526,526,unclosed_code_fence,no_code_fence_used_raw_text,
deepseek-coder:6.7b,direct,crn-013081,638,638,unclosed_code_fence,no_code_fence_used_raw_text,
deepseek-coder:6.7b,direct,crn-001854,395,395,unclosed_code_fence,no_code_fence_used_raw_text,
deepseek-coder:6.7b,direct,crn-013224,383,383,unclosed_code_fence,no_code_fence_used_raw_text,
deepseek-coder:6.7b,direct,crn-014345,322,322,unclosed_code_fence,no_code_fence_used_raw_text,
deepseek-coder:6.7b,direct,crn-004413,550,550,unclosed_code_fence,no_code_fence_used_raw_text,
deepseek-coder:6.7b,direct,crn-007754,1383,1383,unclosed_code_fence,no_code_fence_used_raw_text,
deepseek-coder:6.7b,direct,crn-007011,1403,1403,unclosed_code_fence,no_code_fence_used_raw_text,
deepseek-coder:6.7b,direct,crn-008177,39,26,very_short_extracted_code,extracted_from_code_fence,
deepseek-coder:6.7b,direct,crn-008584,25,14,very_short_extracted_code,extracted_from_code_fence,
deepseek-coder:6.7b,direct,crn-004591,249,249,unclosed_code_fence,no_code_fence_used_raw_text,
deepseek-coder:6.7b,direct,crn-001518,292,273,unclosed_code_fence,extracted_from_code_fence,
deepseek-coder:6.7b,direct,crn-004812,31,17,very_short_extracted_code,extracted_from_code_fence,
deepseek-coder:6.7b,direct,crn-001217,399,256,unclosed_code_fence,multiple_code_fences_used_longest,
deepseek-coder:6.7b,direct,crn-005756,400,399,unclosed_code_fence,no_code_fence_used_raw_text,
deepseek-coder:6.7b,direct,crn-000653,287,287,unclosed_code_fence,no_code_fence_used_raw_text,
deepseek-coder:6.7b,direct,crn-013433,815,815,unclosed_code_fence,no_code_fence_used_raw_text,
deepseek-coder:6.7b,direct,crn-008480,2057,1353,near_num_predict_char_risk,extracted_from_code_fence,
deepseek-coder:6.7b,direct,crn-006928,272,272,unclosed_code_fence,no_code_fence_used_raw_text,
deepseek-coder:6.7b,direct,crn-014606,431,431,unclosed_code_fence,no_code_fence_used_raw_text,
deepseek-coder:6.7b,direct,crn-010005,500,500,unclosed_code_fence,no_code_fence_used_raw_text,
deepseek-coder:6.7b,direct,crn-007742,1897,960,near_num_predict_char_risk,extracted_from_code_fence,
deepseek-coder:6.7b,direct,crn-004604,632,631,unclosed_code_fence,no_code_fence_used_raw_text,
deepseek-coder:6.7b,direct,crn-008372,540,540,unclosed_code_fence,no_code_fence_used_raw_text,
deepseek-coder:6.7b,direct,crn-001463,465,465,unclosed_code_fence,no_code_fence_used_raw_text,
deepseek-coder:6.7b,direct,crn-009083,134,134,unclosed_code_fence,no_code_fence_used_raw_text,
deepseek-coder:6.7b,direct,crn-006238,682,682,unclosed_code_fence,no_code_fence_used_raw_text,
deepseek-coder:6.7b,direct,crn-004937,410,410,unclosed_code_fence,no_code_fence_used_raw_text,
deepseek-coder:6.7b,direct,crn-012665,430,430,unclosed_code_fence,no_code_fence_used_raw_text,
deepseek-coder:6.7b,direct,crn-000142,267,266,unclosed_code_fence,no_code_fence_used_raw_text,
deepseek-coder:6.7b,direct,crn-001880,668,370,unclosed_code_fence,extracted_from_code_fence,
deepseek-coder:6.7b,direct,crn-010683,1638,1634,unclosed_code_fence,no_code_fence_used_raw_text,
deepseek-coder:6.7b,direct,crn-007380,703,703,unclosed_code_fence,no_code_fence_used_raw_text,
deepseek-coder:6.7b,direct,crn-012703,274,274,unclosed_code_fence,no_code_fence_used_raw_text,
deepseek-coder:6.7b,direct,crn-000955,265,265,unclosed_code_fence,no_code_fence_used_raw_text,
deepseek-coder:6.7b,direct,crn-007232,451,451,unclosed_code_fence,no_code_fence_used_raw_text,
deepseek-coder:6.7b,direct,crn-007447,1005,1005,unclosed_code_fence,no_code_fence_used_raw_text,
deepseek-coder:6.7b,direct,crn-006104,1191,1191,unclosed_code_fence,no_code_fence_used_raw_text,
deepseek-coder:6.7b,direct,crn-009891,229,229,unclosed_code_fence,no_code_fence_used_raw_text,
deepseek-coder:6.7b,direct,crn-001561,31,17,very_short_extracted_code,extracted_from_code_fence,
deepseek-coder:6.7b,direct,crn-006235,632,632,unclosed_code_fence,no_code_fence_used_raw_text,
deepseek-coder:6.7b,direct,crn-008024,154,153,unclosed_code_fence,no_code_fence_used_raw_text,
deepseek-coder:6.7b,direct,crn-004860,456,456,unclosed_code_fence,no_code_fence_used_raw_text,
deepseek-coder:6.7b,direct,crn-004605,608,607,unclosed_code_fence,no_code_fence_used_raw_text,
deepseek-coder:6.7b,direct,crn-008374,713,713,unclosed_code_fence,no_code_fence_used_raw_text,
deepseek-coder:6.7b,direct,crn-011665,632,632,unclosed_code_fence,no_code_fence_used_raw_text,
deepseek-coder:6.7b,direct,crn-001661,1158,1158,unclosed_code_fence,no_code_fence_used_raw_text,
deepseek-coder:6.7b,direct,crn-009392,513,513,unclosed_code_fence,no_code_fence_used_raw_text,
deepseek-coder:6.7b,direct,crn-007049,1027,1027,unclosed_code_fence,no_code_fence_used_raw_text,
deepseek-coder:6.7b,direct,crn-009072,1082,1082,unclosed_code_fence,no_code_fence_used_raw_text,
deepseek-coder:6.7b,direct,crn-013806,406,375,unclosed_code_fence,no_code_fence_used_raw_text,
deepseek-coder:6.7b,direct,crn-008023,154,153,unclosed_code_fence,no_code_fence_used_raw_text,
deepseek-coder:6.7b,direct,crn-011231,181,150,unclosed_code_fence,no_code_fence_used_raw_text,
deepseek-coder:6.7b,direct,crn-004884,492,492,unclosed_code_fence,no_code_fence_used_raw_text,
deepseek-coder:6.7b,direct,crn-007820,1899,1318,near_num_predict_char_risk,extracted_from_code_fence,
deepseek-coder:6.7b,direct,crn-011464,310,310,unclosed_code_fence,no_code_fence_used_raw_text,
deepseek-coder:6.7b,direct,crn-009985,252,252,unclosed_code_fence,no_code_fence_used_raw_text,
deepseek-coder:6.7b,direct,crn-007522,51,36,very_short_extracted_code,extracted_from_code_fence,
deepseek-coder:6.7b,direct,crn-001798,181,181,unclosed_code_fence,no_code_fence_used_raw_text,
deepseek-coder:6.7b,direct,crn-012474,2010,1211,near_num_predict_char_risk,extracted_from_code_fence,
deepseek-coder:6.7b,direct,crn-001780,26,12,very_short_extracted_code,extracted_from_code_fence,
deepseek-coder:6.7b,direct,crn-002350,241,225,unclosed_code_fence,extracted_from_code_fence,
deepseek-coder:6.7b,direct,crn-005547,461,461,unclosed_code_fence,no_code_fence_used_raw_text,
deepseek-coder:6.7b,direct,crn-009079,363,363,unclosed_code_fence,no_code_fence_used_raw_text,
deepseek-coder:6.7b,direct,crn-004601,545,545,unclosed_code_fence,no_code_fence_used_raw_text,
deepseek-coder:6.7b,direct,crn-001668,121,121,unclosed_code_fence,no_code_fence_used_raw_text,
deepseek-coder:6.7b,direct,crn-012888,1014,1014,unclosed_code_fence,no_code_fence_used_raw_text,
deepseek-coder:6.7b,direct,crn-013812,333,333,unclosed_code_fence,no_code_fence_used_raw_text,
deepseek-coder:6.7b,direct,crn-009479,1316,1316,unclosed_code_fence,no_code_fence_used_raw_text,
deepseek-coder:6.7b,direct,crn-007560,1798,1047,near_num_predict_char_risk,extracted_from_code_fence,
deepseek-coder:6.7b,direct,crn-008556,503,503,unclosed_code_fence,no_code_fence_used_raw_text,
deepseek-coder:6.7b,direct,crn-007318,626,626,unclosed_code_fence,no_code_fence_used_raw_text,
deepseek-coder:6.7b,direct,crn-014470,40,26,very_short_extracted_code,extracted_from_code_fence,
deepseek-coder:6.7b,direct,crn-013150,887,887,unclosed_code_fence,no_code_fence_used_raw_text,
deepseek-coder:6.7b,direct,crn-012681,612,333,unclosed_code_fence,extracted_from_code_fence,
deepseek-coder:6.7b,direct,crn-007375,448,448,unclosed_code_fence,no_code_fence_used_raw_text,
deepseek-coder:6.7b,direct,crn-008848,784,784,unclosed_code_fence,no_code_fence_used_raw_text,
deepseek-coder:6.7b,direct,crn-005669,169,169,unclosed_code_fence,no_code_fence_used_raw_text,
deepseek-coder:6.7b,direct,crn-003340,1576,1576,unclosed_code_fence,no_code_fence_used_raw_text,
deepseek-coder:6.7b,direct,crn-011653,221,221,unclosed_code_fence,no_code_fence_used_raw_text,
deepseek-coder:6.7b,direct,crn-009983,2077,718,near_num_predict_char_risk,multiple_code_fences_used_longest,
deepseek-coder:6.7b,direct,crn-007428,1981,928,near_num_predict_char_risk,extracted_from_code_fence,
deepseek-coder:6.7b,direct,crn-012025,1885,959,near_num_predict_char_risk,extracted_from_code_fence,
deepseek-coder:6.7b,direct,crn-006241,811,811,unclosed_code_fence,no_code_fence_used_raw_text,
deepseek-coder:6.7b,direct,crn-001866,406,406,unclosed_code_fence,no_code_fence_used_raw_text,
deepseek-coder:6.7b,direct,crn-005894,23,12,very_short_extracted_code,extracted_from_code_fence,
deepseek-coder:6.7b,direct,crn-004215,403,403,unclosed_code_fence,no_code_fence_used_raw_text,
deepseek-coder:6.7b,direct,crn-012598,484,484,unclosed_code_fence,no_code_fence_used_raw_text,
deepseek-coder:6.7b,direct,crn-005668,178,178,unclosed_code_fence,no_code_fence_used_raw_text,
deepseek-coder:6.7b,direct,crn-014877,119,118,unclosed_code_fence,no_code_fence_used_raw_text,
deepseek-coder:6.7b,direct,crn-001102,235,235,unclosed_code_fence,no_code_fence_used_raw_text,
deepseek-coder:6.7b,direct,crn-004228,296,296,unclosed_code_fence,no_code_fence_used_raw_text,
deepseek-coder:6.7b,direct,crn-007993,230,230,unclosed_code_fence,no_code_fence_used_raw_text,
deepseek-coder:6.7b,direct,crn-001517,293,274,unclosed_code_fence,extracted_from_code_fence,
deepseek-coder:6.7b,direct,crn-013148,1359,1359,unclosed_code_fence,no_code_fence_used_raw_text,
deepseek-coder:6.7b,direct,crn-004428,427,427,unclosed_code_fence,no_code_fence_used_raw_text,
deepseek-coder:6.7b,direct,crn-004322,1258,1258,unclosed_code_fence,no_code_fence_used_raw_text,
deepseek-coder:6.7b,direct,crn-011237,185,185,unclosed_code_fence,no_code_fence_used_raw_text,
deepseek-coder:6.7b,direct,crn-002484,308,308,unclosed_code_fence,no_code_fence_used_raw_text,
deepseek-coder:6.7b,direct,crn-010834,711,711,unclosed_code_fence,no_code_fence_used_raw_text,
deepseek-coder:6.7b,direct,crn-009075,1646,377,unclosed_code_fence,multiple_code_fences_used_longest,
deepseek-coder:6.7b,direct,crn-013020,276,276,unclosed_code_fence,no_code_fence_used_raw_text,
deepseek-coder:6.7b,direct,crn-014139,234,215,unclosed_code_fence,extracted_from_code_fence,
deepseek-coder:6.7b,direct,crn-004974,380,380,unclosed_code_fence,no_code_fence_used_raw_text,
deepseek-coder:6.7b,direct,crn-002192,1800,1800,unclosed_code_fence;near_num_predict_char_risk,no_code_fence_used_raw_text,
deepseek-coder:6.7b,direct,crn-013389,348,348,unclosed_code_fence,no_code_fence_used_raw_text,
deepseek-coder:6.7b,direct,crn-009437,753,753,unclosed_code_fence,no_code_fence_used_raw_text,
deepseek-coder:6.7b,direct,crn-012858,846,846,unclosed_code_fence,no_code_fence_used_raw_text,
deepseek-coder:6.7b,direct,crn-004920,23,12,very_short_extracted_code,extracted_from_code_fence,
deepseek-coder:6.7b,direct,crn-014620,222,222,unclosed_code_fence,no_code_fence_used_raw_text,
deepseek-coder:6.7b,direct,crn-013259,418,394,unclosed_code_fence,extracted_from_code_fence,
deepseek-coder:6.7b,direct,crn-009397,402,402,unclosed_code_fence,no_code_fence_used_raw_text,
deepseek-coder:6.7b,direct,crn-007103,2094,1159,near_num_predict_char_risk,extracted_from_code_fence,
deepseek-coder:6.7b,direct,crn-008334,808,808,unclosed_code_fence,no_code_fence_used_raw_text,
deepseek-coder:6.7b,direct,crn-009473,649,649,unclosed_code_fence,no_code_fence_used_raw_text,
deepseek-coder:6.7b,direct,crn-013151,998,998,unclosed_code_fence,no_code_fence_used_raw_text,
deepseek-coder:6.7b,direct,crn-012247,854,130,unclosed_code_fence,extracted_from_code_fence,
deepseek-coder:6.7b,direct,crn-002126,110,109,unclosed_code_fence,no_code_fence_used_raw_text,
deepseek-coder:6.7b,direct,crn-000924,227,226,unclosed_code_fence,no_code_fence_used_raw_text,
deepseek-coder:6.7b,direct,crn-005906,334,334,unclosed_code_fence,no_code_fence_used_raw_text,
deepseek-coder:6.7b,direct,crn-010891,303,303,unclosed_code_fence,no_code_fence_used_raw_text,
deepseek-coder:6.7b,direct,crn-007773,1620,1620,unclosed_code_fence,no_code_fence_used_raw_text,
deepseek-coder:6.7b,direct,crn-007670,581,581,unclosed_code_fence,no_code_fence_used_raw_text,
deepseek-coder:6.7b,direct,crn-012728,218,217,unclosed_code_fence,no_code_fence_used_raw_text,
deepseek-coder:6.7b,direct,crn-003847,512,512,unclosed_code_fence,no_code_fence_used_raw_text,
deepseek-coder:6.7b,direct,crn-007178,182,182,unclosed_code_fence,no_code_fence_used_raw_text,
deepseek-coder:6.7b,direct,crn-004423,1405,302,unclosed_code_fence,multiple_code_fences_used_longest,
deepseek-coder:6.7b,direct,crn-013766,396,396,unclosed_code_fence,no_code_fence_used_raw_text,
deepseek-coder:6.7b,direct,crn-005523,286,286,unclosed_code_fence,no_code_fence_used_raw_text,
deepseek-coder:6.7b,direct,crn-006249,869,869,unclosed_code_fence,no_code_fence_used_raw_text,
deepseek-coder:6.7b,direct,crn-011161,2067,1463,near_num_predict_char_risk,extracted_from_code_fence,
deepseek-coder:6.7b,direct,crn-012889,848,848,unclosed_code_fence,no_code_fence_used_raw_text,
deepseek-coder:6.7b,direct,crn-009616,1153,1153,unclosed_code_fence,no_code_fence_used_raw_text,
deepseek-coder:6.7b,direct,crn-012122,463,463,unclosed_code_fence,no_code_fence_used_raw_text,
deepseek-coder:6.7b,direct,crn-004589,399,399,unclosed_code_fence,no_code_fence_used_raw_text,
deepseek-coder:6.7b,direct,crn-007105,488,488,unclosed_code_fence,no_code_fence_used_raw_text,
deepseek-coder:6.7b,direct,crn-012926,485,485,unclosed_code_fence,no_code_fence_used_raw_text,
deepseek-coder:6.7b,direct,crn-002663,366,334,unclosed_code_fence,extracted_from_code_fence,
deepseek-coder:6.7b,direct,crn-013863,197,197,unclosed_code_fence,no_code_fence_used_raw_text,
deepseek-coder:6.7b,direct,crn-001089,1525,585,unclosed_code_fence,extracted_from_code_fence,
deepseek-coder:6.7b,direct,crn-005670,178,178,unclosed_code_fence,no_code_fence_used_raw_text,
deepseek-coder:6.7b,direct,crn-012023,1945,849,near_num_predict_char_risk,extracted_from_code_fence,
deepseek-coder:6.7b,direct,crn-004578,420,420,unclosed_code_fence,no_code_fence_used_raw_text,
deepseek-coder:6.7b,gold_location,crn-010297,358,358,unclosed_code_fence,no_code_fence_used_raw_text,
deepseek-coder:6.7b,gold_location,crn-004693,404,404,unclosed_code_fence,no_code_fence_used_raw_text,
deepseek-coder:6.7b,gold_location,crn-013081,501,501,unclosed_code_fence,no_code_fence_used_raw_text,
deepseek-coder:6.7b,gold_location,crn-013338,406,382,unclosed_code_fence,extracted_from_code_fence,
deepseek-coder:6.7b,gold_location,crn-012297,432,432,unclosed_code_fence,no_code_fence_used_raw_text,
deepseek-coder:6.7b,gold_location,crn-001683,32,17,very_short_extracted_code,extracted_from_code_fence,
deepseek-coder:6.7b,gold_location,crn-000517,470,470,unclosed_code_fence,no_code_fence_used_raw_text,
deepseek-coder:6.7b,gold_location,crn-001858,414,414,unclosed_code_fence,no_code_fence_used_raw_text,
deepseek-coder:6.7b,gold_location,crn-013603,40,25,very_short_extracted_code,extracted_from_code_fence,
deepseek-coder:6.7b,gold_location,crn-012595,455,455,unclosed_code_fence,no_code_fence_used_raw_text,
deepseek-coder:6.7b,gold_location,crn-001159,375,62,unclosed_code_fence,extracted_from_code_fence,
deepseek-coder:6.7b,gold_location,crn-002088,1917,1867,near_num_predict_char_risk,extracted_from_code_fence,
deepseek-coder:6.7b,gold_location,crn-012929,610,541,unclosed_code_fence,removed_wrapper_text_or_gold_markers,
deepseek-coder:6.7b,gold_location,crn-013022,415,373,unclosed_code_fence,removed_wrapper_text_or_gold_markers,
deepseek-coder:6.7b,gold_location,crn-007754,1487,1487,unclosed_code_fence,no_code_fence_used_raw_text,
deepseek-coder:6.7b,gold_location,crn-007011,1439,1439,unclosed_code_fence,no_code_fence_used_raw_text,
deepseek-coder:6.7b,gold_location,crn-006933,487,486,unclosed_code_fence,no_code_fence_used_raw_text,
deepseek-coder:6.7b,gold_location,crn-008177,39,26,very_short_extracted_code,extracted_from_code_fence,
deepseek-coder:6.7b,gold_location,crn-008584,25,14,very_short_extracted_code,extracted_from_code_fence,
deepseek-coder:6.7b,gold_location,crn-012120,452,383,unclosed_code_fence,removed_wrapper_text_or_gold_markers,
deepseek-coder:6.7b,gold_location,crn-013528,202,202,unclosed_code_fence,no_code_fence_used_raw_text,
deepseek-coder:6.7b,gold_location,crn-000366,370,370,unclosed_code_fence,no_code_fence_used_raw_text,
deepseek-coder:6.7b,gold_location,crn-001518,295,276,unclosed_code_fence,extracted_from_code_fence,
deepseek-coder:6.7b,gold_location,crn-009646,314,314,unclosed_code_fence,no_code_fence_used_raw_text,
deepseek-coder:6.7b,gold_location,crn-001217,378,243,unclosed_code_fence,multiple_code_fences_used_longest,
deepseek-coder:6.7b,gold_location,crn-013324,316,274,unclosed_code_fence,removed_wrapper_text_or_gold_markers,
deepseek-coder:6.7b,gold_location,crn-006583,416,416,unclosed_code_fence,no_code_fence_used_raw_text,
deepseek-coder:6.7b,gold_location,crn-011245,395,395,unclosed_code_fence,no_code_fence_used_raw_text,
deepseek-coder:6.7b,gold_location,crn-008911,988,988,unclosed_code_fence,no_code_fence_used_raw_text,
deepseek-coder:6.7b,gold_location,crn-007885,460,460,unclosed_code_fence,no_code_fence_used_raw_text,
deepseek-coder:6.7b,gold_location,crn-006928,272,272,unclosed_code_fence,no_code_fence_used_raw_text,
deepseek-coder:6.7b,gold_location,crn-008823,216,216,unclosed_code_fence,no_code_fence_used_raw_text,
deepseek-coder:6.7b,gold_location,crn-006105,1183,1183,unclosed_code_fence,no_code_fence_used_raw_text,
deepseek-coder:6.7b,gold_location,crn-014606,353,353,unclosed_code_fence,no_code_fence_used_raw_text,
deepseek-coder:6.7b,gold_location,crn-009438,323,323,unclosed_code_fence,no_code_fence_used_raw_text,
deepseek-coder:6.7b,gold_location,crn-009068,282,282,unclosed_code_fence,no_code_fence_used_raw_text,
deepseek-coder:6.7b,gold_location,crn-010887,478,478,unclosed_code_fence,no_code_fence_used_raw_text,
deepseek-coder:6.7b,gold_location,crn-011481,486,470,unclosed_code_fence,extracted_from_code_fence,
deepseek-coder:6.7b,gold_location,crn-005460,404,404,unclosed_code_fence,no_code_fence_used_raw_text,
deepseek-coder:6.7b,gold_location,crn-006238,178,178,unclosed_code_fence,no_code_fence_used_raw_text,
deepseek-coder:6.7b,gold_location,crn-006350,204,204,unclosed_code_fence,no_code_fence_used_raw_text,
deepseek-coder:6.7b,gold_location,crn-002583,82,82,unclosed_code_fence,no_code_fence_used_raw_text,
deepseek-coder:6.7b,gold_location,crn-008818,310,310,unclosed_code_fence,no_code_fence_used_raw_text,
deepseek-coder:6.7b,gold_location,crn-009094,259,259,unclosed_code_fence,no_code_fence_used_raw_text,
deepseek-coder:6.7b,gold_location,crn-012661,147,146,unclosed_code_fence,no_code_fence_used_raw_text,
deepseek-coder:6.7b,gold_location,crn-004577,417,417,unclosed_code_fence,no_code_fence_used_raw_text,
deepseek-coder:6.7b,gold_location,crn-012118,423,423,unclosed_code_fence,no_code_fence_used_raw_text,
deepseek-coder:6.7b,gold_location,crn-008906,122,122,unclosed_code_fence,no_code_fence_used_raw_text,
deepseek-coder:6.7b,gold_location,crn-002900,384,384,unclosed_code_fence,no_code_fence_used_raw_text,
deepseek-coder:6.7b,gold_location,crn-001548,263,263,unclosed_code_fence,no_code_fence_used_raw_text,
deepseek-coder:6.7b,gold_location,crn-011792,536,536,unclosed_code_fence,no_code_fence_used_raw_text,
deepseek-coder:6.7b,gold_location,crn-009624,304,304,unclosed_code_fence,no_code_fence_used_raw_text,
deepseek-coder:6.7b,gold_location,crn-005301,494,494,unclosed_code_fence,no_code_fence_used_raw_text,
deepseek-coder:6.7b,gold_location,crn-013319,1071,1070,unclosed_code_fence,no_code_fence_used_raw_text,
deepseek-coder:6.7b,gold_location,crn-007374,480,480,unclosed_code_fence,no_code_fence_used_raw_text,
deepseek-coder:6.7b,gold_location,crn-013037,1413,1234,unclosed_code_fence,removed_wrapper_text_or_gold_markers,
deepseek-coder:6.7b,gold_location,crn-003562,486,486,unclosed_code_fence,no_code_fence_used_raw_text,
deepseek-coder:6.7b,gold_location,crn-007447,456,456,unclosed_code_fence,no_code_fence_used_raw_text,
deepseek-coder:6.7b,gold_location,crn-006845,473,473,unclosed_code_fence,no_code_fence_used_raw_text,
deepseek-coder:6.7b,gold_location,crn-006104,1191,1191,unclosed_code_fence,no_code_fence_used_raw_text,
deepseek-coder:6.7b,gold_location,crn-001561,31,17,very_short_extracted_code,extracted_from_code_fence,
deepseek-coder:6.7b,gold_location,crn-012370,246,246,unclosed_code_fence,no_code_fence_used_raw_text,
deepseek-coder:6.7b,gold_location,crn-013161,208,157,unclosed_code_fence,no_code_fence_used_raw_text,
deepseek-coder:6.7b,gold_location,crn-013992,480,480,unclosed_code_fence,no_code_fence_used_raw_text,
deepseek-coder:6.7b,gold_location,crn-008178,403,403,unclosed_code_fence,no_code_fence_used_raw_text,
deepseek-coder:6.7b,gold_location,crn-002005,344,344,unclosed_code_fence,no_code_fence_used_raw_text,
deepseek-coder:6.7b,gold_location,crn-011001,489,489,unclosed_code_fence,no_code_fence_used_raw_text,
deepseek-coder:6.7b,gold_location,crn-004860,357,357,unclosed_code_fence,no_code_fence_used_raw_text,
deepseek-coder:6.7b,gold_location,crn-006752,273,273,unclosed_code_fence,no_code_fence_used_raw_text,
deepseek-coder:6.7b,gold_location,crn-002193,1728,1659,unclosed_code_fence,removed_wrapper_text_or_gold_markers,
deepseek-coder:6.7b,gold_location,crn-007339,290,290,unclosed_code_fence,no_code_fence_used_raw_text,
deepseek-coder:6.7b,gold_location,crn-000830,464,464,unclosed_code_fence,no_code_fence_used_raw_text,
deepseek-coder:6.7b,gold_location,crn-001661,640,640,unclosed_code_fence,no_code_fence_used_raw_text,
deepseek-coder:6.7b,gold_location,crn-009072,1082,1082,unclosed_code_fence,no_code_fence_used_raw_text,
deepseek-coder:6.7b,gold_location,crn-014501,450,408,unclosed_code_fence,removed_wrapper_text_or_gold_markers,
deepseek-coder:6.7b,gold_location,crn-011759,301,301,unclosed_code_fence,no_code_fence_used_raw_text,
deepseek-coder:6.7b,gold_location,crn-014111,591,591,unclosed_code_fence,no_code_fence_used_raw_text,
deepseek-coder:6.7b,gold_location,crn-007218,233,233,unclosed_code_fence,no_code_fence_used_raw_text,
deepseek-coder:6.7b,gold_location,crn-000229,600,600,unclosed_code_fence,no_code_fence_used_raw_text,
deepseek-coder:6.7b,gold_location,crn-007219,233,233,unclosed_code_fence,no_code_fence_used_raw_text,
deepseek-coder:6.7b,gold_location,crn-006601,226,226,unclosed_code_fence,no_code_fence_used_raw_text,
deepseek-coder:6.7b,gold_location,crn-009938,712,712,unclosed_code_fence,no_code_fence_used_raw_text,
deepseek-coder:6.7b,gold_location,crn-014557,309,16,very_short_extracted_code,extracted_from_code_fence,
deepseek-coder:6.7b,gold_location,crn-007090,680,680,unclosed_code_fence,no_code_fence_used_raw_text,
deepseek-coder:6.7b,gold_location,crn-008017,295,295,unclosed_code_fence,no_code_fence_used_raw_text,
deepseek-coder:6.7b,gold_location,crn-001581,288,233,unclosed_code_fence,extracted_from_code_fence,
deepseek-coder:6.7b,gold_location,crn-007372,591,522,unclosed_code_fence,removed_wrapper_text_or_gold_markers,
deepseek-coder:6.7b,gold_location,crn-009985,239,239,unclosed_code_fence,no_code_fence_used_raw_text,
deepseek-coder:6.7b,gold_location,crn-004267,445,445,unclosed_code_fence,no_code_fence_used_raw_text,
deepseek-coder:6.7b,gold_location,crn-004327,345,345,unclosed_code_fence,no_code_fence_used_raw_text,
deepseek-coder:6.7b,gold_location,crn-001780,26,12,very_short_extracted_code,extracted_from_code_fence,
deepseek-coder:6.7b,gold_location,crn-005088,269,269,unclosed_code_fence,no_code_fence_used_raw_text,
deepseek-coder:6.7b,gold_location,crn-009079,319,319,unclosed_code_fence,no_code_fence_used_raw_text,
deepseek-coder:6.7b,gold_location,crn-004446,531,531,unclosed_code_fence,no_code_fence_used_raw_text,
deepseek-coder:6.7b,gold_location,crn-009648,235,235,unclosed_code_fence,no_code_fence_used_raw_text,
deepseek-coder:6.7b,gold_location,crn-012923,332,263,unclosed_code_fence,removed_wrapper_text_or_gold_markers,
deepseek-coder:6.7b,gold_location,crn-001668,156,156,unclosed_code_fence,no_code_fence_used_raw_text,
deepseek-coder:6.7b,gold_location,crn-011474,339,339,unclosed_code_fence,no_code_fence_used_raw_text,
deepseek-coder:6.7b,gold_location,crn-006889,489,489,unclosed_code_fence,no_code_fence_used_raw_text,
deepseek-coder:6.7b,gold_location,crn-014007,320,320,unclosed_code_fence,no_code_fence_used_raw_text,
deepseek-coder:6.7b,gold_location,crn-004326,401,401,unclosed_code_fence,no_code_fence_used_raw_text,
deepseek-coder:6.7b,gold_location,crn-005390,583,583,unclosed_code_fence,no_code_fence_used_raw_text,
deepseek-coder:6.7b,gold_location,crn-004976,483,483,unclosed_code_fence,no_code_fence_used_raw_text,
deepseek-coder:6.7b,gold_location,crn-002363,375,374,unclosed_code_fence,no_code_fence_used_raw_text,
deepseek-coder:6.7b,gold_location,crn-009165,268,226,unclosed_code_fence,removed_wrapper_text_or_gold_markers,
deepseek-coder:6.7b,gold_location,crn-000435,277,235,unclosed_code_fence,removed_wrapper_text_or_gold_markers,
deepseek-coder:6.7b,gold_location,crn-006186,734,625,unclosed_code_fence,removed_wrapper_text_or_gold_markers,
deepseek-coder:6.7b,gold_location,crn-013517,595,595,unclosed_code_fence,no_code_fence_used_raw_text,
deepseek-coder:6.7b,gold_location,crn-004010,462,462,unclosed_code_fence,no_code_fence_used_raw_text,
deepseek-coder:6.7b,gold_location,crn-012130,302,302,unclosed_code_fence,no_code_fence_used_raw_text,
deepseek-coder:6.7b,gold_location,crn-002424,303,303,unclosed_code_fence,no_code_fence_used_raw_text,
deepseek-coder:6.7b,gold_location,crn-011492,231,140,unclosed_code_fence,no_code_fence_used_raw_text,
deepseek-coder:6.7b,gold_location,crn-007381,371,371,unclosed_code_fence,no_code_fence_used_raw_text,
deepseek-coder:6.7b,gold_location,crn-013150,869,869,unclosed_code_fence,no_code_fence_used_raw_text,
deepseek-coder:6.7b,gold_location,crn-007370,560,560,unclosed_code_fence,no_code_fence_used_raw_text,
deepseek-coder:6.7b,gold_location,crn-008468,403,403,unclosed_code_fence,no_code_fence_used_raw_text,
deepseek-coder:6.7b,gold_location,crn-010409,642,642,unclosed_code_fence,no_code_fence_used_raw_text,
deepseek-coder:6.7b,gold_location,crn-007375,413,413,unclosed_code_fence,no_code_fence_used_raw_text,
deepseek-coder:6.7b,gold_location,crn-008848,784,784,unclosed_code_fence,no_code_fence_used_raw_text,
deepseek-coder:6.7b,gold_location,crn-013516,367,367,unclosed_code_fence,no_code_fence_used_raw_text,
deepseek-coder:6.7b,gold_location,crn-000309,583,583,unclosed_code_fence,no_code_fence_used_raw_text,
deepseek-coder:6.7b,gold_location,crn-002408,331,331,unclosed_code_fence,no_code_fence_used_raw_text,
deepseek-coder:6.7b,gold_location,crn-002483,361,361,unclosed_code_fence,no_code_fence_used_raw_text,
deepseek-coder:6.7b,gold_location,crn-005669,169,169,unclosed_code_fence,no_code_fence_used_raw_text,
deepseek-coder:6.7b,gold_location,crn-004076,565,565,unclosed_code_fence,no_code_fence_used_raw_text,
deepseek-coder:6.7b,gold_location,crn-004324,308,308,unclosed_code_fence,no_code_fence_used_raw_text,
deepseek-coder:6.7b,gold_location,crn-014589,1412,1412,unclosed_code_fence,no_code_fence_used_raw_text,
deepseek-coder:6.7b,gold_location,crn-003908,30,15,very_short_extracted_code,extracted_from_code_fence,
deepseek-coder:6.7b,gold_location,crn-005961,503,434,unclosed_code_fence,removed_wrapper_text_or_gold_markers,
deepseek-coder:6.7b,gold_location,crn-013353,346,346,unclosed_code_fence,no_code_fence_used_raw_text,
deepseek-coder:6.7b,gold_location,crn-013504,269,269,unclosed_code_fence,no_code_fence_used_raw_text,
deepseek-coder:6.7b,gold_location,crn-008316,475,433,unclosed_code_fence,removed_wrapper_text_or_gold_markers,
deepseek-coder:6.7b,gold_location,crn-002109,347,347,unclosed_code_fence,no_code_fence_used_raw_text,
deepseek-coder:6.7b,gold_location,crn-006835,500,500,unclosed_code_fence,no_code_fence_used_raw_text,
deepseek-coder:6.7b,gold_location,crn-010265,866,865,unclosed_code_fence,no_code_fence_used_raw_text,
deepseek-coder:6.7b,gold_location,crn-007736,347,347,unclosed_code_fence,no_code_fence_used_raw_text,
deepseek-coder:6.7b,gold_location,crn-001864,535,535,unclosed_code_fence,no_code_fence_used_raw_text,
deepseek-coder:6.7b,gold_location,crn-002154,348,348,unclosed_code_fence,no_code_fence_used_raw_text,
deepseek-coder:6.7b,gold_location,crn-009200,1259,451,unclosed_code_fence,extracted_from_code_fence,
deepseek-coder:6.7b,gold_location,crn-011482,386,371,unclosed_code_fence,extracted_from_code_fence,
deepseek-coder:6.7b,gold_location,crn-005461,203,203,unclosed_code_fence,no_code_fence_used_raw_text,
deepseek-coder:6.7b,gold_location,crn-012406,464,464,unclosed_code_fence,no_code_fence_used_raw_text,
deepseek-coder:6.7b,gold_location,crn-006237,226,226,unclosed_code_fence,no_code_fence_used_raw_text,
deepseek-coder:6.7b,gold_location,crn-001517,305,286,unclosed_code_fence,extracted_from_code_fence,
deepseek-coder:6.7b,gold_location,crn-004116,406,406,unclosed_code_fence,no_code_fence_used_raw_text,
deepseek-coder:6.7b,gold_location,crn-011706,204,204,unclosed_code_fence,no_code_fence_used_raw_text,
deepseek-coder:6.7b,gold_location,crn-001540,170,170,unclosed_code_fence,no_code_fence_used_raw_text,
deepseek-coder:6.7b,gold_location,crn-013408,676,676,unclosed_code_fence,no_code_fence_used_raw_text,
deepseek-coder:6.7b,gold_location,crn-013249,373,355,unclosed_code_fence,extracted_from_code_fence,
deepseek-coder:6.7b,gold_location,crn-004322,494,494,unclosed_code_fence,no_code_fence_used_raw_text,
deepseek-coder:6.7b,gold_location,crn-001915,356,356,unclosed_code_fence,no_code_fence_used_raw_text,
deepseek-coder:6.7b,gold_location,crn-002484,453,384,unclosed_code_fence,removed_wrapper_text_or_gold_markers,
deepseek-coder:6.7b,gold_location,crn-005462,203,203,unclosed_code_fence,no_code_fence_used_raw_text,
deepseek-coder:6.7b,gold_location,crn-002964,476,476,unclosed_code_fence,no_code_fence_used_raw_text,
deepseek-coder:6.7b,gold_location,crn-002244,28,18,very_short_extracted_code,extracted_from_code_fence,
deepseek-coder:6.7b,gold_location,crn-006567,278,278,unclosed_code_fence,no_code_fence_used_raw_text,
deepseek-coder:6.7b,gold_location,crn-008772,471,471,unclosed_code_fence,no_code_fence_used_raw_text,
deepseek-coder:6.7b,gold_location,crn-000798,394,394,unclosed_code_fence,no_code_fence_used_raw_text,
deepseek-coder:6.7b,gold_location,crn-010785,557,557,unclosed_code_fence,no_code_fence_used_raw_text,
deepseek-coder:6.7b,gold_location,crn-014139,239,220,unclosed_code_fence,extracted_from_code_fence,
deepseek-coder:6.7b,gold_location,crn-002192,1728,1659,unclosed_code_fence,removed_wrapper_text_or_gold_markers,
deepseek-coder:6.7b,gold_location,crn-001049,429,429,unclosed_code_fence,no_code_fence_used_raw_text,
deepseek-coder:6.7b,gold_location,crn-010943,461,461,unclosed_code_fence,no_code_fence_used_raw_text,
deepseek-coder:6.7b,gold_location,crn-007886,470,470,unclosed_code_fence,no_code_fence_used_raw_text,
deepseek-coder:6.7b,gold_location,crn-006546,356,356,unclosed_code_fence,no_code_fence_used_raw_text,
deepseek-coder:6.7b,gold_location,crn-013527,191,191,unclosed_code_fence,no_code_fence_used_raw_text,
deepseek-coder:6.7b,gold_location,crn-014620,221,221,unclosed_code_fence,no_code_fence_used_raw_text,
deepseek-coder:6.7b,gold_location,crn-001814,364,364,unclosed_code_fence,no_code_fence_used_raw_text,
deepseek-coder:6.7b,gold_location,crn-013259,370,370,unclosed_code_fence,no_code_fence_used_raw_text,
deepseek-coder:6.7b,gold_location,crn-013124,325,325,unclosed_code_fence,no_code_fence_used_raw_text,
deepseek-coder:6.7b,gold_location,crn-009062,1153,1015,unclosed_code_fence,removed_wrapper_text_or_gold_markers,
deepseek-coder:6.7b,gold_location,crn-009473,569,569,unclosed_code_fence,no_code_fence_used_raw_text,
deepseek-coder:6.7b,gold_location,crn-013151,946,946,unclosed_code_fence,no_code_fence_used_raw_text,
deepseek-coder:6.7b,gold_location,crn-002595,488,488,unclosed_code_fence,no_code_fence_used_raw_text,
deepseek-coder:6.7b,gold_location,crn-014646,359,140,unclosed_code_fence,extracted_from_code_fence,
deepseek-coder:6.7b,gold_location,crn-007075,230,229,unclosed_code_fence,no_code_fence_used_raw_text,
deepseek-coder:6.7b,gold_location,crn-011855,276,234,unclosed_code_fence,removed_wrapper_text_or_gold_markers,
deepseek-coder:6.7b,gold_location,crn-009970,403,361,unclosed_code_fence,removed_wrapper_text_or_gold_markers,
deepseek-coder:6.7b,gold_location,crn-013082,423,423,unclosed_code_fence,no_code_fence_used_raw_text,
deepseek-coder:6.7b,gold_location,crn-011736,85,85,unclosed_code_fence,no_code_fence_used_raw_text,
deepseek-coder:6.7b,gold_location,crn-010891,327,300,unclosed_code_fence,removed_wrapper_text_or_gold_markers,
deepseek-coder:6.7b,gold_location,crn-010208,404,404,unclosed_code_fence,no_code_fence_used_raw_text,
deepseek-coder:6.7b,gold_location,crn-013025,906,906,unclosed_code_fence,no_code_fence_used_raw_text,
deepseek-coder:6.7b,gold_location,crn-006031,204,204,unclosed_code_fence,no_code_fence_used_raw_text,
deepseek-coder:6.7b,gold_location,crn-007670,596,596,unclosed_code_fence,no_code_fence_used_raw_text,
deepseek-coder:6.7b,gold_location,crn-002742,486,417,unclosed_code_fence,removed_wrapper_text_or_gold_markers,
deepseek-coder:6.7b,gold_location,crn-006179,1911,1057,near_num_predict_char_risk,multiple_code_fences_used_longest,
deepseek-coder:6.7b,gold_location,crn-012511,222,222,unclosed_code_fence,no_code_fence_used_raw_text,
deepseek-coder:6.7b,gold_location,crn-007221,233,233,unclosed_code_fence,no_code_fence_used_raw_text,
deepseek-coder:6.7b,gold_location,crn-004159,423,423,unclosed_code_fence,no_code_fence_used_raw_text,
deepseek-coder:6.7b,gold_location,crn-001693,322,212,unclosed_code_fence,extracted_from_code_fence,
deepseek-coder:6.7b,gold_location,crn-014538,718,580,unclosed_code_fence,removed_wrapper_text_or_gold_markers,
deepseek-coder:6.7b,gold_location,crn-014374,230,210,unclosed_code_fence,extracted_from_code_fence,
deepseek-coder:6.7b,gold_location,crn-013766,432,432,unclosed_code_fence,no_code_fence_used_raw_text,
deepseek-coder:6.7b,gold_location,crn-007050,1027,1027,unclosed_code_fence,no_code_fence_used_raw_text,
deepseek-coder:6.7b,gold_location,crn-010079,248,206,unclosed_code_fence,removed_wrapper_text_or_gold_markers,
deepseek-coder:6.7b,gold_location,crn-012122,493,493,unclosed_code_fence,no_code_fence_used_raw_text,
deepseek-coder:6.7b,gold_location,crn-004115,395,395,unclosed_code_fence,no_code_fence_used_raw_text,
deepseek-coder:6.7b,gold_location,crn-002663,351,321,unclosed_code_fence,extracted_from_code_fence,
deepseek-coder:6.7b,gold_location,crn-005670,169,169,unclosed_code_fence,no_code_fence_used_raw_text,
qwen2.5-coder:32b,no_review,crn-002324,1757,663,unclosed_code_fence,multiple_code_fences_used_longest,
qwen2.5-coder:32b,no_review,crn-009216,2162,431,unclosed_code_fence;near_num_predict_char_risk,multiple_code_fences_used_longest,
qwen2.5-coder:32b,no_review,crn-007379,2623,636,unclosed_code_fence;near_num_predict_char_risk,multiple_code_fences_used_longest,
qwen2.5-coder:32b,no_review,crn-007371,2622,498,unclosed_code_fence;near_num_predict_char_risk,multiple_code_fences_used_longest,
qwen2.5-coder:32b,no_review,crn-001312,2075,417,unclosed_code_fence;near_num_predict_char_risk,multiple_code_fences_used_longest,
qwen2.5-coder:32b,no_review,crn-012630,1280,323,unclosed_code_fence,multiple_code_fences_used_longest,
qwen2.5-coder:32b,no_review,crn-007760,2238,577,unclosed_code_fence;near_num_predict_char_risk,multiple_code_fences_used_longest,
qwen2.5-coder:32b,no_review,crn-000985,2216,475,unclosed_code_fence;near_num_predict_char_risk,multiple_code_fences_used_longest,
qwen2.5-coder:32b,no_review,crn-012414,2101,401,unclosed_code_fence;near_num_predict_char_risk,multiple_code_fences_used_longest,
qwen2.5-coder:32b,no_review,crn-001425,2461,682,unclosed_code_fence;near_num_predict_char_risk,multiple_code_fences_used_longest,
qwen2.5-coder:32b,no_review,crn-010066,2154,545,unclosed_code_fence;near_num_predict_char_risk,multiple_code_fences_used_longest,
qwen2.5-coder:32b,no_review,crn-006764,2119,412,unclosed_code_fence;near_num_predict_char_risk,multiple_code_fences_used_longest,
qwen2.5-coder:32b,no_review,crn-006135,1646,364,unclosed_code_fence,multiple_code_fences_used_longest,
qwen2.5-coder:32b,no_review,crn-002433,2122,563,unclosed_code_fence;near_num_predict_char_risk,multiple_code_fences_used_longest,
qwen2.5-coder:32b,no_review,crn-003123,1978,653,unclosed_code_fence;near_num_predict_char_risk,multiple_code_fences_used_longest,
qwen2.5-coder:32b,no_review,crn-013707,2850,866,near_num_predict_char_risk,multiple_code_fences_used_longest,
qwen2.5-coder:32b,no_review,crn-014166,2012,545,unclosed_code_fence;near_num_predict_char_risk,multiple_code_fences_used_longest,
qwen2.5-coder:32b,no_review,crn-001886,1968,429,unclosed_code_fence;near_num_predict_char_risk,multiple_code_fences_used_longest,
qwen2.5-coder:32b,no_review,crn-002132,2594,594,near_num_predict_char_risk,multiple_code_fences_used_longest,
qwen2.5-coder:32b,no_review,crn-011708,1984,850,unclosed_code_fence;near_num_predict_char_risk,extracted_from_code_fence,
qwen2.5-coder:32b,no_review,crn-013728,2205,707,unclosed_code_fence;near_num_predict_char_risk,multiple_code_fences_used_longest,
qwen2.5-coder:32b,no_review,crn-004207,2357,324,unclosed_code_fence;near_num_predict_char_risk,multiple_code_fences_used_longest,
qwen2.5-coder:32b,no_review,crn-000790,1973,931,near_num_predict_char_risk,multiple_code_fences_used_longest,
qwen2.5-coder:32b,no_review,crn-008239,2874,626,near_num_predict_char_risk,multiple_code_fences_used_longest,
qwen2.5-coder:32b,no_review,crn-004875,1707,490,unclosed_code_fence,multiple_code_fences_used_longest,
qwen2.5-coder:32b,no_review,crn-012577,2067,231,unclosed_code_fence;near_num_predict_char_risk,multiple_code_fences_used_longest,
qwen2.5-coder:32b,no_review,crn-012151,2459,820,unclosed_code_fence;near_num_predict_char_risk,multiple_code_fences_used_longest,
qwen2.5-coder:32b,no_review,crn-009049,2299,271,unclosed_code_fence;near_num_predict_char_risk,multiple_code_fences_used_longest,
qwen2.5-coder:32b,no_review,crn-014318,2002,328,unclosed_code_fence;near_num_predict_char_risk,multiple_code_fences_used_longest,
qwen2.5-coder:32b,no_review,crn-000505,2008,532,near_num_predict_char_risk,multiple_code_fences_used_longest,
qwen2.5-coder:32b,no_review,crn-004304,2089,642,unclosed_code_fence;near_num_predict_char_risk,multiple_code_fences_used_longest,
qwen2.5-coder:32b,no_review,crn-013912,2044,183,unclosed_code_fence;near_num_predict_char_risk,multiple_code_fences_used_longest,
qwen2.5-coder:32b,no_review,crn-014778,202,201,unclosed_code_fence,no_code_fence_used_raw_text,
qwen2.5-coder:32b,no_review,crn-000150,2228,1126,unclosed_code_fence;near_num_predict_char_risk,extracted_from_code_fence,
qwen2.5-coder:32b,no_review,crn-014733,2134,742,unclosed_code_fence;near_num_predict_char_risk,multiple_code_fences_used_longest,
qwen2.5-coder:32b,no_review,crn-003767,2033,410,unclosed_code_fence;near_num_predict_char_risk,multiple_code_fences_used_longest,
qwen2.5-coder:32b,no_review,crn-013991,2230,370,unclosed_code_fence;near_num_predict_char_risk,multiple_code_fences_used_longest,
qwen2.5-coder:32b,no_review,crn-013688,2105,618,near_num_predict_char_risk,multiple_code_fences_used_longest,
qwen2.5-coder:32b,no_review,crn-007960,1992,533,unclosed_code_fence;near_num_predict_char_risk,multiple_code_fences_used_longest,
qwen2.5-coder:32b,no_review,crn-011383,1394,684,unclosed_code_fence,extracted_from_code_fence,
qwen2.5-coder:32b,no_review,crn-013007,2151,408,unclosed_code_fence;near_num_predict_char_risk,multiple_code_fences_used_longest,
qwen2.5-coder:32b,no_review,crn-006454,2214,197,near_num_predict_char_risk,multiple_code_fences_used_longest,
qwen2.5-coder:32b,no_review,crn-009064,1921,530,unclosed_code_fence;near_num_predict_char_risk,multiple_code_fences_used_longest,
qwen2.5-coder:32b,no_review,crn-007237,2141,258,unclosed_code_fence;near_num_predict_char_risk,multiple_code_fences_used_longest,
qwen2.5-coder:32b,no_review,crn-012552,2344,392,unclosed_code_fence;near_num_predict_char_risk,multiple_code_fences_used_longest,
qwen2.5-coder:32b,no_review,crn-012046,2644,296,near_num_predict_char_risk,multiple_code_fences_used_longest,
qwen2.5-coder:32b,no_review,crn-014688,1904,348,near_num_predict_char_risk,multiple_code_fences_used_longest,
qwen2.5-coder:32b,no_review,crn-014812,2214,886,unclosed_code_fence;near_num_predict_char_risk,multiple_code_fences_used_longest,
qwen2.5-coder:32b,no_review,crn-001078,420,238,unclosed_code_fence,extracted_from_code_fence,
qwen2.5-coder:32b,no_review,crn-011328,2114,397,unclosed_code_fence;near_num_predict_char_risk,multiple_code_fences_used_longest,
qwen2.5-coder:32b,no_review,crn-007326,2321,271,unclosed_code_fence;near_num_predict_char_risk,multiple_code_fences_used_longest,
qwen2.5-coder:32b,no_review,crn-009577,2308,226,unclosed_code_fence;near_num_predict_char_risk,multiple_code_fences_used_longest,
qwen2.5-coder:32b,no_review,crn-007150,1924,548,unclosed_code_fence;near_num_predict_char_risk,multiple_code_fences_used_longest,
qwen2.5-coder:32b,no_review,crn-010245,2164,311,unclosed_code_fence;near_num_predict_char_risk,multiple_code_fences_used_longest,
qwen2.5-coder:32b,no_review,crn-001258,2238,323,near_num_predict_char_risk,multiple_code_fences_used_longest,
qwen2.5-coder:32b,no_review,crn-012930,2354,207,unclosed_code_fence;near_num_predict_char_risk,multiple_code_fences_used_longest,
qwen2.5-coder:32b,no_review,crn-007555,2557,334,unclosed_code_fence;near_num_predict_char_risk,multiple_code_fences_used_longest,
qwen2.5-coder:32b,no_review,crn-001773,2382,519,unclosed_code_fence;near_num_predict_char_risk,multiple_code_fences_used_longest,
qwen2.5-coder:32b,no_review,crn-013132,2291,203,unclosed_code_fence;near_num_predict_char_risk,multiple_code_fences_used_longest,
qwen2.5-coder:32b,no_review,crn-009164,2417,455,unclosed_code_fence;near_num_predict_char_risk,multiple_code_fences_used_longest,
qwen2.5-coder:32b,no_review,crn-008681,2117,591,unclosed_code_fence;near_num_predict_char_risk,multiple_code_fences_used_longest,
qwen2.5-coder:32b,no_review,crn-009180,1692,506,unclosed_code_fence,multiple_code_fences_used_longest,
qwen2.5-coder:32b,no_review,crn-006013,2711,310,near_num_predict_char_risk,multiple_code_fences_used_longest,
qwen2.5-coder:32b,no_review,crn-002420,2015,253,unclosed_code_fence;near_num_predict_char_risk,multiple_code_fences_used_longest,
qwen2.5-coder:32b,no_review,crn-010075,1985,228,near_num_predict_char_risk,multiple_code_fences_used_longest,
qwen2.5-coder:32b,no_review,crn-006215,2076,595,unclosed_code_fence;near_num_predict_char_risk,multiple_code_fences_used_longest,
qwen2.5-coder:32b,no_review,crn-014617,2233,808,unclosed_code_fence;near_num_predict_char_risk,multiple_code_fences_used_longest,
qwen2.5-coder:32b,no_review,crn-012224,2180,539,unclosed_code_fence;near_num_predict_char_risk,multiple_code_fences_used_longest,
qwen2.5-coder:32b,no_review,crn-004237,2198,483,unclosed_code_fence;near_num_predict_char_risk,multiple_code_fences_used_longest,
qwen2.5-coder:32b,no_review,crn-010439,2246,640,unclosed_code_fence;near_num_predict_char_risk,multiple_code_fences_used_longest,
qwen2.5-coder:32b,no_review,crn-004064,1932,788,unclosed_code_fence;near_num_predict_char_risk,extracted_from_code_fence,
qwen2.5-coder:32b,no_review,crn-007359,2498,561,unclosed_code_fence;near_num_predict_char_risk,multiple_code_fences_used_longest,
qwen2.5-coder:32b,no_review,crn-005071,2310,350,near_num_predict_char_risk,multiple_code_fences_used_longest,
qwen2.5-coder:32b,no_review,crn-013448,2342,418,near_num_predict_char_risk,multiple_code_fences_used_longest,
qwen2.5-coder:32b,no_review,crn-011381,1918,134,near_num_predict_char_risk,multiple_code_fences_used_longest,
qwen2.5-coder:32b,no_review,crn-013591,2505,352,near_num_predict_char_risk,multiple_code_fences_used_longest,
qwen2.5-coder:32b,no_review,crn-006198,2028,717,unclosed_code_fence;near_num_predict_char_risk,extracted_from_code_fence,
qwen2.5-coder:32b,no_review,crn-013670,2529,417,unclosed_code_fence;near_num_predict_char_risk,multiple_code_fences_used_longest,
qwen2.5-coder:32b,no_review,crn-013306,2054,459,unclosed_code_fence;near_num_predict_char_risk,multiple_code_fences_used_longest,
qwen2.5-coder:32b,no_review,crn-012796,2545,260,unclosed_code_fence;near_num_predict_char_risk,multiple_code_fences_used_longest,
qwen2.5-coder:32b,no_review,crn-012908,1860,305,unclosed_code_fence;near_num_predict_char_risk,multiple_code_fences_used_longest,
qwen2.5-coder:32b,no_review,crn-013109,2072,220,unclosed_code_fence;near_num_predict_char_risk,multiple_code_fences_used_longest,
qwen2.5-coder:32b,no_review,crn-001394,2133,278,unclosed_code_fence;near_num_predict_char_risk,multiple_code_fences_used_longest,
qwen2.5-coder:32b,no_review,crn-013663,2041,417,unclosed_code_fence;near_num_predict_char_risk,multiple_code_fences_used_longest,
qwen2.5-coder:32b,no_review,crn-007324,2280,477,unclosed_code_fence;near_num_predict_char_risk,multiple_code_fences_used_longest,
qwen2.5-coder:32b,no_review,crn-012619,1468,172,unclosed_code_fence,multiple_code_fences_used_longest,
qwen2.5-coder:32b,no_review,crn-011917,1994,279,unclosed_code_fence;near_num_predict_char_risk,multiple_code_fences_used_longest,
qwen2.5-coder:32b,no_review,crn-008923,2293,364,unclosed_code_fence;near_num_predict_char_risk,multiple_code_fences_used_longest,
qwen2.5-coder:32b,no_review,crn-014640,2022,478,unclosed_code_fence;near_num_predict_char_risk,multiple_code_fences_used_longest,
qwen2.5-coder:32b,no_review,crn-005740,1775,342,unclosed_code_fence,multiple_code_fences_used_longest,
qwen2.5-coder:32b,no_review,crn-002754,2151,838,unclosed_code_fence;near_num_predict_char_risk,multiple_code_fences_used_longest,
qwen2.5-coder:32b,no_review,crn-003692,2085,819,unclosed_code_fence;near_num_predict_char_risk,multiple_code_fences_used_longest,
qwen2.5-coder:32b,no_review,crn-006721,1895,337,unclosed_code_fence;near_num_predict_char_risk,multiple_code_fences_used_longest,
qwen2.5-coder:32b,no_review,crn-014676,2088,508,unclosed_code_fence;near_num_predict_char_risk,multiple_code_fences_used_longest,
qwen2.5-coder:32b,no_review,crn-012816,453,452,unclosed_code_fence,no_code_fence_used_raw_text,
qwen2.5-coder:32b,no_review,crn-010611,1955,1341,unclosed_code_fence;near_num_predict_char_risk,extracted_from_code_fence,
qwen2.5-coder:32b,no_review,crn-000938,2178,403,unclosed_code_fence;near_num_predict_char_risk,multiple_code_fences_used_longest,
qwen2.5-coder:32b,no_review,crn-007613,2329,263,unclosed_code_fence;near_num_predict_char_risk,multiple_code_fences_used_longest,
qwen2.5-coder:32b,no_review,crn-007639,2469,841,unclosed_code_fence;near_num_predict_char_risk,multiple_code_fences_used_longest,
qwen2.5-coder:32b,no_review,crn-011012,2076,314,near_num_predict_char_risk,multiple_code_fences_used_longest,
qwen2.5-coder:32b,no_review,crn-001858,1931,599,near_num_predict_char_risk,multiple_code_fences_used_longest,
qwen2.5-coder:32b,no_review,crn-010275,2004,259,unclosed_code_fence;near_num_predict_char_risk,multiple_code_fences_used_longest,
qwen2.5-coder:32b,no_review,crn-006379,2326,161,unclosed_code_fence;near_num_predict_char_risk,multiple_code_fences_used_longest,
qwen2.5-coder:32b,no_review,crn-006074,2245,251,unclosed_code_fence;near_num_predict_char_risk,multiple_code_fences_used_longest,
qwen2.5-coder:32b,no_review,crn-005318,1840,345,unclosed_code_fence;near_num_predict_char_risk,multiple_code_fences_used_longest,
qwen2.5-coder:32b,no_review,crn-001854,2400,521,near_num_predict_char_risk,multiple_code_fences_used_longest,
qwen2.5-coder:32b,no_review,crn-002037,2588,749,unclosed_code_fence;near_num_predict_char_risk,multiple_code_fences_used_longest,
qwen2.5-coder:32b,no_review,crn-000374,2203,275,unclosed_code_fence;near_num_predict_char_risk,multiple_code_fences_used_longest,
qwen2.5-coder:32b,no_review,crn-000860,1354,178,unclosed_code_fence,extracted_from_code_fence,
qwen2.5-coder:32b,no_review,crn-012653,2098,822,unclosed_code_fence;near_num_predict_char_risk,multiple_code_fences_used_longest,
qwen2.5-coder:32b,no_review,crn-003004,1807,603,near_num_predict_char_risk,multiple_code_fences_used_longest,
qwen2.5-coder:32b,no_review,crn-001509,2188,312,unclosed_code_fence;near_num_predict_char_risk,multiple_code_fences_used_longest,
qwen2.5-coder:32b,no_review,crn-004176,1919,799,unclosed_code_fence;near_num_predict_char_risk,multiple_code_fences_used_longest,
qwen2.5-coder:32b,no_review,crn-014900,2472,293,unclosed_code_fence;near_num_predict_char_risk,multiple_code_fences_used_longest,
qwen2.5-coder:32b,no_review,crn-005875,1982,337,unclosed_code_fence;near_num_predict_char_risk,multiple_code_fences_used_longest,
qwen2.5-coder:32b,no_review,crn-007984,1725,206,unclosed_code_fence,multiple_code_fences_used_longest,
qwen2.5-coder:32b,no_review,crn-001493,2580,535,unclosed_code_fence;near_num_predict_char_risk,multiple_code_fences_used_longest,
qwen2.5-coder:32b,no_review,crn-000713,2426,461,unclosed_code_fence;near_num_predict_char_risk,multiple_code_fences_used_longest,
qwen2.5-coder:32b,no_review,crn-014785,2027,991,near_num_predict_char_risk,multiple_code_fences_used_longest,
qwen2.5-coder:32b,no_review,crn-005084,1887,422,unclosed_code_fence;near_num_predict_char_risk,multiple_code_fences_used_longest,
qwen2.5-coder:32b,no_review,crn-013712,1944,485,near_num_predict_char_risk,multiple_code_fences_used_longest,
qwen2.5-coder:32b,no_review,crn-006003,2228,1085,unclosed_code_fence;near_num_predict_char_risk,extracted_from_code_fence,
qwen2.5-coder:32b,no_review,crn-014492,2168,478,unclosed_code_fence;near_num_predict_char_risk,multiple_code_fences_used_longest,
qwen2.5-coder:32b,no_review,crn-006057,775,623,unclosed_code_fence,extracted_from_code_fence,
qwen2.5-coder:32b,no_review,crn-004966,2418,323,unclosed_code_fence;near_num_predict_char_risk,multiple_code_fences_used_longest,
qwen2.5-coder:32b,no_review,crn-003138,2107,237,unclosed_code_fence;near_num_predict_char_risk,multiple_code_fences_used_longest,
qwen2.5-coder:32b,no_review,crn-005620,2598,461,unclosed_code_fence;near_num_predict_char_risk,multiple_code_fences_used_longest,
qwen2.5-coder:32b,no_review,crn-009407,2277,292,unclosed_code_fence;near_num_predict_char_risk,multiple_code_fences_used_longest,
qwen2.5-coder:32b,no_review,crn-010833,2005,664,unclosed_code_fence;near_num_predict_char_risk,multiple_code_fences_used_longest,
qwen2.5-coder:32b,no_review,crn-007141,1876,338,unclosed_code_fence;near_num_predict_char_risk,multiple_code_fences_used_longest,
qwen2.5-coder:32b,no_review,crn-006841,2443,445,unclosed_code_fence;near_num_predict_char_risk,multiple_code_fences_used_longest,
qwen2.5-coder:32b,no_review,crn-003303,2324,729,unclosed_code_fence;near_num_predict_char_risk,multiple_code_fences_used_longest,
qwen2.5-coder:32b,no_review,crn-005601,2199,708,near_num_predict_char_risk,multiple_code_fences_used_longest,
qwen2.5-coder:32b,no_review,crn-004152,2021,308,unclosed_code_fence;near_num_predict_char_risk,multiple_code_fences_used_longest,
qwen2.5-coder:32b,no_review,crn-002112,2414,543,near_num_predict_char_risk,multiple_code_fences_used_longest,
qwen2.5-coder:32b,no_review,crn-000338,2183,508,unclosed_code_fence;near_num_predict_char_risk,multiple_code_fences_used_longest,
qwen2.5-coder:32b,no_review,crn-013552,2079,380,near_num_predict_char_risk,multiple_code_fences_used_longest,
qwen2.5-coder:32b,no_review,crn-001902,2099,439,unclosed_code_fence;near_num_predict_char_risk,multiple_code_fences_used_longest,
qwen2.5-coder:32b,no_review,crn-011424,2737,667,unclosed_code_fence;near_num_predict_char_risk,multiple_code_fences_used_longest,
qwen2.5-coder:32b,no_review,crn-008159,2392,306,unclosed_code_fence;near_num_predict_char_risk,multiple_code_fences_used_longest,
qwen2.5-coder:32b,no_review,crn-012363,2406,675,unclosed_code_fence;near_num_predict_char_risk,multiple_code_fences_used_longest,
qwen2.5-coder:32b,no_review,crn-009772,2456,377,unclosed_code_fence;near_num_predict_char_risk,multiple_code_fences_used_longest,
qwen2.5-coder:32b,no_review,crn-013404,2191,301,unclosed_code_fence;near_num_predict_char_risk,multiple_code_fences_used_longest,
qwen2.5-coder:32b,no_review,crn-000130,2385,138,near_num_predict_char_risk,multiple_code_fences_used_longest,
qwen2.5-coder:32b,no_review,crn-010165,2046,289,unclosed_code_fence;near_num_predict_char_risk,multiple_code_fences_used_longest,
qwen2.5-coder:32b,no_review,crn-000088,1983,472,unclosed_code_fence;near_num_predict_char_risk,multiple_code_fences_used_longest,
qwen2.5-coder:32b,no_review,crn-008891,1817,706,unclosed_code_fence;near_num_predict_char_risk,multiple_code_fences_used_longest,
qwen2.5-coder:32b,no_review,crn-010126,2247,263,unclosed_code_fence;near_num_predict_char_risk,multiple_code_fences_used_longest,
qwen2.5-coder:32b,no_review,crn-009879,2159,482,unclosed_code_fence;near_num_predict_char_risk,multiple_code_fences_used_longest,
qwen2.5-coder:32b,no_review,crn-008732,2202,498,unclosed_code_fence;near_num_predict_char_risk,multiple_code_fences_used_longest,
qwen2.5-coder:32b,no_review,crn-007622,2280,375,unclosed_code_fence;near_num_predict_char_risk,multiple_code_fences_used_longest,
qwen2.5-coder:32b,no_review,crn-006409,1722,330,unclosed_code_fence,multiple_code_fences_used_longest,
qwen2.5-coder:32b,no_review,crn-006157,1970,558,unclosed_code_fence;near_num_predict_char_risk,multiple_code_fences_used_longest,
qwen2.5-coder:32b,no_review,crn-000758,2533,300,near_num_predict_char_risk,multiple_code_fences_used_longest,
qwen2.5-coder:32b,no_review,crn-004916,2189,427,unclosed_code_fence;near_num_predict_char_risk,extracted_from_code_fence,
qwen2.5-coder:32b,no_review,crn-006749,1902,594,unclosed_code_fence;near_num_predict_char_risk,multiple_code_fences_used_longest,
qwen2.5-coder:32b,no_review,crn-005412,2135,442,unclosed_code_fence;near_num_predict_char_risk,multiple_code_fences_used_longest,
qwen2.5-coder:32b,no_review,crn-003923,605,136,unclosed_code_fence,extracted_from_code_fence,
qwen2.5-coder:32b,no_review,crn-008400,2445,143,near_num_predict_char_risk,multiple_code_fences_used_longest,
qwen2.5-coder:32b,no_review,crn-014940,2060,839,near_num_predict_char_risk,multiple_code_fences_used_longest,
qwen2.5-coder:32b,no_review,crn-014091,1791,640,unclosed_code_fence,multiple_code_fences_used_longest,
qwen2.5-coder:32b,no_review,crn-001873,1662,161,unclosed_code_fence,multiple_code_fences_used_longest,
qwen2.5-coder:32b,no_review,crn-006868,2325,553,unclosed_code_fence;near_num_predict_char_risk,multiple_code_fences_used_longest,
qwen2.5-coder:32b,no_review,crn-007114,2909,412,unclosed_code_fence;near_num_predict_char_risk,multiple_code_fences_used_longest,
qwen2.5-coder:32b,no_review,crn-006769,1957,380,unclosed_code_fence;near_num_predict_char_risk,multiple_code_fences_used_longest,
qwen2.5-coder:32b,no_review,crn-007056,1886,667,unclosed_code_fence;near_num_predict_char_risk,multiple_code_fences_used_longest,
qwen2.5-coder:32b,no_review,crn-001207,2422,620,unclosed_code_fence;near_num_predict_char_risk,multiple_code_fences_used_longest,
qwen2.5-coder:32b,no_review,crn-001159,1945,58,near_num_predict_char_risk,multiple_code_fences_used_longest,
qwen2.5-coder:32b,no_review,crn-000324,2282,306,unclosed_code_fence;near_num_predict_char_risk,multiple_code_fences_used_longest,
qwen2.5-coder:32b,no_review,crn-004674,2024,414,unclosed_code_fence;near_num_predict_char_risk,multiple_code_fences_used_longest,
qwen2.5-coder:32b,no_review,crn-005886,2022,363,unclosed_code_fence;near_num_predict_char_risk,multiple_code_fences_used_longest,
qwen2.5-coder:32b,no_review,crn-013238,2322,1063,unclosed_code_fence;near_num_predict_char_risk,extracted_from_code_fence,
qwen2.5-coder:32b,no_review,crn-007928,2284,430,unclosed_code_fence;near_num_predict_char_risk,multiple_code_fences_used_longest,
qwen2.5-coder:32b,no_review,crn-009174,2495,561,unclosed_code_fence;near_num_predict_char_risk,multiple_code_fences_used_longest,
qwen2.5-coder:32b,no_review,crn-004154,1942,278,unclosed_code_fence;near_num_predict_char_risk,multiple_code_fences_used_longest,
qwen2.5-coder:32b,no_review,crn-010638,2120,451,unclosed_code_fence;near_num_predict_char_risk,multiple_code_fences_used_longest,
qwen2.5-coder:32b,no_review,crn-013570,479,478,unclosed_code_fence,no_code_fence_used_raw_text,
qwen2.5-coder:32b,no_review,crn-002088,1868,460,near_num_predict_char_risk,multiple_code_fences_used_longest,
qwen2.5-coder:32b,no_review,crn-010586,2327,277,near_num_predict_char_risk,multiple_code_fences_used_longest,
qwen2.5-coder:32b,no_review,crn-004046,1748,195,unclosed_code_fence,multiple_code_fences_used_longest,
qwen2.5-coder:32b,no_review,crn-013613,2494,618,unclosed_code_fence;near_num_predict_char_risk,multiple_code_fences_used_longest,
qwen2.5-coder:32b,no_review,crn-000493,1818,554,near_num_predict_char_risk,multiple_code_fences_used_longest,
qwen2.5-coder:32b,no_review,crn-005582,2047,319,unclosed_code_fence;near_num_predict_char_risk,multiple_code_fences_used_longest,
qwen2.5-coder:32b,no_review,crn-014349,2534,247,near_num_predict_char_risk,multiple_code_fences_used_longest,
qwen2.5-coder:32b,no_review,crn-014842,2010,421,unclosed_code_fence;near_num_predict_char_risk,multiple_code_fences_used_longest,
qwen2.5-coder:32b,no_review,crn-008886,706,705,unclosed_code_fence,no_code_fence_used_raw_text,
qwen2.5-coder:32b,no_review,crn-008810,2184,318,unclosed_code_fence;near_num_predict_char_risk,multiple_code_fences_used_longest,
qwen2.5-coder:32b,no_review,crn-002148,2540,790,unclosed_code_fence;near_num_predict_char_risk,multiple_code_fences_used_longest,
qwen2.5-coder:32b,no_review,crn-014504,1180,644,unclosed_code_fence,extracted_from_code_fence,
qwen2.5-coder:32b,no_review,crn-009047,2166,449,unclosed_code_fence;near_num_predict_char_risk,multiple_code_fences_used_longest,
qwen2.5-coder:32b,no_review,crn-012942,2194,597,near_num_predict_char_risk,multiple_code_fences_used_longest,
qwen2.5-coder:32b,no_review,crn-003653,2339,516,near_num_predict_char_risk,multiple_code_fences_used_longest,
qwen2.5-coder:32b,no_review,crn-010254,2165,307,unclosed_code_fence;near_num_predict_char_risk,multiple_code_fences_used_longest,
qwen2.5-coder:32b,no_review,crn-011946,2177,428,unclosed_code_fence;near_num_predict_char_risk,multiple_code_fences_used_longest,
qwen2.5-coder:32b,no_review,crn-007902,1784,458,unclosed_code_fence,multiple_code_fences_used_longest,
qwen2.5-coder:32b,no_review,crn-003723,1787,349,unclosed_code_fence,multiple_code_fences_used_longest,
qwen2.5-coder:32b,no_review,crn-000834,2391,298,unclosed_code_fence;near_num_predict_char_risk,multiple_code_fences_used_longest,
qwen2.5-coder:32b,no_review,crn-011814,2296,396,unclosed_code_fence;near_num_predict_char_risk,multiple_code_fences_used_longest,
qwen2.5-coder:32b,no_review,crn-007823,1902,227,unclosed_code_fence;near_num_predict_char_risk,multiple_code_fences_used_longest,
qwen2.5-coder:32b,no_review,crn-007177,2000,523,unclosed_code_fence;near_num_predict_char_risk,multiple_code_fences_used_longest,
qwen2.5-coder:32b,no_review,crn-012108,2682,369,unclosed_code_fence;near_num_predict_char_risk,multiple_code_fences_used_longest,
qwen2.5-coder:32b,no_review,crn-004126,1855,679,unclosed_code_fence;near_num_predict_char_risk,multiple_code_fences_used_longest,
qwen2.5-coder:32b,no_review,crn-007055,1886,667,unclosed_code_fence;near_num_predict_char_risk,multiple_code_fences_used_longest,
qwen2.5-coder:32b,no_review,crn-011781,2062,314,unclosed_code_fence;near_num_predict_char_risk,multiple_code_fences_used_longest,
qwen2.5-coder:32b,no_review,crn-004093,2147,319,unclosed_code_fence;near_num_predict_char_risk,multiple_code_fences_used_longest,
qwen2.5-coder:32b,no_review,crn-001786,2311,217,near_num_predict_char_risk,multiple_code_fences_used_longest,
qwen2.5-coder:32b,no_review,crn-004571,2055,510,unclosed_code_fence;near_num_predict_char_risk,multiple_code_fences_used_longest,
qwen2.5-coder:32b,no_review,crn-011344,1778,628,unclosed_code_fence,multiple_code_fences_used_longest,
qwen2.5-coder:32b,no_review,crn-009590,2135,390,unclosed_code_fence;near_num_predict_char_risk,multiple_code_fences_used_longest,
qwen2.5-coder:32b,no_review,crn-004187,1916,311,unclosed_code_fence;near_num_predict_char_risk,multiple_code_fences_used_longest,
qwen2.5-coder:32b,no_review,crn-003484,1686,775,unclosed_code_fence,extracted_from_code_fence,
qwen2.5-coder:32b,no_review,crn-008508,2335,630,unclosed_code_fence;near_num_predict_char_risk,multiple_code_fences_used_longest,
qwen2.5-coder:32b,no_review,crn-005154,511,510,unclosed_code_fence,no_code_fence_used_raw_text,
qwen2.5-coder:32b,no_review,crn-007019,1897,1326,unclosed_code_fence;near_num_predict_char_risk,extracted_from_code_fence,
qwen2.5-coder:32b,no_review,crn-009331,2034,354,near_num_predict_char_risk,multiple_code_fences_used_longest,
qwen2.5-coder:32b,no_review,crn-008669,1835,263,unclosed_code_fence;near_num_predict_char_risk,multiple_code_fences_used_longest,
qwen2.5-coder:32b,no_review,crn-000661,2197,578,unclosed_code_fence;near_num_predict_char_risk,multiple_code_fences_used_longest,
qwen2.5-coder:32b,no_review,crn-003896,2356,302,unclosed_code_fence;near_num_predict_char_risk,multiple_code_fences_used_longest,
qwen2.5-coder:32b,no_review,crn-006412,2120,367,unclosed_code_fence;near_num_predict_char_risk,multiple_code_fences_used_longest,
qwen2.5-coder:32b,no_review,crn-011143,2063,1681,unclosed_code_fence;near_num_predict_char_risk,extracted_from_code_fence,
qwen2.5-coder:32b,no_review,crn-006598,2160,360,near_num_predict_char_risk,multiple_code_fences_used_longest,
qwen2.5-coder:32b,no_review,crn-009810,2369,313,unclosed_code_fence;near_num_predict_char_risk,multiple_code_fences_used_longest,
qwen2.5-coder:32b,no_review,crn-000389,2506,655,unclosed_code_fence;near_num_predict_char_risk,multiple_code_fences_used_longest,
qwen2.5-coder:32b,no_review,crn-008650,1868,617,unclosed_code_fence;near_num_predict_char_risk,multiple_code_fences_used_longest,
qwen2.5-coder:32b,no_review,crn-007053,2038,314,unclosed_code_fence;near_num_predict_char_risk,multiple_code_fences_used_longest,
qwen2.5-coder:32b,no_review,crn-007107,2414,760,unclosed_code_fence;near_num_predict_char_risk,multiple_code_fences_used_longest,
qwen2.5-coder:32b,no_review,crn-001521,1944,229,near_num_predict_char_risk,multiple_code_fences_used_longest,
qwen2.5-coder:32b,no_review,crn-008237,2193,377,unclosed_code_fence;near_num_predict_char_risk,multiple_code_fences_used_longest,
qwen2.5-coder:32b,no_review,crn-007809,1871,568,unclosed_code_fence;near_num_predict_char_risk,multiple_code_fences_used_longest,
qwen2.5-coder:32b,no_review,crn-007159,2514,262,unclosed_code_fence;near_num_predict_char_risk,multiple_code_fences_used_longest,
qwen2.5-coder:32b,no_review,crn-002961,2382,205,near_num_predict_char_risk,multiple_code_fences_used_longest,
qwen2.5-coder:32b,no_review,crn-013453,2420,403,near_num_predict_char_risk,multiple_code_fences_used_longest,
qwen2.5-coder:32b,no_review,crn-012731,2369,384,unclosed_code_fence;near_num_predict_char_risk,multiple_code_fences_used_longest,
qwen2.5-coder:32b,no_review,crn-010147,2321,320,unclosed_code_fence;near_num_predict_char_risk,multiple_code_fences_used_longest,
qwen2.5-coder:32b,no_review,crn-013661,2041,417,unclosed_code_fence;near_num_predict_char_risk,multiple_code_fences_used_longest,
qwen2.5-coder:32b,no_review,crn-005700,1596,659,unclosed_code_fence,multiple_code_fences_used_longest,
qwen2.5-coder:32b,no_review,crn-013737,2428,636,unclosed_code_fence;near_num_predict_char_risk,multiple_code_fences_used_longest,
qwen2.5-coder:32b,no_review,crn-001172,1841,422,unclosed_code_fence;near_num_predict_char_risk,multiple_code_fences_used_longest,
qwen2.5-coder:32b,no_review,crn-008790,1997,558,near_num_predict_char_risk,multiple_code_fences_used_longest,
qwen2.5-coder:32b,no_review,crn-012177,2684,688,unclosed_code_fence;near_num_predict_char_risk,multiple_code_fences_used_longest,
qwen2.5-coder:32b,no_review,crn-008179,2937,755,unclosed_code_fence;near_num_predict_char_risk,multiple_code_fences_used_longest,
qwen2.5-coder:32b,no_review,crn-010258,1902,281,unclosed_code_fence;near_num_predict_char_risk,multiple_code_fences_used_longest,
qwen2.5-coder:32b,no_review,crn-008455,2413,671,unclosed_code_fence;near_num_predict_char_risk,multiple_code_fences_used_longest,
qwen2.5-coder:32b,no_review,crn-013928,2012,332,unclosed_code_fence;near_num_predict_char_risk,multiple_code_fences_used_longest,
qwen2.5-coder:32b,no_review,crn-005435,2228,548,unclosed_code_fence;near_num_predict_char_risk,multiple_code_fences_used_longest,
qwen2.5-coder:32b,no_review,crn-004197,2146,335,unclosed_code_fence;near_num_predict_char_risk,multiple_code_fences_used_longest,
qwen2.5-coder:32b,no_review,crn-003884,1779,960,unclosed_code_fence,extracted_from_code_fence,
qwen2.5-coder:32b,no_review,crn-006511,2275,368,unclosed_code_fence;near_num_predict_char_risk,multiple_code_fences_used_longest,
qwen2.5-coder:32b,no_review,crn-008945,2098,361,unclosed_code_fence;near_num_predict_char_risk,multiple_code_fences_used_longest,
qwen2.5-coder:32b,no_review,crn-009103,1590,454,unclosed_code_fence,multiple_code_fences_used_longest,
qwen2.5-coder:32b,no_review,crn-008993,1846,396,unclosed_code_fence;near_num_predict_char_risk,multiple_code_fences_used_longest,
qwen2.5-coder:32b,no_review,crn-012379,2023,479,near_num_predict_char_risk,multiple_code_fences_used_longest,
qwen2.5-coder:32b,no_review,crn-000598,2809,431,unclosed_code_fence;near_num_predict_char_risk,multiple_code_fences_used_longest,
qwen2.5-coder:32b,no_review,crn-008788,2087,280,unclosed_code_fence;near_num_predict_char_risk,multiple_code_fences_used_longest,
qwen2.5-coder:32b,no_review,crn-003890,2087,420,unclosed_code_fence;near_num_predict_char_risk,multiple_code_fences_used_longest,
qwen2.5-coder:32b,no_review,crn-012666,1851,321,unclosed_code_fence;near_num_predict_char_risk,multiple_code_fences_used_longest,
qwen2.5-coder:32b,no_review,crn-008597,1792,362,near_num_predict_char_risk,multiple_code_fences_used_longest,
qwen2.5-coder:32b,no_review,crn-006443,2123,257,unclosed_code_fence;near_num_predict_char_risk,multiple_code_fences_used_longest,
qwen2.5-coder:32b,no_review,crn-011961,1886,667,unclosed_code_fence;near_num_predict_char_risk,multiple_code_fences_used_longest,
qwen2.5-coder:32b,no_review,crn-014623,2227,434,unclosed_code_fence;near_num_predict_char_risk,multiple_code_fences_used_longest,
qwen2.5-coder:32b,no_review,crn-011408,1869,691,unclosed_code_fence;near_num_predict_char_risk,multiple_code_fences_used_longest,
qwen2.5-coder:32b,no_review,crn-004198,2152,389,unclosed_code_fence;near_num_predict_char_risk,multiple_code_fences_used_longest,
qwen2.5-coder:32b,no_review,crn-004314,2172,312,unclosed_code_fence;near_num_predict_char_risk,multiple_code_fences_used_longest,
qwen2.5-coder:32b,no_review,crn-000763,2164,686,near_num_predict_char_risk,multiple_code_fences_used_longest,
qwen2.5-coder:32b,no_review,crn-002131,2682,449,near_num_predict_char_risk,multiple_code_fences_used_longest,
qwen2.5-coder:32b,no_review,crn-014553,1928,837,unclosed_code_fence;near_num_predict_char_risk,multiple_code_fences_used_longest,
qwen2.5-coder:32b,no_review,crn-002830,1691,371,unclosed_code_fence,multiple_code_fences_used_longest,
qwen2.5-coder:32b,no_review,crn-007011,1806,1735,near_num_predict_char_risk,extracted_from_code_fence,
qwen2.5-coder:32b,no_review,crn-004368,2310,377,unclosed_code_fence;near_num_predict_char_risk,multiple_code_fences_used_longest,
qwen2.5-coder:32b,no_review,crn-009307,1549,375,unclosed_code_fence,multiple_code_fences_used_longest,
qwen2.5-coder:32b,no_review,crn-008763,1744,440,unclosed_code_fence,multiple_code_fences_used_longest,
qwen2.5-coder:32b,no_review,crn-013068,2071,491,unclosed_code_fence;near_num_predict_char_risk,multiple_code_fences_used_longest,
qwen2.5-coder:32b,no_review,crn-011036,2463,585,unclosed_code_fence;near_num_predict_char_risk,multiple_code_fences_used_longest,
qwen2.5-coder:32b,no_review,crn-004988,1891,445,unclosed_code_fence;near_num_predict_char_risk,multiple_code_fences_used_longest,
qwen2.5-coder:32b,no_review,crn-000422,2456,303,unclosed_code_fence;near_num_predict_char_risk,multiple_code_fences_used_longest,
qwen2.5-coder:32b,no_review,crn-001265,1013,222,unclosed_code_fence,multiple_code_fences_used_longest,
qwen2.5-coder:32b,no_review,crn-007299,2350,343,unclosed_code_fence;near_num_predict_char_risk,multiple_code_fences_used_longest,
qwen2.5-coder:32b,no_review,crn-007782,2133,761,unclosed_code_fence;near_num_predict_char_risk,multiple_code_fences_used_longest,
qwen2.5-coder:32b,no_review,crn-010908,1789,409,unclosed_code_fence,multiple_code_fences_used_longest,
qwen2.5-coder:32b,no_review,crn-006499,2034,245,unclosed_code_fence;near_num_predict_char_risk,multiple_code_fences_used_longest,
qwen2.5-coder:32b,no_review,crn-008276,2407,576,unclosed_code_fence;near_num_predict_char_risk,multiple_code_fences_used_longest,
qwen2.5-coder:32b,no_review,crn-012419,2651,402,unclosed_code_fence;near_num_predict_char_risk,multiple_code_fences_used_longest,
qwen2.5-coder:32b,no_review,crn-003150,165,164,unclosed_code_fence,no_code_fence_used_raw_text,
qwen2.5-coder:32b,no_review,crn-013470,2225,372,unclosed_code_fence;near_num_predict_char_risk,multiple_code_fences_used_longest,
qwen2.5-coder:32b,no_review,crn-008128,2051,584,near_num_predict_char_risk,multiple_code_fences_used_longest,
qwen2.5-coder:32b,no_review,crn-002226,1883,505,unclosed_code_fence;near_num_predict_char_risk,multiple_code_fences_used_longest,
qwen2.5-coder:32b,no_review,crn-002040,2345,393,unclosed_code_fence;near_num_predict_char_risk,multiple_code_fences_used_longest,
qwen2.5-coder:32b,no_review,crn-011726,1881,333,unclosed_code_fence;near_num_predict_char_risk,multiple_code_fences_used_longest,
qwen2.5-coder:32b,no_review,crn-007378,2585,446,unclosed_code_fence;near_num_predict_char_risk,multiple_code_fences_used_longest,
qwen2.5-coder:32b,no_review,crn-007448,2135,497,unclosed_code_fence;near_num_predict_char_risk,multiple_code_fences_used_longest,
qwen2.5-coder:32b,no_review,crn-006070,2845,461,unclosed_code_fence;near_num_predict_char_risk,multiple_code_fences_used_longest,
qwen2.5-coder:32b,no_review,crn-013958,2164,724,unclosed_code_fence;near_num_predict_char_risk,multiple_code_fences_used_longest,
qwen2.5-coder:32b,no_review,crn-008127,2359,439,unclosed_code_fence;near_num_predict_char_risk,multiple_code_fences_used_longest,
qwen2.5-coder:32b,no_review,crn-002106,773,355,unclosed_code_fence,extracted_from_code_fence,
qwen2.5-coder:32b,no_review,crn-004024,2170,328,unclosed_code_fence;near_num_predict_char_risk,multiple_code_fences_used_longest,
qwen2.5-coder:32b,no_review,crn-011262,2097,380,unclosed_code_fence;near_num_predict_char_risk,multiple_code_fences_used_longest,
qwen2.5-coder:32b,no_review,crn-008584,173,14,very_short_extracted_code,extracted_from_code_fence,
qwen2.5-coder:32b,no_review,crn-013162,2533,468,unclosed_code_fence;near_num_predict_char_risk,multiple_code_fences_used_longest,
qwen2.5-coder:32b,no_review,crn-011345,1997,372,unclosed_code_fence;near_num_predict_char_risk,multiple_code_fences_used_longest,
qwen2.5-coder:32b,no_review,crn-003955,2426,329,unclosed_code_fence;near_num_predict_char_risk,multiple_code_fences_used_longest,
qwen2.5-coder:32b,no_review,crn-003888,2172,691,unclosed_code_fence;near_num_predict_char_risk,multiple_code_fences_used_longest,
qwen2.5-coder:32b,no_review,crn-013931,2398,399,unclosed_code_fence;near_num_predict_char_risk,multiple_code_fences_used_longest,
qwen2.5-coder:32b,no_review,crn-009596,2475,319,unclosed_code_fence;near_num_predict_char_risk,multiple_code_fences_used_longest,
qwen2.5-coder:32b,no_review,crn-014943,2454,836,unclosed_code_fence;near_num_predict_char_risk,multiple_code_fences_used_longest,
qwen2.5-coder:32b,no_review,crn-003321,1843,321,unclosed_code_fence;near_num_predict_char_risk,multiple_code_fences_used_longest,
qwen2.5-coder:32b,no_review,crn-004377,2327,480,unclosed_code_fence;near_num_predict_char_risk,multiple_code_fences_used_longest,
qwen2.5-coder:32b,no_review,crn-010179,2270,275,unclosed_code_fence;near_num_predict_char_risk,multiple_code_fences_used_longest,
qwen2.5-coder:32b,no_review,crn-009547,1932,273,unclosed_code_fence;near_num_predict_char_risk,multiple_code_fences_used_longest,
qwen2.5-coder:32b,no_review,crn-012791,1897,294,unclosed_code_fence;near_num_predict_char_risk,multiple_code_fences_used_longest,
qwen2.5-coder:32b,no_review,crn-010667,1352,441,unclosed_code_fence,multiple_code_fences_used_longest,
qwen2.5-coder:32b,no_review,crn-010481,1999,327,unclosed_code_fence;near_num_predict_char_risk,multiple_code_fences_used_longest,
qwen2.5-coder:32b,no_review,crn-010574,1884,288,unclosed_code_fence;near_num_predict_char_risk,multiple_code_fences_used_longest,
qwen2.5-coder:32b,no_review,crn-002890,1818,496,unclosed_code_fence;near_num_predict_char_risk,multiple_code_fences_used_longest,
qwen2.5-coder:32b,no_review,crn-006593,2054,453,unclosed_code_fence;near_num_predict_char_risk,multiple_code_fences_used_longest,
qwen2.5-coder:32b,no_review,crn-001940,381,380,unclosed_code_fence,no_code_fence_used_raw_text,
qwen2.5-coder:32b,no_review,crn-000195,2672,421,unclosed_code_fence;near_num_predict_char_risk,multiple_code_fences_used_longest,
qwen2.5-coder:32b,no_review,crn-012804,1437,280,unclosed_code_fence,multiple_code_fences_used_longest,
qwen2.5-coder:32b,no_review,crn-007412,2363,295,unclosed_code_fence;near_num_predict_char_risk,multiple_code_fences_used_longest,
qwen2.5-coder:32b,no_review,crn-011926,1550,504,unclosed_code_fence,multiple_code_fences_used_longest,
qwen2.5-coder:32b,no_review,crn-006006,1872,272,unclosed_code_fence;near_num_predict_char_risk,multiple_code_fences_used_longest,
qwen2.5-coder:32b,no_review,crn-013528,2420,1099,unclosed_code_fence;near_num_predict_char_risk,multiple_code_fences_used_longest,
qwen2.5-coder:32b,no_review,crn-000510,1831,600,near_num_predict_char_risk,multiple_code_fences_used_longest,
qwen2.5-coder:32b,no_review,crn-006822,2261,194,near_num_predict_char_risk,multiple_code_fences_used_longest,
qwen2.5-coder:32b,no_review,crn-003842,2508,776,unclosed_code_fence;near_num_predict_char_risk,multiple_code_fences_used_longest,
qwen2.5-coder:32b,no_review,crn-005230,2242,272,unclosed_code_fence;near_num_predict_char_risk,multiple_code_fences_used_longest,
qwen2.5-coder:32b,no_review,crn-000366,2720,531,near_num_predict_char_risk,multiple_code_fences_used_longest,
qwen2.5-coder:32b,no_review,crn-007973,2223,292,near_num_predict_char_risk,multiple_code_fences_used_longest,
qwen2.5-coder:32b,no_review,crn-002617,1997,212,unclosed_code_fence;near_num_predict_char_risk,multiple_code_fences_used_longest,
qwen2.5-coder:32b,no_review,crn-009848,2807,330,unclosed_code_fence;near_num_predict_char_risk,multiple_code_fences_used_longest,
qwen2.5-coder:32b,no_review,crn-013708,2488,396,unclosed_code_fence;near_num_predict_char_risk,multiple_code_fences_used_longest,
qwen2.5-coder:32b,no_review,crn-008958,2251,629,unclosed_code_fence;near_num_predict_char_risk,multiple_code_fences_used_longest,
qwen2.5-coder:32b,no_review,crn-009136,2359,874,unclosed_code_fence;near_num_predict_char_risk,multiple_code_fences_used_longest,
qwen2.5-coder:32b,no_review,crn-004487,2215,846,unclosed_code_fence;near_num_predict_char_risk,multiple_code_fences_used_longest,
qwen2.5-coder:32b,no_review,crn-005500,2056,296,unclosed_code_fence;near_num_predict_char_risk,multiple_code_fences_used_longest,
qwen2.5-coder:32b,no_review,crn-008649,1940,391,unclosed_code_fence;near_num_predict_char_risk,multiple_code_fences_used_longest,
qwen2.5-coder:32b,no_review,crn-002323,1757,663,unclosed_code_fence,multiple_code_fences_used_longest,
qwen2.5-coder:32b,no_review,crn-008126,2825,850,near_num_predict_char_risk,multiple_code_fences_used_longest,
qwen2.5-coder:32b,no_review,crn-007572,1995,318,unclosed_code_fence;near_num_predict_char_risk,multiple_code_fences_used_longest,
qwen2.5-coder:32b,no_review,crn-013303,2182,437,unclosed_code_fence;near_num_predict_char_risk,multiple_code_fences_used_longest,
qwen2.5-coder:32b,no_review,crn-014510,2209,945,near_num_predict_char_risk,multiple_code_fences_used_longest,
qwen2.5-coder:32b,no_review,crn-001518,1182,268,unclosed_code_fence,multiple_code_fences_used_longest,
qwen2.5-coder:32b,no_review,crn-000869,2326,155,near_num_predict_char_risk,multiple_code_fences_used_longest,
qwen2.5-coder:32b,no_review,crn-004742,1838,296,unclosed_code_fence;near_num_predict_char_risk,multiple_code_fences_used_longest,
qwen2.5-coder:32b,no_review,crn-013370,1974,457,unclosed_code_fence;near_num_predict_char_risk,multiple_code_fences_used_longest,
qwen2.5-coder:32b,no_review,crn-010491,2123,479,unclosed_code_fence;near_num_predict_char_risk,multiple_code_fences_used_longest,
qwen2.5-coder:32b,no_review,crn-000886,2123,541,near_num_predict_char_risk,multiple_code_fences_used_longest,
qwen2.5-coder:32b,no_review,crn-011744,2190,934,unclosed_code_fence;near_num_predict_char_risk,extracted_from_code_fence,
qwen2.5-coder:32b,no_review,crn-004433,2473,380,unclosed_code_fence;near_num_predict_char_risk,multiple_code_fences_used_longest,
qwen2.5-coder:32b,no_review,crn-010983,2272,427,unclosed_code_fence;near_num_predict_char_risk,multiple_code_fences_used_longest,
qwen2.5-coder:32b,no_review,crn-009948,2228,453,near_num_predict_char_risk,multiple_code_fences_used_longest,
qwen2.5-coder:32b,no_review,crn-005911,2059,567,unclosed_code_fence;near_num_predict_char_risk,multiple_code_fences_used_longest,
qwen2.5-coder:32b,no_review,crn-001450,1854,412,near_num_predict_char_risk,multiple_code_fences_used_longest,
qwen2.5-coder:32b,no_review,crn-011154,1854,494,unclosed_code_fence;near_num_predict_char_risk,multiple_code_fences_used_longest,
qwen2.5-coder:32b,no_review,crn-003450,2071,492,unclosed_code_fence;near_num_predict_char_risk,multiple_code_fences_used_longest,
qwen2.5-coder:32b,no_review,crn-012432,2468,531,unclosed_code_fence;near_num_predict_char_risk,multiple_code_fences_used_longest,
qwen2.5-coder:32b,no_review,crn-010279,2202,417,unclosed_code_fence;near_num_predict_char_risk,multiple_code_fences_used_longest,
qwen2.5-coder:32b,no_review,crn-009850,2378,267,unclosed_code_fence;near_num_predict_char_risk,multiple_code_fences_used_longest,
qwen2.5-coder:32b,no_review,crn-010403,1970,357,unclosed_code_fence;near_num_predict_char_risk,multiple_code_fences_used_longest,
qwen2.5-coder:32b,no_review,crn-002462,1950,653,unclosed_code_fence;near_num_predict_char_risk,multiple_code_fences_used_longest,
qwen2.5-coder:32b,no_review,crn-003574,2268,234,unclosed_code_fence;near_num_predict_char_risk,multiple_code_fences_used_longest,
qwen2.5-coder:32b,no_review,crn-007424,2661,521,unclosed_code_fence;near_num_predict_char_risk,multiple_code_fences_used_longest,
qwen2.5-coder:32b,no_review,crn-008603,2008,509,unclosed_code_fence;near_num_predict_char_risk,multiple_code_fences_used_longest,
qwen2.5-coder:32b,no_review,crn-011723,1806,543,unclosed_code_fence;near_num_predict_char_risk,multiple_code_fences_used_longest,
qwen2.5-coder:32b,no_review,crn-007108,2477,760,unclosed_code_fence;near_num_predict_char_risk,multiple_code_fences_used_longest,
qwen2.5-coder:32b,no_review,crn-006707,2244,951,near_num_predict_char_risk,multiple_code_fences_used_longest,
qwen2.5-coder:32b,no_review,crn-010643,2132,269,unclosed_code_fence;near_num_predict_char_risk,multiple_code_fences_used_longest,
qwen2.5-coder:32b,no_review,crn-009283,1362,209,unclosed_code_fence,multiple_code_fences_used_longest,
qwen2.5-coder:32b,no_review,crn-012084,1988,435,unclosed_code_fence;near_num_predict_char_risk,multiple_code_fences_used_longest,
qwen2.5-coder:32b,no_review,crn-011401,1869,753,unclosed_code_fence;near_num_predict_char_risk,multiple_code_fences_used_longest,
qwen2.5-coder:32b,no_review,crn-000627,2574,522,unclosed_code_fence;near_num_predict_char_risk,multiple_code_fences_used_longest,
qwen2.5-coder:32b,no_review,crn-005756,1955,938,near_num_predict_char_risk,multiple_code_fences_used_longest,
qwen2.5-coder:32b,no_review,crn-002230,1985,531,near_num_predict_char_risk,multiple_code_fences_used_longest,
qwen2.5-coder:32b,no_review,crn-012384,2606,371,unclosed_code_fence;near_num_predict_char_risk,multiple_code_fences_used_longest,
qwen2.5-coder:32b,no_review,crn-014786,2314,866,unclosed_code_fence;near_num_predict_char_risk,multiple_code_fences_used_longest,
qwen2.5-coder:32b,no_review,crn-013234,1610,324,unclosed_code_fence,multiple_code_fences_used_longest,
qwen2.5-coder:32b,no_review,crn-006743,2138,327,unclosed_code_fence;near_num_predict_char_risk,multiple_code_fences_used_longest,
qwen2.5-coder:32b,no_review,crn-007427,2760,361,unclosed_code_fence;near_num_predict_char_risk,multiple_code_fences_used_longest,
qwen2.5-coder:32b,no_review,crn-013986,2191,357,unclosed_code_fence;near_num_predict_char_risk,multiple_code_fences_used_longest,
qwen2.5-coder:32b,no_review,crn-010048,2094,432,unclosed_code_fence;near_num_predict_char_risk,multiple_code_fences_used_longest,
qwen2.5-coder:32b,no_review,crn-000586,2750,411,unclosed_code_fence;near_num_predict_char_risk,multiple_code_fences_used_longest,
qwen2.5-coder:32b,no_review,crn-009767,2565,571,unclosed_code_fence;near_num_predict_char_risk,multiple_code_fences_used_longest,
qwen2.5-coder:32b,no_review,crn-002412,2166,245,unclosed_code_fence;near_num_predict_char_risk,multiple_code_fences_used_longest,
qwen2.5-coder:32b,no_review,crn-007515,2490,559,unclosed_code_fence;near_num_predict_char_risk,multiple_code_fences_used_longest,
qwen2.5-coder:32b,no_review,crn-010471,1993,937,near_num_predict_char_risk,multiple_code_fences_used_longest,
qwen2.5-coder:32b,no_review,crn-009168,2540,299,unclosed_code_fence;near_num_predict_char_risk,multiple_code_fences_used_longest,
qwen2.5-coder:32b,no_review,crn-013331,1963,366,unclosed_code_fence;near_num_predict_char_risk,multiple_code_fences_used_longest,
qwen2.5-coder:32b,no_review,crn-009634,2197,416,unclosed_code_fence;near_num_predict_char_risk,multiple_code_fences_used_longest,
qwen2.5-coder:32b,no_review,crn-014118,1557,336,unclosed_code_fence,multiple_code_fences_used_longest,
qwen2.5-coder:32b,no_review,crn-002891,1818,496,unclosed_code_fence;near_num_predict_char_risk,multiple_code_fences_used_longest,
qwen2.5-coder:32b,no_review,crn-002282,341,232,unclosed_code_fence,extracted_from_code_fence,
qwen2.5-coder:32b,no_review,crn-004136,2094,432,unclosed_code_fence;near_num_predict_char_risk,multiple_code_fences_used_longest,
qwen2.5-coder:32b,no_review,crn-007085,2268,747,unclosed_code_fence;near_num_predict_char_risk,multiple_code_fences_used_longest,
qwen2.5-coder:32b,no_review,crn-001169,2020,434,near_num_predict_char_risk,multiple_code_fences_used_longest,
qwen2.5-coder:32b,no_review,crn-000662,2388,886,near_num_predict_char_risk,multiple_code_fences_used_longest,
qwen2.5-coder:32b,no_review,crn-000957,1788,435,unclosed_code_fence,multiple_code_fences_used_longest,
qwen2.5-coder:32b,no_review,crn-010240,2354,275,unclosed_code_fence;near_num_predict_char_risk,multiple_code_fences_used_longest,
qwen2.5-coder:32b,no_review,crn-006165,1638,235,unclosed_code_fence,multiple_code_fences_used_longest,
qwen2.5-coder:32b,no_review,crn-004037,2420,604,unclosed_code_fence;near_num_predict_char_risk,multiple_code_fences_used_longest,
qwen2.5-coder:32b,no_review,crn-014902,2390,661,unclosed_code_fence;near_num_predict_char_risk,multiple_code_fences_used_longest,
qwen2.5-coder:32b,no_review,crn-000300,2439,548,unclosed_code_fence;near_num_predict_char_risk,multiple_code_fences_used_longest,
qwen2.5-coder:32b,no_review,crn-007570,1990,109,unclosed_code_fence;near_num_predict_char_risk,multiple_code_fences_used_longest,
qwen2.5-coder:32b,no_review,crn-005416,2132,368,unclosed_code_fence;near_num_predict_char_risk,multiple_code_fences_used_longest,
qwen2.5-coder:32b,no_review,crn-006221,2279,257,unclosed_code_fence;near_num_predict_char_risk,multiple_code_fences_used_longest,
qwen2.5-coder:32b,no_review,crn-014692,2060,386,unclosed_code_fence;near_num_predict_char_risk,multiple_code_fences_used_longest,
qwen2.5-coder:32b,no_review,crn-012600,2299,470,unclosed_code_fence;near_num_predict_char_risk,multiple_code_fences_used_longest,
qwen2.5-coder:32b,no_review,crn-003021,1467,327,unclosed_code_fence,multiple_code_fences_used_longest,
qwen2.5-coder:32b,no_review,crn-008241,2815,363,unclosed_code_fence;near_num_predict_char_risk,multiple_code_fences_used_longest,
qwen2.5-coder:32b,no_review,crn-008445,2253,1007,unclosed_code_fence;near_num_predict_char_risk,extracted_from_code_fence,
qwen2.5-coder:32b,no_review,crn-009559,1764,197,unclosed_code_fence,multiple_code_fences_used_longest,
qwen2.5-coder:32b,no_review,crn-008413,2443,353,unclosed_code_fence;near_num_predict_char_risk,multiple_code_fences_used_longest,
qwen2.5-coder:32b,no_review,crn-005075,2261,307,unclosed_code_fence;near_num_predict_char_risk,multiple_code_fences_used_longest,
qwen2.5-coder:32b,no_review,crn-014533,2112,796,unclosed_code_fence;near_num_predict_char_risk,extracted_from_code_fence,
qwen2.5-coder:32b,no_review,crn-007472,2348,493,unclosed_code_fence;near_num_predict_char_risk,multiple_code_fences_used_longest,
qwen2.5-coder:32b,no_review,crn-007627,2058,328,unclosed_code_fence;near_num_predict_char_risk,multiple_code_fences_used_longest,
qwen2.5-coder:32b,no_review,crn-013664,2041,417,unclosed_code_fence;near_num_predict_char_risk,multiple_code_fences_used_longest,
qwen2.5-coder:32b,no_review,crn-006155,2102,203,near_num_predict_char_risk,multiple_code_fences_used_longest,
qwen2.5-coder:32b,no_review,crn-005314,2039,456,unclosed_code_fence;near_num_predict_char_risk,multiple_code_fences_used_longest,
qwen2.5-coder:32b,no_review,crn-005227,1962,543,unclosed_code_fence;near_num_predict_char_risk,multiple_code_fences_used_longest,
qwen2.5-coder:32b,no_review,crn-007674,2805,491,unclosed_code_fence;near_num_predict_char_risk,multiple_code_fences_used_longest,
qwen2.5-coder:32b,no_review,crn-003254,2057,463,unclosed_code_fence;near_num_predict_char_risk,multiple_code_fences_used_longest,
qwen2.5-coder:32b,no_review,crn-009178,2305,261,unclosed_code_fence;near_num_predict_char_risk,multiple_code_fences_used_longest,
qwen2.5-coder:32b,no_review,crn-002152,2581,499,unclosed_code_fence;near_num_predict_char_risk,multiple_code_fences_used_longest,
qwen2.5-coder:32b,no_review,crn-003965,2153,258,unclosed_code_fence;near_num_predict_char_risk,multiple_code_fences_used_longest,
qwen2.5-coder:32b,no_review,crn-010209,2079,277,unclosed_code_fence;near_num_predict_char_risk,multiple_code_fences_used_longest,
qwen2.5-coder:32b,no_review,crn-014291,2381,482,unclosed_code_fence;near_num_predict_char_risk,multiple_code_fences_used_longest,
qwen2.5-coder:32b,no_review,crn-009822,2266,322,near_num_predict_char_risk,multiple_code_fences_used_longest,
qwen2.5-coder:32b,no_review,crn-012874,2548,194,near_num_predict_char_risk,multiple_code_fences_used_longest,
qwen2.5-coder:32b,no_review,crn-013032,2300,513,unclosed_code_fence;near_num_predict_char_risk,multiple_code_fences_used_longest,
qwen2.5-coder:32b,no_review,crn-004354,2574,778,unclosed_code_fence;near_num_predict_char_risk,multiple_code_fences_used_longest,
qwen2.5-coder:32b,no_review,crn-006555,2009,473,unclosed_code_fence;near_num_predict_char_risk,multiple_code_fences_used_longest,
qwen2.5-coder:32b,no_review,crn-013964,2228,312,unclosed_code_fence;near_num_predict_char_risk,multiple_code_fences_used_longest,
qwen2.5-coder:32b,no_review,crn-011140,1801,315,unclosed_code_fence;near_num_predict_char_risk,multiple_code_fences_used_longest,
qwen2.5-coder:32b,no_review,crn-000230,2591,898,unclosed_code_fence;near_num_predict_char_risk,multiple_code_fences_used_longest,
qwen2.5-coder:32b,no_review,crn-012493,2139,735,unclosed_code_fence;near_num_predict_char_risk,multiple_code_fences_used_longest,
qwen2.5-coder:32b,no_review,crn-010065,2177,408,unclosed_code_fence;near_num_predict_char_risk,multiple_code_fences_used_longest,
qwen2.5-coder:32b,no_review,crn-005884,167,151,unclosed_code_fence,extracted_from_code_fence,
qwen2.5-coder:32b,no_review,crn-011912,2021,303,unclosed_code_fence;near_num_predict_char_risk,multiple_code_fences_used_longest,
qwen2.5-coder:32b,no_review,crn-014781,2461,337,unclosed_code_fence;near_num_predict_char_risk,multiple_code_fences_used_longest,
qwen2.5-coder:32b,no_review,crn-004231,2493,363,unclosed_code_fence;near_num_predict_char_risk,multiple_code_fences_used_longest,
qwen2.5-coder:32b,no_review,crn-006862,2352,614,near_num_predict_char_risk,multiple_code_fences_used_longest,
qwen2.5-coder:32b,no_review,crn-011130,2249,456,unclosed_code_fence;near_num_predict_char_risk,multiple_code_fences_used_longest,
qwen2.5-coder:32b,no_review,crn-004528,2374,477,unclosed_code_fence;near_num_predict_char_risk,multiple_code_fences_used_longest,
qwen2.5-coder:32b,no_review,crn-006193,1948,208,unclosed_code_fence;near_num_predict_char_risk,multiple_code_fences_used_longest,
qwen2.5-coder:32b,no_review,crn-000245,2540,513,unclosed_code_fence;near_num_predict_char_risk,multiple_code_fences_used_longest,
qwen2.5-coder:32b,no_review,crn-001465,2102,662,near_num_predict_char_risk,multiple_code_fences_used_longest,
qwen2.5-coder:32b,no_review,crn-004828,1839,266,unclosed_code_fence;near_num_predict_char_risk,multiple_code_fences_used_longest,
qwen2.5-coder:32b,no_review,crn-006530,3519,901,unclosed_code_fence;near_num_predict_char_risk,multiple_code_fences_used_longest,
qwen2.5-coder:32b,no_review,crn-004892,2115,879,unclosed_code_fence;near_num_predict_char_risk,multiple_code_fences_used_longest,
qwen2.5-coder:32b,no_review,crn-000829,2109,502,unclosed_code_fence;near_num_predict_char_risk,multiple_code_fences_used_longest,
qwen2.5-coder:32b,no_review,crn-012309,2606,324,unclosed_code_fence;near_num_predict_char_risk,multiple_code_fences_used_longest,
qwen2.5-coder:32b,no_review,crn-001502,2552,371,unclosed_code_fence;near_num_predict_char_risk,multiple_code_fences_used_longest,
qwen2.5-coder:32b,no_review,crn-003566,2168,383,near_num_predict_char_risk,multiple_code_fences_used_longest,
qwen2.5-coder:32b,no_review,crn-008236,2585,742,unclosed_code_fence;near_num_predict_char_risk,multiple_code_fences_used_longest,
qwen2.5-coder:32b,no_review,crn-001178,1264,289,unclosed_code_fence,multiple_code_fences_used_longest,
qwen2.5-coder:32b,no_review,crn-012495,2413,671,unclosed_code_fence;near_num_predict_char_risk,multiple_code_fences_used_longest,
qwen2.5-coder:32b,no_review,crn-014527,1997,987,unclosed_code_fence;near_num_predict_char_risk,extracted_from_code_fence,
qwen2.5-coder:32b,no_review,crn-006619,2094,495,unclosed_code_fence;near_num_predict_char_risk,multiple_code_fences_used_longest,
qwen2.5-coder:32b,no_review,crn-012596,2217,274,unclosed_code_fence;near_num_predict_char_risk,multiple_code_fences_used_longest,
qwen2.5-coder:32b,no_review,crn-010108,1974,290,unclosed_code_fence;near_num_predict_char_risk,multiple_code_fences_used_longest,
qwen2.5-coder:32b,no_review,crn-001730,2535,691,near_num_predict_char_risk,multiple_code_fences_used_longest,
qwen2.5-coder:32b,no_review,crn-007296,2539,517,unclosed_code_fence;near_num_predict_char_risk,multiple_code_fences_used_longest,
qwen2.5-coder:32b,no_review,crn-001919,1878,341,unclosed_code_fence;near_num_predict_char_risk,multiple_code_fences_used_longest,
qwen2.5-coder:32b,no_review,crn-000015,2442,427,near_num_predict_char_risk,multiple_code_fences_used_longest,
qwen2.5-coder:32b,no_review,crn-014497,2228,639,unclosed_code_fence;near_num_predict_char_risk,multiple_code_fences_used_longest,
qwen2.5-coder:32b,no_review,crn-008121,2988,501,unclosed_code_fence;near_num_predict_char_risk,multiple_code_fences_used_longest,
qwen2.5-coder:32b,no_review,crn-009467,2299,401,near_num_predict_char_risk,multiple_code_fences_used_longest,
qwen2.5-coder:32b,no_review,crn-011674,2108,570,unclosed_code_fence;near_num_predict_char_risk,multiple_code_fences_used_longest,
qwen2.5-coder:32b,no_review,crn-005359,2326,325,unclosed_code_fence;near_num_predict_char_risk,multiple_code_fences_used_longest,
qwen2.5-coder:32b,no_review,crn-005791,1664,418,unclosed_code_fence,multiple_code_fences_used_longest,
qwen2.5-coder:32b,no_review,crn-008771,2575,655,unclosed_code_fence;near_num_predict_char_risk,multiple_code_fences_used_longest,
qwen2.5-coder:32b,no_review,crn-012431,2438,382,unclosed_code_fence;near_num_predict_char_risk,multiple_code_fences_used_longest,
qwen2.5-coder:32b,no_review,crn-001909,2161,428,unclosed_code_fence;near_num_predict_char_risk,multiple_code_fences_used_longest,
qwen2.5-coder:32b,no_review,crn-003802,1832,258,unclosed_code_fence;near_num_predict_char_risk,multiple_code_fences_used_longest,
qwen2.5-coder:32b,no_review,crn-014493,2138,641,unclosed_code_fence;near_num_predict_char_risk,multiple_code_fences_used_longest,
qwen2.5-coder:32b,no_review,crn-011403,1908,323,unclosed_code_fence;near_num_predict_char_risk,multiple_code_fences_used_longest,
qwen2.5-coder:32b,no_review,crn-008955,2426,477,unclosed_code_fence;near_num_predict_char_risk,multiple_code_fences_used_longest,
qwen2.5-coder:32b,no_review,crn-010274,7008,327,unclosed_code_fence;near_num_predict_char_risk,multiple_code_fences_used_longest,
qwen2.5-coder:32b,no_review,crn-004420,2247,263,unclosed_code_fence;near_num_predict_char_risk,multiple_code_fences_used_longest,
qwen2.5-coder:32b,no_review,crn-006989,2297,363,unclosed_code_fence;near_num_predict_char_risk,multiple_code_fences_used_longest,
qwen2.5-coder:32b,no_review,crn-012588,2269,399,unclosed_code_fence;near_num_predict_char_risk,multiple_code_fences_used_longest,
qwen2.5-coder:32b,no_review,crn-005015,2101,330,unclosed_code_fence;near_num_predict_char_risk,multiple_code_fences_used_longest,
qwen2.5-coder:32b,no_review,crn-008271,2359,883,unclosed_code_fence;near_num_predict_char_risk,multiple_code_fences_used_longest,
qwen2.5-coder:32b,no_review,crn-004718,1672,189,unclosed_code_fence,multiple_code_fences_used_longest,
qwen2.5-coder:32b,no_review,crn-013944,2074,249,unclosed_code_fence;near_num_predict_char_risk,multiple_code_fences_used_longest,
qwen2.5-coder:32b,no_review,crn-005398,2429,551,unclosed_code_fence;near_num_predict_char_risk,multiple_code_fences_used_longest,
qwen2.5-coder:32b,no_review,crn-009700,2177,318,near_num_predict_char_risk,multiple_code_fences_used_longest,
qwen2.5-coder:32b,no_review,crn-013088,2391,673,unclosed_code_fence;near_num_predict_char_risk,multiple_code_fences_used_longest,
qwen2.5-coder:32b,no_review,crn-004174,1867,459,near_num_predict_char_risk,multiple_code_fences_used_longest,
qwen2.5-coder:32b,no_review,crn-006853,2359,390,unclosed_code_fence;near_num_predict_char_risk,multiple_code_fences_used_longest,
qwen2.5-coder:32b,no_review,crn-000926,2027,568,unclosed_code_fence;near_num_predict_char_risk,multiple_code_fences_used_longest,
qwen2.5-coder:32b,no_review,crn-005530,2125,447,unclosed_code_fence;near_num_predict_char_risk,multiple_code_fences_used_longest,
qwen2.5-coder:32b,no_review,crn-000235,2139,534,unclosed_code_fence;near_num_predict_char_risk,multiple_code_fences_used_longest,
qwen2.5-coder:32b,no_review,crn-002314,1984,611,unclosed_code_fence;near_num_predict_char_risk,multiple_code_fences_used_longest,
qwen2.5-coder:32b,no_review,crn-014731,2140,257,unclosed_code_fence;near_num_predict_char_risk,multiple_code_fences_used_longest,
qwen2.5-coder:32b,no_review,crn-013344,2118,661,near_num_predict_char_risk,multiple_code_fences_used_longest,
qwen2.5-coder:32b,no_review,crn-000299,2415,548,unclosed_code_fence;near_num_predict_char_risk,multiple_code_fences_used_longest,
qwen2.5-coder:32b,no_review,crn-002052,2162,878,near_num_predict_char_risk,multiple_code_fences_used_longest,
qwen2.5-coder:32b,no_review,crn-014818,2205,237,unclosed_code_fence;near_num_predict_char_risk,multiple_code_fences_used_longest,
qwen2.5-coder:32b,no_review,crn-003270,1838,312,unclosed_code_fence;near_num_predict_char_risk,multiple_code_fences_used_longest,
qwen2.5-coder:32b,no_review,crn-006316,1235,396,unclosed_code_fence,multiple_code_fences_used_longest,
qwen2.5-coder:32b,no_review,crn-012516,2241,247,unclosed_code_fence;near_num_predict_char_risk,multiple_code_fences_used_longest,
qwen2.5-coder:32b,no_review,crn-006069,2295,256,unclosed_code_fence;near_num_predict_char_risk,multiple_code_fences_used_longest,
qwen2.5-coder:32b,no_review,crn-004419,2495,267,unclosed_code_fence;near_num_predict_char_risk,multiple_code_fences_used_longest,
qwen2.5-coder:32b,no_review,crn-011303,301,207,unclosed_code_fence,extracted_from_code_fence,
qwen2.5-coder:32b,no_review,crn-006400,2198,236,near_num_predict_char_risk,multiple_code_fences_used_longest,
qwen2.5-coder:32b,no_review,crn-014788,2311,866,unclosed_code_fence;near_num_predict_char_risk,multiple_code_fences_used_longest,
qwen2.5-coder:32b,no_review,crn-012884,2307,303,unclosed_code_fence;near_num_predict_char_risk,multiple_code_fences_used_longest,
qwen2.5-coder:32b,no_review,crn-005909,1949,305,unclosed_code_fence;near_num_predict_char_risk,multiple_code_fences_used_longest,
qwen2.5-coder:32b,no_review,crn-010659,2100,344,unclosed_code_fence;near_num_predict_char_risk,multiple_code_fences_used_longest,
qwen2.5-coder:32b,no_review,crn-010961,3068,484,unclosed_code_fence;near_num_predict_char_risk,multiple_code_fences_used_longest,
qwen2.5-coder:32b,no_review,crn-005420,1790,244,unclosed_code_fence,multiple_code_fences_used_longest,
qwen2.5-coder:32b,no_review,crn-013369,1973,457,unclosed_code_fence;near_num_predict_char_risk,multiple_code_fences_used_longest,
qwen2.5-coder:32b,no_review,crn-002251,2222,563,unclosed_code_fence;near_num_predict_char_risk,multiple_code_fences_used_longest,
qwen2.5-coder:32b,no_review,crn-010687,2032,422,unclosed_code_fence;near_num_predict_char_risk,multiple_code_fences_used_longest,
qwen2.5-coder:32b,no_review,crn-008878,2442,329,unclosed_code_fence;near_num_predict_char_risk,multiple_code_fences_used_longest,
qwen2.5-coder:32b,no_review,crn-011588,2491,289,unclosed_code_fence;near_num_predict_char_risk,multiple_code_fences_used_longest,
qwen2.5-coder:32b,no_review,crn-007597,3409,438,unclosed_code_fence;near_num_predict_char_risk,multiple_code_fences_used_longest,
qwen2.5-coder:32b,no_review,crn-014593,2258,712,unclosed_code_fence;near_num_predict_char_risk,multiple_code_fences_used_longest,
qwen2.5-coder:32b,no_review,crn-006594,1387,527,unclosed_code_fence,multiple_code_fences_used_longest,
qwen2.5-coder:32b,no_review,crn-009032,2519,289,unclosed_code_fence;near_num_predict_char_risk,multiple_code_fences_used_longest,
qwen2.5-coder:32b,no_review,crn-011681,1938,632,unclosed_code_fence;near_num_predict_char_risk,multiple_code_fences_used_longest,
qwen2.5-coder:32b,no_review,crn-012714,2396,265,unclosed_code_fence;near_num_predict_char_risk,multiple_code_fences_used_longest,
qwen2.5-coder:32b,no_review,crn-010200,2406,390,unclosed_code_fence;near_num_predict_char_risk,multiple_code_fences_used_longest,
qwen2.5-coder:32b,no_review,crn-000177,2731,692,unclosed_code_fence;near_num_predict_char_risk,multiple_code_fences_used_longest,
qwen2.5-coder:32b,no_review,crn-007590,1944,374,near_num_predict_char_risk,multiple_code_fences_used_longest,
qwen2.5-coder:32b,no_review,crn-011638,1762,602,unclosed_code_fence,multiple_code_fences_used_longest,
qwen2.5-coder:32b,no_review,crn-006377,2205,273,unclosed_code_fence;near_num_predict_char_risk,multiple_code_fences_used_longest,
qwen2.5-coder:32b,no_review,crn-009358,2304,305,unclosed_code_fence;near_num_predict_char_risk,multiple_code_fences_used_longest,
qwen2.5-coder:32b,no_review,crn-003536,1954,224,near_num_predict_char_risk,multiple_code_fences_used_longest,
qwen2.5-coder:32b,no_review,crn-012899,2031,813,near_num_predict_char_risk,multiple_code_fences_used_longest,
qwen2.5-coder:32b,no_review,crn-005396,2278,830,unclosed_code_fence;near_num_predict_char_risk,multiple_code_fences_used_longest,
qwen2.5-coder:32b,no_review,crn-009093,1759,460,unclosed_code_fence,multiple_code_fences_used_longest,
qwen2.5-coder:32b,no_review,crn-013156,1875,429,unclosed_code_fence;near_num_predict_char_risk,multiple_code_fences_used_longest,
qwen2.5-coder:32b,no_review,crn-006105,1509,1508,unclosed_code_fence,no_code_fence_used_raw_text,
qwen2.5-coder:32b,no_review,crn-013689,2318,254,unclosed_code_fence;near_num_predict_char_risk,multiple_code_fences_used_longest,
qwen2.5-coder:32b,no_review,crn-009435,509,363,unclosed_code_fence,extracted_from_code_fence,
qwen2.5-coder:32b,no_review,crn-012319,1958,303,unclosed_code_fence;near_num_predict_char_risk,multiple_code_fences_used_longest,
qwen2.5-coder:32b,no_review,crn-014941,2060,839,near_num_predict_char_risk,multiple_code_fences_used_longest,
qwen2.5-coder:32b,no_review,crn-012302,1701,405,unclosed_code_fence,multiple_code_fences_used_longest,
qwen2.5-coder:32b,no_review,crn-007101,2374,274,unclosed_code_fence;near_num_predict_char_risk,multiple_code_fences_used_longest,
qwen2.5-coder:32b,no_review,crn-009373,1975,390,unclosed_code_fence;near_num_predict_char_risk,multiple_code_fences_used_longest,
qwen2.5-coder:32b,no_review,crn-002070,2488,779,unclosed_code_fence;near_num_predict_char_risk,multiple_code_fences_used_longest,
qwen2.5-coder:32b,no_review,crn-011845,2034,578,unclosed_code_fence;near_num_predict_char_risk,multiple_code_fences_used_longest,
qwen2.5-coder:32b,no_review,crn-001368,2162,361,unclosed_code_fence;near_num_predict_char_risk,multiple_code_fences_used_longest,
qwen2.5-coder:32b,no_review,crn-005925,2592,263,unclosed_code_fence;near_num_predict_char_risk,multiple_code_fences_used_longest,
qwen2.5-coder:32b,no_review,crn-000802,2476,507,unclosed_code_fence;near_num_predict_char_risk,multiple_code_fences_used_longest,
qwen2.5-coder:32b,no_review,crn-004345,1862,291,unclosed_code_fence;near_num_predict_char_risk,multiple_code_fences_used_longest,
qwen2.5-coder:32b,no_review,crn-014252,2310,262,unclosed_code_fence;near_num_predict_char_risk,multiple_code_fences_used_longest,
qwen2.5-coder:32b,no_review,crn-014015,1998,394,unclosed_code_fence;near_num_predict_char_risk,multiple_code_fences_used_longest,
qwen2.5-coder:32b,no_review,crn-009158,2295,341,unclosed_code_fence;near_num_predict_char_risk,multiple_code_fences_used_longest,
qwen2.5-coder:32b,no_review,crn-011667,2060,449,unclosed_code_fence;near_num_predict_char_risk,multiple_code_fences_used_longest,
qwen2.5-coder:32b,no_review,crn-011741,1943,486,unclosed_code_fence;near_num_predict_char_risk,multiple_code_fences_used_longest,
qwen2.5-coder:32b,no_review,crn-006811,1953,522,unclosed_code_fence;near_num_predict_char_risk,multiple_code_fences_used_longest,
qwen2.5-coder:32b,no_review,crn-003335,1856,363,unclosed_code_fence;near_num_predict_char_risk,multiple_code_fences_used_longest,
qwen2.5-coder:32b,no_review,crn-010148,2640,509,unclosed_code_fence;near_num_predict_char_risk,multiple_code_fences_used_longest,
qwen2.5-coder:32b,no_review,crn-011955,2014,465,near_num_predict_char_risk,multiple_code_fences_used_longest,
qwen2.5-coder:32b,no_review,crn-004996,2300,300,unclosed_code_fence;near_num_predict_char_risk,multiple_code_fences_used_longest,
qwen2.5-coder:32b,no_review,crn-009229,1921,458,unclosed_code_fence;near_num_predict_char_risk,multiple_code_fences_used_longest,
qwen2.5-coder:32b,no_review,crn-014528,2335,752,unclosed_code_fence;near_num_predict_char_risk,multiple_code_fences_used_longest,
qwen2.5-coder:32b,no_review,crn-000134,2799,785,near_num_predict_char_risk,multiple_code_fences_used_longest,
qwen2.5-coder:32b,no_review,crn-002425,1978,246,unclosed_code_fence;near_num_predict_char_risk,multiple_code_fences_used_longest,
qwen2.5-coder:32b,no_review,crn-013572,479,478,unclosed_code_fence,no_code_fence_used_raw_text,
qwen2.5-coder:32b,no_review,crn-014174,2675,300,unclosed_code_fence;near_num_predict_char_risk,multiple_code_fences_used_longest,
qwen2.5-coder:32b,no_review,crn-008210,1944,265,unclosed_code_fence;near_num_predict_char_risk,multiple_code_fences_used_longest,
qwen2.5-coder:32b,no_review,crn-013460,1977,835,near_num_predict_char_risk,multiple_code_fences_used_longest,
qwen2.5-coder:32b,no_review,crn-000126,2218,244,near_num_predict_char_risk,multiple_code_fences_used_longest,
qwen2.5-coder:32b,no_review,crn-013565,2539,691,unclosed_code_fence;near_num_predict_char_risk,multiple_code_fences_used_longest,
qwen2.5-coder:32b,no_review,crn-007844,2059,448,near_num_predict_char_risk,multiple_code_fences_used_longest,
qwen2.5-coder:32b,no_review,crn-003253,2057,463,unclosed_code_fence;near_num_predict_char_risk,multiple_code_fences_used_longest,
qwen2.5-coder:32b,no_review,crn-004882,2063,552,unclosed_code_fence;near_num_predict_char_risk,multiple_code_fences_used_longest,
qwen2.5-coder:32b,no_review,crn-013696,2506,336,near_num_predict_char_risk,multiple_code_fences_used_longest,
qwen2.5-coder:32b,no_review,crn-011793,2262,454,unclosed_code_fence;near_num_predict_char_risk,multiple_code_fences_used_longest,
qwen2.5-coder:32b,no_review,crn-013911,2218,800,unclosed_code_fence;near_num_predict_char_risk,multiple_code_fences_used_longest,
qwen2.5-coder:32b,no_review,crn-006102,738,585,unclosed_code_fence,extracted_from_code_fence,
qwen2.5-coder:32b,no_review,crn-000070,2173,431,unclosed_code_fence;near_num_predict_char_risk,multiple_code_fences_used_longest,
qwen2.5-coder:32b,no_review,crn-011954,2256,828,unclosed_code_fence;near_num_predict_char_risk,multiple_code_fences_used_longest,
qwen2.5-coder:32b,no_review,crn-003956,2395,468,unclosed_code_fence;near_num_predict_char_risk,multiple_code_fences_used_longest,
qwen2.5-coder:32b,no_review,crn-004737,2186,550,unclosed_code_fence;near_num_predict_char_risk,multiple_code_fences_used_longest,
qwen2.5-coder:32b,no_review,crn-013739,1938,228,unclosed_code_fence;near_num_predict_char_risk,multiple_code_fences_used_longest,
qwen2.5-coder:32b,no_review,crn-011167,1772,353,unclosed_code_fence,multiple_code_fences_used_longest,
qwen2.5-coder:32b,no_review,crn-004361,2111,1388,unclosed_code_fence;near_num_predict_char_risk,extracted_from_code_fence,
qwen2.5-coder:32b,no_review,crn-000570,2781,702,unclosed_code_fence;near_num_predict_char_risk,multiple_code_fences_used_longest,
qwen2.5-coder:32b,no_review,crn-006584,2648,297,near_num_predict_char_risk,multiple_code_fences_used_longest,
qwen2.5-coder:32b,no_review,crn-009194,1925,304,near_num_predict_char_risk,multiple_code_fences_used_longest,
qwen2.5-coder:32b,no_review,crn-008477,2375,414,near_num_predict_char_risk,multiple_code_fences_used_longest,
qwen2.5-coder:32b,no_review,crn-006843,2596,514,unclosed_code_fence;near_num_predict_char_risk,multiple_code_fences_used_longest,
qwen2.5-coder:32b,no_review,crn-014512,1769,985,unclosed_code_fence,extracted_from_code_fence,
qwen2.5-coder:32b,no_review,crn-006674,1857,203,unclosed_code_fence;near_num_predict_char_risk,multiple_code_fences_used_longest,
qwen2.5-coder:32b,no_review,crn-013178,1890,268,unclosed_code_fence;near_num_predict_char_risk,multiple_code_fences_used_longest,
qwen2.5-coder:32b,no_review,crn-007435,2929,1020,unclosed_code_fence;near_num_predict_char_risk,multiple_code_fences_used_longest,
qwen2.5-coder:32b,no_review,crn-009999,960,151,unclosed_code_fence,multiple_code_fences_used_longest,
qwen2.5-coder:32b,no_review,crn-010668,2338,305,unclosed_code_fence;near_num_predict_char_risk,multiple_code_fences_used_longest,
qwen2.5-coder:32b,no_review,crn-014606,506,505,unclosed_code_fence,no_code_fence_used_raw_text,
qwen2.5-coder:32b,no_review,crn-001182,1605,760,unclosed_code_fence,extracted_from_code_fence,
qwen2.5-coder:32b,no_review,crn-003958,2338,263,unclosed_code_fence;near_num_predict_char_risk,multiple_code_fences_used_longest,
qwen2.5-coder:32b,no_review,crn-008524,2270,1014,unclosed_code_fence;near_num_predict_char_risk,extracted_from_code_fence,
qwen2.5-coder:32b,no_review,crn-000488,2450,926,unclosed_code_fence;near_num_predict_char_risk,multiple_code_fences_used_longest,
qwen2.5-coder:32b,no_review,crn-003002,1619,175,unclosed_code_fence,multiple_code_fences_used_longest,
qwen2.5-coder:32b,no_review,crn-013566,2291,719,unclosed_code_fence;near_num_predict_char_risk,multiple_code_fences_used_longest,
qwen2.5-coder:32b,no_review,crn-010002,1934,334,unclosed_code_fence;near_num_predict_char_risk,multiple_code_fences_used_longest,
qwen2.5-coder:32b,no_review,crn-013610,2573,446,near_num_predict_char_risk,multiple_code_fences_used_longest,
qwen2.5-coder:32b,no_review,crn-008440,2250,328,unclosed_code_fence;near_num_predict_char_risk,multiple_code_fences_used_longest,
qwen2.5-coder:32b,no_review,crn-007431,3342,638,unclosed_code_fence;near_num_predict_char_risk,multiple_code_fences_used_longest,
qwen2.5-coder:32b,no_review,crn-001714,2273,589,unclosed_code_fence;near_num_predict_char_risk,multiple_code_fences_used_longest,
qwen2.5-coder:32b,no_review,crn-008607,2131,384,unclosed_code_fence;near_num_predict_char_risk,multiple_code_fences_used_longest,
qwen2.5-coder:32b,no_review,crn-010601,2318,331,unclosed_code_fence;near_num_predict_char_risk,multiple_code_fences_used_longest,
qwen2.5-coder:32b,no_review,crn-008711,2306,357,unclosed_code_fence;near_num_predict_char_risk,multiple_code_fences_used_longest,
qwen2.5-coder:32b,no_review,crn-014298,2309,255,near_num_predict_char_risk,multiple_code_fences_used_longest,
qwen2.5-coder:32b,no_review,crn-001975,2713,417,unclosed_code_fence;near_num_predict_char_risk,multiple_code_fences_used_longest,
qwen2.5-coder:32b,no_review,crn-007025,2024,429,unclosed_code_fence;near_num_predict_char_risk,multiple_code_fences_used_longest,
qwen2.5-coder:32b,no_review,crn-007047,1597,245,unclosed_code_fence,multiple_code_fences_used_longest,
qwen2.5-coder:32b,no_review,crn-005813,1270,188,unclosed_code_fence,multiple_code_fences_used_longest,
qwen2.5-coder:32b,no_review,crn-000411,2203,327,unclosed_code_fence;near_num_predict_char_risk,multiple_code_fences_used_longest,
qwen2.5-coder:32b,no_review,crn-001009,2121,772,unclosed_code_fence;near_num_predict_char_risk,multiple_code_fences_used_longest,
qwen2.5-coder:32b,no_review,crn-011523,2387,394,unclosed_code_fence;near_num_predict_char_risk,multiple_code_fences_used_longest,
qwen2.5-coder:32b,no_review,crn-006877,2336,897,unclosed_code_fence;near_num_predict_char_risk,multiple_code_fences_used_longest,
qwen2.5-coder:32b,no_review,crn-008894,1831,548,unclosed_code_fence;near_num_predict_char_risk,multiple_code_fences_used_longest,
qwen2.5-coder:32b,no_review,crn-003498,1967,331,unclosed_code_fence;near_num_predict_char_risk,multiple_code_fences_used_longest,
qwen2.5-coder:32b,no_review,crn-014705,2687,805,unclosed_code_fence;near_num_predict_char_risk,multiple_code_fences_used_longest,
qwen2.5-coder:32b,no_review,crn-003434,2214,427,unclosed_code_fence;near_num_predict_char_risk,multiple_code_fences_used_longest,
qwen2.5-coder:32b,no_review,crn-010593,2317,282,unclosed_code_fence;near_num_predict_char_risk,multiple_code_fences_used_longest,
qwen2.5-coder:32b,no_review,crn-000839,2590,1102,near_num_predict_char_risk,multiple_code_fences_used_longest,
qwen2.5-coder:32b,no_review,crn-011875,2352,313,unclosed_code_fence;near_num_predict_char_risk,multiple_code_fences_used_longest,
qwen2.5-coder:32b,no_review,crn-008073,2320,267,unclosed_code_fence;near_num_predict_char_risk,multiple_code_fences_used_longest,
qwen2.5-coder:32b,no_review,crn-010088,2049,385,unclosed_code_fence;near_num_predict_char_risk,multiple_code_fences_used_longest,
qwen2.5-coder:32b,no_review,crn-013606,2265,320,unclosed_code_fence;near_num_predict_char_risk,multiple_code_fences_used_longest,
qwen2.5-coder:32b,no_review,crn-007054,1892,371,unclosed_code_fence;near_num_predict_char_risk,multiple_code_fences_used_longest,
qwen2.5-coder:32b,no_review,crn-012484,2329,453,near_num_predict_char_risk,multiple_code_fences_used_longest,
qwen2.5-coder:32b,no_review,crn-001152,1541,431,unclosed_code_fence,multiple_code_fences_used_longest,
qwen2.5-coder:32b,no_review,crn-012853,2211,747,unclosed_code_fence;near_num_predict_char_risk,multiple_code_fences_used_longest,
qwen2.5-coder:32b,no_review,crn-010972,1951,231,near_num_predict_char_risk,multiple_code_fences_used_longest,
qwen2.5-coder:32b,no_review,crn-005478,2159,403,unclosed_code_fence;near_num_predict_char_risk,multiple_code_fences_used_longest,
qwen2.5-coder:32b,no_review,crn-001434,2405,780,unclosed_code_fence;near_num_predict_char_risk,multiple_code_fences_used_longest,
qwen2.5-coder:32b,no_review,crn-011009,3158,393,unclosed_code_fence;near_num_predict_char_risk,multiple_code_fences_used_longest,
qwen2.5-coder:32b,no_review,crn-012480,2416,467,unclosed_code_fence;near_num_predict_char_risk,multiple_code_fences_used_longest,
qwen2.5-coder:32b,no_review,crn-009166,2473,430,near_num_predict_char_risk,multiple_code_fences_used_longest,
qwen2.5-coder:32b,no_review,crn-014312,2796,340,unclosed_code_fence;near_num_predict_char_risk,multiple_code_fences_used_longest,
qwen2.5-coder:32b,no_review,crn-010792,2007,660,unclosed_code_fence;near_num_predict_char_risk,multiple_code_fences_used_longest,
qwen2.5-coder:32b,no_review,crn-004533,2363,419,unclosed_code_fence;near_num_predict_char_risk,multiple_code_fences_used_longest,
qwen2.5-coder:32b,no_review,crn-013073,2447,405,unclosed_code_fence;near_num_predict_char_risk,multiple_code_fences_used_longest,
qwen2.5-coder:32b,no_review,crn-001065,2511,354,unclosed_code_fence;near_num_predict_char_risk,multiple_code_fences_used_longest,
qwen2.5-coder:32b,no_review,crn-003495,2110,575,unclosed_code_fence;near_num_predict_char_risk,multiple_code_fences_used_longest,
qwen2.5-coder:32b,no_review,crn-008102,2775,500,unclosed_code_fence;near_num_predict_char_risk,multiple_code_fences_used_longest,
qwen2.5-coder:32b,no_review,crn-013721,2782,333,unclosed_code_fence;near_num_predict_char_risk,multiple_code_fences_used_longest,
qwen2.5-coder:32b,no_review,crn-004458,2532,599,unclosed_code_fence;near_num_predict_char_risk,multiple_code_fences_used_longest,
qwen2.5-coder:32b,no_review,crn-006413,2082,190,unclosed_code_fence;near_num_predict_char_risk,multiple_code_fences_used_longest,
qwen2.5-coder:32b,no_review,crn-004410,2324,370,unclosed_code_fence;near_num_predict_char_risk,multiple_code_fences_used_longest,
qwen2.5-coder:32b,no_review,crn-000681,2286,719,unclosed_code_fence;near_num_predict_char_risk,multiple_code_fences_used_longest,
qwen2.5-coder:32b,no_review,crn-004806,2018,292,unclosed_code_fence;near_num_predict_char_risk,multiple_code_fences_used_longest,
qwen2.5-coder:32b,no_review,crn-000252,2415,231,unclosed_code_fence;near_num_predict_char_risk,multiple_code_fences_used_longest,
qwen2.5-coder:32b,no_review,crn-001194,2334,301,unclosed_code_fence;near_num_predict_char_risk,multiple_code_fences_used_longest,
qwen2.5-coder:32b,no_review,crn-004249,1995,292,unclosed_code_fence;near_num_predict_char_risk,multiple_code_fences_used_longest,
qwen2.5-coder:32b,no_review,crn-004965,2186,389,unclosed_code_fence;near_num_predict_char_risk,multiple_code_fences_used_longest,
qwen2.5-coder:32b,no_review,crn-003963,2338,263,unclosed_code_fence;near_num_predict_char_risk,multiple_code_fences_used_longest,
qwen2.5-coder:32b,no_review,crn-011215,1863,427,unclosed_code_fence;near_num_predict_char_risk,multiple_code_fences_used_longest,
qwen2.5-coder:32b,no_review,crn-008171,2767,548,near_num_predict_char_risk,multiple_code_fences_used_longest,
qwen2.5-coder:32b,no_review,crn-014632,2146,503,unclosed_code_fence;near_num_predict_char_risk,multiple_code_fences_used_longest,
qwen2.5-coder:32b,no_review,crn-008111,2484,429,unclosed_code_fence;near_num_predict_char_risk,multiple_code_fences_used_longest,
qwen2.5-coder:32b,no_review,crn-009945,2231,482,unclosed_code_fence;near_num_predict_char_risk,multiple_code_fences_used_longest,
qwen2.5-coder:32b,no_review,crn-008969,2139,1051,unclosed_code_fence;near_num_predict_char_risk,extracted_from_code_fence,
qwen2.5-coder:32b,no_review,crn-012715,2182,355,unclosed_code_fence;near_num_predict_char_risk,multiple_code_fences_used_longest,
qwen2.5-coder:32b,no_review,crn-010412,2356,877,unclosed_code_fence;near_num_predict_char_risk,multiple_code_fences_used_longest,
qwen2.5-coder:32b,no_review,crn-004604,1686,442,unclosed_code_fence,multiple_code_fences_used_longest,
qwen2.5-coder:32b,no_review,crn-001156,1952,266,unclosed_code_fence;near_num_predict_char_risk,multiple_code_fences_used_longest,
qwen2.5-coder:32b,no_review,crn-006001,2172,228,unclosed_code_fence;near_num_predict_char_risk,multiple_code_fences_used_longest,
qwen2.5-coder:32b,no_review,crn-011998,1922,1367,unclosed_code_fence;near_num_predict_char_risk,extracted_from_code_fence,
qwen2.5-coder:32b,no_review,crn-014262,1939,218,unclosed_code_fence;near_num_predict_char_risk,multiple_code_fences_used_longest,
qwen2.5-coder:32b,no_review,crn-011582,2268,415,unclosed_code_fence;near_num_predict_char_risk,multiple_code_fences_used_longest,
qwen2.5-coder:32b,no_review,crn-007043,2401,596,unclosed_code_fence;near_num_predict_char_risk,multiple_code_fences_used_longest,
qwen2.5-coder:32b,no_review,crn-012475,2212,588,unclosed_code_fence;near_num_predict_char_risk,multiple_code_fences_used_longest,
qwen2.5-coder:32b,no_review,crn-005747,1890,856,unclosed_code_fence;near_num_predict_char_risk,multiple_code_fences_used_longest,
qwen2.5-coder:32b,no_review,crn-012507,2589,536,unclosed_code_fence;near_num_predict_char_risk,multiple_code_fences_used_longest,
qwen2.5-coder:32b,no_review,crn-010239,2060,194,unclosed_code_fence;near_num_predict_char_risk,multiple_code_fences_used_longest,
qwen2.5-coder:32b,no_review,crn-013910,2235,739,near_num_predict_char_risk,multiple_code_fences_used_longest,
qwen2.5-coder:32b,no_review,crn-000497,1201,538,unclosed_code_fence,extracted_from_code_fence,
qwen2.5-coder:32b,no_review,crn-004242,1970,414,unclosed_code_fence;near_num_predict_char_risk,multiple_code_fences_used_longest,
qwen2.5-coder:32b,no_review,crn-001955,1625,529,unclosed_code_fence,multiple_code_fences_used_longest,
qwen2.5-coder:32b,no_review,crn-011188,2267,516,unclosed_code_fence;near_num_predict_char_risk,multiple_code_fences_used_longest,
qwen2.5-coder:32b,no_review,crn-010150,2445,481,unclosed_code_fence;near_num_predict_char_risk,multiple_code_fences_used_longest,
qwen2.5-coder:32b,no_review,crn-000628,2574,522,unclosed_code_fence;near_num_predict_char_risk,multiple_code_fences_used_longest,
qwen2.5-coder:32b,no_review,crn-010849,1824,260,unclosed_code_fence;near_num_predict_char_risk,multiple_code_fences_used_longest,
qwen2.5-coder:32b,no_review,crn-008509,2382,418,near_num_predict_char_risk,multiple_code_fences_used_longest,
qwen2.5-coder:32b,no_review,crn-014638,2139,428,unclosed_code_fence;near_num_predict_char_risk,multiple_code_fences_used_longest,
qwen2.5-coder:32b,no_review,crn-001420,2281,409,unclosed_code_fence;near_num_predict_char_risk,multiple_code_fences_used_longest,
qwen2.5-coder:32b,no_review,crn-004455,2897,699,unclosed_code_fence;near_num_predict_char_risk,multiple_code_fences_used_longest,
qwen2.5-coder:32b,no_review,crn-010887,1861,822,unclosed_code_fence;near_num_predict_char_risk,multiple_code_fences_used_longest,
qwen2.5-coder:32b,no_review,crn-003907,2086,665,unclosed_code_fence;near_num_predict_char_risk,multiple_code_fences_used_longest,
qwen2.5-coder:32b,no_review,crn-004418,2227,259,unclosed_code_fence;near_num_predict_char_risk,multiple_code_fences_used_longest,
qwen2.5-coder:32b,no_review,crn-004691,2205,322,near_num_predict_char_risk,multiple_code_fences_used_longest,
qwen2.5-coder:32b,no_review,crn-012259,2151,461,unclosed_code_fence;near_num_predict_char_risk,multiple_code_fences_used_longest,
qwen2.5-coder:32b,no_review,crn-010550,2002,679,near_num_predict_char_risk,multiple_code_fences_used_longest,
qwen2.5-coder:32b,no_review,crn-009592,2384,634,unclosed_code_fence;near_num_predict_char_risk,multiple_code_fences_used_longest,
qwen2.5-coder:32b,no_review,crn-004841,2300,193,near_num_predict_char_risk,multiple_code_fences_used_longest,
qwen2.5-coder:32b,no_review,crn-014762,2274,209,unclosed_code_fence;near_num_predict_char_risk,multiple_code_fences_used_longest,
qwen2.5-coder:32b,no_review,crn-009490,2250,429,unclosed_code_fence;near_num_predict_char_risk,multiple_code_fences_used_longest,
qwen2.5-coder:32b,no_review,crn-000132,2186,333,unclosed_code_fence;near_num_predict_char_risk,multiple_code_fences_used_longest,
qwen2.5-coder:32b,no_review,crn-007004,2092,342,unclosed_code_fence;near_num_predict_char_risk,multiple_code_fences_used_longest,
qwen2.5-coder:32b,no_review,crn-010447,2468,841,unclosed_code_fence;near_num_predict_char_risk,multiple_code_fences_used_longest,
qwen2.5-coder:32b,no_review,crn-005139,1855,476,unclosed_code_fence;near_num_predict_char_risk,multiple_code_fences_used_longest,
qwen2.5-coder:32b,no_review,crn-012962,2472,402,unclosed_code_fence;near_num_predict_char_risk,multiple_code_fences_used_longest,
qwen2.5-coder:32b,no_review,crn-007963,1875,715,unclosed_code_fence;near_num_predict_char_risk,multiple_code_fences_used_longest,
qwen2.5-coder:32b,no_review,crn-007467,2206,703,near_num_predict_char_risk,multiple_code_fences_used_longest,
qwen2.5-coder:32b,no_review,crn-007175,1804,485,unclosed_code_fence;near_num_predict_char_risk,multiple_code_fences_used_longest,
qwen2.5-coder:32b,no_review,crn-005249,1829,319,unclosed_code_fence;near_num_predict_char_risk,multiple_code_fences_used_longest,
qwen2.5-coder:32b,no_review,crn-000930,1971,798,near_num_predict_char_risk,multiple_code_fences_used_longest,
qwen2.5-coder:32b,no_review,crn-005222,2040,678,unclosed_code_fence;near_num_predict_char_risk,multiple_code_fences_used_longest,
qwen2.5-coder:32b,no_review,crn-014041,2035,528,unclosed_code_fence;near_num_predict_char_risk,multiple_code_fences_used_longest,
qwen2.5-coder:32b,no_review,crn-013654,2041,417,unclosed_code_fence;near_num_predict_char_risk,multiple_code_fences_used_longest,
qwen2.5-coder:32b,no_review,crn-009763,2146,330,unclosed_code_fence;near_num_predict_char_risk,multiple_code_fences_used_longest,
qwen2.5-coder:32b,no_review,crn-005879,2054,462,unclosed_code_fence;near_num_predict_char_risk,multiple_code_fences_used_longest,
qwen2.5-coder:32b,no_review,crn-010796,1991,404,near_num_predict_char_risk,multiple_code_fences_used_longest,
qwen2.5-coder:32b,no_review,crn-007980,1797,176,unclosed_code_fence;near_num_predict_char_risk,multiple_code_fences_used_longest,
qwen2.5-coder:32b,no_review,crn-009675,2468,563,unclosed_code_fence;near_num_predict_char_risk,multiple_code_fences_used_longest,
qwen2.5-coder:32b,no_review,crn-002222,2121,702,unclosed_code_fence;near_num_predict_char_risk,multiple_code_fences_used_longest,
qwen2.5-coder:32b,no_review,crn-013466,1861,368,near_num_predict_char_risk,multiple_code_fences_used_longest,
qwen2.5-coder:32b,no_review,crn-001028,1956,360,unclosed_code_fence;near_num_predict_char_risk,multiple_code_fences_used_longest,
qwen2.5-coder:32b,no_review,crn-012911,1841,290,near_num_predict_char_risk,multiple_code_fences_used_longest,
qwen2.5-coder:32b,no_review,crn-009361,2204,365,unclosed_code_fence;near_num_predict_char_risk,multiple_code_fences_used_longest,
qwen2.5-coder:32b,no_review,crn-001851,1848,610,near_num_predict_char_risk,multiple_code_fences_used_longest,
qwen2.5-coder:32b,no_review,crn-003010,2241,469,unclosed_code_fence;near_num_predict_char_risk,multiple_code_fences_used_longest,
qwen2.5-coder:32b,no_review,crn-006007,1848,273,unclosed_code_fence;near_num_predict_char_risk,multiple_code_fences_used_longest,
qwen2.5-coder:32b,no_review,crn-003906,2086,665,unclosed_code_fence;near_num_predict_char_risk,multiple_code_fences_used_longest,
qwen2.5-coder:32b,no_review,crn-004669,2032,322,unclosed_code_fence;near_num_predict_char_risk,multiple_code_fences_used_longest,
qwen2.5-coder:32b,no_review,crn-010949,2572,324,unclosed_code_fence;near_num_predict_char_risk,multiple_code_fences_used_longest,
qwen2.5-coder:32b,no_review,crn-008437,2482,356,near_num_predict_char_risk,multiple_code_fences_used_longest,
qwen2.5-coder:32b,no_review,crn-002283,341,232,unclosed_code_fence,extracted_from_code_fence,
qwen2.5-coder:32b,no_review,crn-006026,2491,289,unclosed_code_fence;near_num_predict_char_risk,multiple_code_fences_used_longest,
qwen2.5-coder:32b,no_review,crn-000317,2211,383,near_num_predict_char_risk,multiple_code_fences_used_longest,
qwen2.5-coder:32b,no_review,crn-014575,2176,655,unclosed_code_fence;near_num_predict_char_risk,multiple_code_fences_used_longest,
qwen2.5-coder:32b,no_review,crn-001678,2390,372,unclosed_code_fence;near_num_predict_char_risk,multiple_code_fences_used_longest,
qwen2.5-coder:32b,no_review,crn-003796,2144,520,unclosed_code_fence;near_num_predict_char_risk,multiple_code_fences_used_longest,
qwen2.5-coder:32b,no_review,crn-013660,2041,417,unclosed_code_fence;near_num_predict_char_risk,multiple_code_fences_used_longest,
qwen2.5-coder:32b,no_review,crn-001889,1955,320,unclosed_code_fence;near_num_predict_char_risk,multiple_code_fences_used_longest,
qwen2.5-coder:32b,no_review,crn-013636,2373,276,unclosed_code_fence;near_num_predict_char_risk,multiple_code_fences_used_longest,
qwen2.5-coder:32b,no_review,crn-005247,2633,321,unclosed_code_fence;near_num_predict_char_risk,multiple_code_fences_used_longest,
qwen2.5-coder:32b,no_review,crn-012171,2243,319,unclosed_code_fence;near_num_predict_char_risk,multiple_code_fences_used_longest,
qwen2.5-coder:32b,no_review,crn-012399,2624,284,near_num_predict_char_risk,multiple_code_fences_used_longest,
qwen2.5-coder:32b,no_review,crn-005969,1920,208,unclosed_code_fence;near_num_predict_char_risk,multiple_code_fences_used_longest,
qwen2.5-coder:32b,no_review,crn-013757,2426,509,near_num_predict_char_risk,multiple_code_fences_used_longest,
qwen2.5-coder:32b,no_review,crn-002829,1829,351,unclosed_code_fence;near_num_predict_char_risk,multiple_code_fences_used_longest,
qwen2.5-coder:32b,no_review,crn-008530,2394,438,unclosed_code_fence;near_num_predict_char_risk,multiple_code_fences_used_longest,
qwen2.5-coder:32b,no_review,crn-008966,1970,322,unclosed_code_fence;near_num_predict_char_risk,multiple_code_fences_used_longest,
qwen2.5-coder:32b,no_review,crn-002191,2506,1316,unclosed_code_fence;near_num_predict_char_risk,extracted_from_code_fence,
qwen2.5-coder:32b,no_review,crn-009083,1681,621,unclosed_code_fence,multiple_code_fences_used_longest,
qwen2.5-coder:32b,no_review,crn-001424,2461,682,unclosed_code_fence;near_num_predict_char_risk,multiple_code_fences_used_longest,
qwen2.5-coder:32b,no_review,crn-003319,2087,284,unclosed_code_fence;near_num_predict_char_risk,multiple_code_fences_used_longest,
qwen2.5-coder:32b,no_review,crn-002273,2071,580,unclosed_code_fence;near_num_predict_char_risk,multiple_code_fences_used_longest,
qwen2.5-coder:32b,no_review,crn-001162,1577,211,unclosed_code_fence,multiple_code_fences_used_longest,
qwen2.5-coder:32b,no_review,crn-005448,2357,419,unclosed_code_fence;near_num_predict_char_risk,multiple_code_fences_used_longest,
qwen2.5-coder:32b,no_review,crn-004787,1936,237,unclosed_code_fence;near_num_predict_char_risk,multiple_code_fences_used_longest,
qwen2.5-coder:32b,no_review,crn-007294,2916,421,unclosed_code_fence;near_num_predict_char_risk,multiple_code_fences_used_longest,
qwen2.5-coder:32b,no_review,crn-007618,2201,296,unclosed_code_fence;near_num_predict_char_risk,multiple_code_fences_used_longest,
qwen2.5-coder:32b,no_review,crn-001377,2608,897,unclosed_code_fence;near_num_predict_char_risk,multiple_code_fences_used_longest,
qwen2.5-coder:32b,no_review,crn-002818,1835,243,unclosed_code_fence;near_num_predict_char_risk,multiple_code_fences_used_longest,
qwen2.5-coder:32b,no_review,crn-006416,2204,277,unclosed_code_fence;near_num_predict_char_risk,multiple_code_fences_used_longest,
qwen2.5-coder:32b,no_review,crn-002190,2577,427,unclosed_code_fence;near_num_predict_char_risk,multiple_code_fences_used_longest,
qwen2.5-coder:32b,no_review,crn-014145,1953,371,near_num_predict_char_risk,multiple_code_fences_used_longest,
qwen2.5-coder:32b,no_review,crn-007041,1576,204,unclosed_code_fence,multiple_code_fences_used_longest,
qwen2.5-coder:32b,no_review,crn-008604,2158,263,unclosed_code_fence;near_num_predict_char_risk,multiple_code_fences_used_longest,
qwen2.5-coder:32b,no_review,crn-005114,2547,391,unclosed_code_fence;near_num_predict_char_risk,multiple_code_fences_used_longest,
qwen2.5-coder:32b,no_review,crn-002108,2020,645,unclosed_code_fence;near_num_predict_char_risk,multiple_code_fences_used_longest,
qwen2.5-coder:32b,no_review,crn-006296,1997,1095,unclosed_code_fence;near_num_predict_char_risk,extracted_from_code_fence,
qwen2.5-coder:32b,no_review,crn-013226,2041,572,unclosed_code_fence;near_num_predict_char_risk,multiple_code_fences_used_longest,
qwen2.5-coder:32b,no_review,crn-013457,2388,446,unclosed_code_fence;near_num_predict_char_risk,multiple_code_fences_used_longest,
qwen2.5-coder:32b,no_review,crn-012794,2254,210,unclosed_code_fence;near_num_predict_char_risk,multiple_code_fences_used_longest,
qwen2.5-coder:32b,no_review,crn-005018,2368,302,near_num_predict_char_risk,multiple_code_fences_used_longest,
qwen2.5-coder:32b,no_review,crn-013810,2421,435,unclosed_code_fence;near_num_predict_char_risk,multiple_code_fences_used_longest,
qwen2.5-coder:32b,no_review,crn-008256,2794,534,unclosed_code_fence;near_num_predict_char_risk,multiple_code_fences_used_longest,
qwen2.5-coder:32b,no_review,crn-005934,2259,273,unclosed_code_fence;near_num_predict_char_risk,multiple_code_fences_used_longest,
qwen2.5-coder:32b,no_review,crn-009153,2639,478,unclosed_code_fence;near_num_predict_char_risk,multiple_code_fences_used_longest,
qwen2.5-coder:32b,no_review,crn-005427,2191,1061,unclosed_code_fence;near_num_predict_char_risk,extracted_from_code_fence,
qwen2.5-coder:32b,no_review,crn-005279,2016,406,unclosed_code_fence;near_num_predict_char_risk,multiple_code_fences_used_longest,
qwen2.5-coder:32b,no_review,crn-000153,1999,431,near_num_predict_char_risk,multiple_code_fences_used_longest,
qwen2.5-coder:32b,no_review,crn-003431,2246,548,unclosed_code_fence;near_num_predict_char_risk,multiple_code_fences_used_longest,
qwen2.5-coder:32b,no_review,crn-000408,2740,913,unclosed_code_fence;near_num_predict_char_risk,multiple_code_fences_used_longest,
qwen2.5-coder:32b,no_review,crn-012075,1877,1035,unclosed_code_fence;near_num_predict_char_risk,extracted_from_code_fence,
qwen2.5-coder:32b,no_review,crn-007904,1957,192,unclosed_code_fence;near_num_predict_char_risk,multiple_code_fences_used_longest,
qwen2.5-coder:32b,no_review,crn-008411,2581,816,unclosed_code_fence;near_num_predict_char_risk,multiple_code_fences_used_longest,
qwen2.5-coder:32b,no_review,crn-006597,2435,304,unclosed_code_fence;near_num_predict_char_risk,multiple_code_fences_used_longest,
qwen2.5-coder:32b,no_review,crn-011273,2058,709,unclosed_code_fence;near_num_predict_char_risk,multiple_code_fences_used_longest,
qwen2.5-coder:32b,no_review,crn-005460,1992,456,unclosed_code_fence;near_num_predict_char_risk,multiple_code_fences_used_longest,
qwen2.5-coder:32b,no_review,crn-006277,1783,475,unclosed_code_fence,multiple_code_fences_used_longest,
qwen2.5-coder:32b,no_review,crn-014344,2400,466,near_num_predict_char_risk,multiple_code_fences_used_longest,
qwen2.5-coder:32b,no_review,crn-004086,1810,279,unclosed_code_fence;near_num_predict_char_risk,multiple_code_fences_used_longest,
qwen2.5-coder:32b,no_review,crn-013653,1905,867,near_num_predict_char_risk,extracted_from_code_fence,
qwen2.5-coder:32b,no_review,crn-007635,2412,532,unclosed_code_fence;near_num_predict_char_risk,multiple_code_fences_used_longest,
qwen2.5-coder:32b,no_review,crn-000021,2487,476,unclosed_code_fence;near_num_predict_char_risk,multiple_code_fences_used_longest,
qwen2.5-coder:32b,no_review,crn-009558,2432,401,unclosed_code_fence;near_num_predict_char_risk,multiple_code_fences_used_longest,
qwen2.5-coder:32b,no_review,crn-000744,2794,452,unclosed_code_fence;near_num_predict_char_risk,multiple_code_fences_used_longest,
qwen2.5-coder:32b,no_review,crn-011451,1907,507,unclosed_code_fence;near_num_predict_char_risk,multiple_code_fences_used_longest,
qwen2.5-coder:32b,no_review,crn-005048,2213,299,unclosed_code_fence;near_num_predict_char_risk,multiple_code_fences_used_longest,
qwen2.5-coder:32b,no_review,crn-002139,2300,458,unclosed_code_fence;near_num_predict_char_risk,multiple_code_fences_used_longest,
qwen2.5-coder:32b,no_review,crn-006630,2808,298,near_num_predict_char_risk,multiple_code_fences_used_longest,
qwen2.5-coder:32b,no_review,crn-013655,2041,417,unclosed_code_fence;near_num_predict_char_risk,multiple_code_fences_used_longest,
qwen2.5-coder:32b,no_review,crn-010780,1777,275,unclosed_code_fence,multiple_code_fences_used_longest,
qwen2.5-coder:32b,no_review,crn-014517,2328,693,unclosed_code_fence;near_num_predict_char_risk,multiple_code_fences_used_longest,
qwen2.5-coder:32b,no_review,crn-011216,2226,270,unclosed_code_fence;near_num_predict_char_risk,multiple_code_fences_used_longest,
qwen2.5-coder:32b,no_review,crn-012166,2432,335,unclosed_code_fence;near_num_predict_char_risk,multiple_code_fences_used_longest,
qwen2.5-coder:32b,no_review,crn-006500,1963,484,unclosed_code_fence;near_num_predict_char_risk,multiple_code_fences_used_longest,
qwen2.5-coder:32b,no_review,crn-009236,2249,483,near_num_predict_char_risk,multiple_code_fences_used_longest,
qwen2.5-coder:32b,no_review,crn-006350,2714,559,unclosed_code_fence;near_num_predict_char_risk,multiple_code_fences_used_longest,
qwen2.5-coder:32b,no_review,crn-011716,1979,610,unclosed_code_fence;near_num_predict_char_risk,multiple_code_fences_used_longest,
qwen2.5-coder:32b,no_review,crn-004755,2125,567,near_num_predict_char_risk,multiple_code_fences_used_longest,
qwen2.5-coder:32b,no_review,crn-010985,260,259,unclosed_code_fence,no_code_fence_used_raw_text,
qwen2.5-coder:32b,no_review,crn-000490,2463,287,unclosed_code_fence;near_num_predict_char_risk,multiple_code_fences_used_longest,
qwen2.5-coder:32b,no_review,crn-014699,2462,892,unclosed_code_fence;near_num_predict_char_risk,multiple_code_fences_used_longest,
qwen2.5-coder:32b,no_review,crn-002125,2312,301,unclosed_code_fence;near_num_predict_char_risk,multiple_code_fences_used_longest,
qwen2.5-coder:32b,no_review,crn-010476,2165,513,unclosed_code_fence;near_num_predict_char_risk,multiple_code_fences_used_longest,
qwen2.5-coder:32b,no_review,crn-014580,2176,655,unclosed_code_fence;near_num_predict_char_risk,multiple_code_fences_used_longest,
qwen2.5-coder:32b,no_review,crn-006043,2017,287,unclosed_code_fence;near_num_predict_char_risk,multiple_code_fences_used_longest,
qwen2.5-coder:32b,no_review,crn-002684,1941,625,unclosed_code_fence;near_num_predict_char_risk,multiple_code_fences_used_longest,
qwen2.5-coder:32b,no_review,crn-013099,1857,302,unclosed_code_fence;near_num_predict_char_risk,multiple_code_fences_used_longest,
qwen2.5-coder:32b,no_review,crn-005518,1949,509,unclosed_code_fence;near_num_predict_char_risk,multiple_code_fences_used_longest,
qwen2.5-coder:32b,no_review,crn-007440,2465,491,unclosed_code_fence;near_num_predict_char_risk,multiple_code_fences_used_longest,
qwen2.5-coder:32b,no_review,crn-006996,1956,628,unclosed_code_fence;near_num_predict_char_risk,multiple_code_fences_used_longest,
qwen2.5-coder:32b,no_review,crn-009423,1883,242,unclosed_code_fence;near_num_predict_char_risk,multiple_code_fences_used_longest,
qwen2.5-coder:32b,no_review,crn-010809,2214,317,unclosed_code_fence;near_num_predict_char_risk,multiple_code_fences_used_longest,
qwen2.5-coder:32b,no_review,crn-012910,2137,387,unclosed_code_fence;near_num_predict_char_risk,multiple_code_fences_used_longest,
qwen2.5-coder:32b,no_review,crn-010335,1821,207,unclosed_code_fence;near_num_predict_char_risk,multiple_code_fences_used_longest,
qwen2.5-coder:32b,no_review,crn-002717,1984,350,unclosed_code_fence;near_num_predict_char_risk,multiple_code_fences_used_longest,
qwen2.5-coder:32b,no_review,crn-012661,1930,749,unclosed_code_fence;near_num_predict_char_risk,multiple_code_fences_used_longest,
qwen2.5-coder:32b,no_review,crn-011929,1812,150,near_num_predict_char_risk,multiple_code_fences_used_longest,
qwen2.5-coder:32b,no_review,crn-014519,1663,1029,unclosed_code_fence,extracted_from_code_fence,
qwen2.5-coder:32b,no_review,crn-004606,1701,478,unclosed_code_fence,multiple_code_fences_used_longest,
qwen2.5-coder:32b,no_review,crn-002364,2152,623,unclosed_code_fence;near_num_predict_char_risk,multiple_code_fences_used_longest,
qwen2.5-coder:32b,no_review,crn-008921,1941,724,unclosed_code_fence;near_num_predict_char_risk,multiple_code_fences_used_longest,
qwen2.5-coder:32b,no_review,crn-009428,2307,624,unclosed_code_fence;near_num_predict_char_risk,multiple_code_fences_used_longest,
qwen2.5-coder:32b,no_review,crn-003753,1469,256,unclosed_code_fence,multiple_code_fences_used_longest,
qwen2.5-coder:32b,no_review,crn-012747,2267,396,unclosed_code_fence;near_num_predict_char_risk,multiple_code_fences_used_longest,
qwen2.5-coder:32b,no_review,crn-012256,2502,659,unclosed_code_fence;near_num_predict_char_risk,multiple_code_fences_used_longest,
qwen2.5-coder:32b,no_review,crn-000596,3020,417,unclosed_code_fence;near_num_predict_char_risk,multiple_code_fences_used_longest,
qwen2.5-coder:32b,no_review,crn-013687,2105,618,near_num_predict_char_risk,multiple_code_fences_used_longest,
qwen2.5-coder:32b,no_review,crn-009881,2175,322,unclosed_code_fence;near_num_predict_char_risk,multiple_code_fences_used_longest,
qwen2.5-coder:32b,no_review,crn-013478,1832,564,near_num_predict_char_risk,multiple_code_fences_used_longest,
qwen2.5-coder:32b,no_review,crn-004789,2271,271,near_num_predict_char_risk,multiple_code_fences_used_longest,
qwen2.5-coder:32b,no_review,crn-013848,2093,730,unclosed_code_fence;near_num_predict_char_risk,multiple_code_fences_used_longest,
qwen2.5-coder:32b,no_review,crn-013698,1980,474,near_num_predict_char_risk,multiple_code_fences_used_longest,
qwen2.5-coder:32b,no_review,crn-006936,2439,295,unclosed_code_fence;near_num_predict_char_risk,multiple_code_fences_used_longest,
qwen2.5-coder:32b,no_review,crn-001506,2572,370,unclosed_code_fence;near_num_predict_char_risk,multiple_code_fences_used_longest,
qwen2.5-coder:32b,no_review,crn-010086,2077,286,unclosed_code_fence;near_num_predict_char_risk,multiple_code_fences_used_longest,
qwen2.5-coder:32b,no_review,crn-001282,2014,415,near_num_predict_char_risk,multiple_code_fences_used_longest,
qwen2.5-coder:32b,no_review,crn-007498,2476,322,unclosed_code_fence;near_num_predict_char_risk,multiple_code_fences_used_longest,
qwen2.5-coder:32b,no_review,crn-004266,2191,208,unclosed_code_fence;near_num_predict_char_risk,multiple_code_fences_used_longest,
qwen2.5-coder:32b,no_review,crn-008473,2608,377,unclosed_code_fence;near_num_predict_char_risk,multiple_code_fences_used_longest,
qwen2.5-coder:32b,no_review,crn-014144,2269,333,unclosed_code_fence;near_num_predict_char_risk,multiple_code_fences_used_longest,
qwen2.5-coder:32b,no_review,crn-001199,2247,292,unclosed_code_fence;near_num_predict_char_risk,multiple_code_fences_used_longest,
qwen2.5-coder:32b,no_review,crn-001066,2315,735,near_num_predict_char_risk,multiple_code_fences_used_longest,
qwen2.5-coder:32b,no_review,crn-004899,2204,449,unclosed_code_fence;near_num_predict_char_risk,multiple_code_fences_used_longest,
qwen2.5-coder:32b,no_review,crn-006171,2339,401,unclosed_code_fence;near_num_predict_char_risk,multiple_code_fences_used_longest,
qwen2.5-coder:32b,no_review,crn-003812,1850,373,unclosed_code_fence;near_num_predict_char_risk,multiple_code_fences_used_longest,
qwen2.5-coder:32b,no_review,crn-006576,2594,528,near_num_predict_char_risk,multiple_code_fences_used_longest,
qwen2.5-coder:32b,no_review,crn-005260,1586,476,unclosed_code_fence,multiple_code_fences_used_longest,
qwen2.5-coder:32b,no_review,crn-010754,2192,362,unclosed_code_fence;near_num_predict_char_risk,multiple_code_fences_used_longest,
qwen2.5-coder:32b,no_review,crn-008244,2608,381,unclosed_code_fence;near_num_predict_char_risk,multiple_code_fences_used_longest,
qwen2.5-coder:32b,no_review,crn-001155,2734,607,unclosed_code_fence;near_num_predict_char_risk,multiple_code_fences_used_longest,
qwen2.5-coder:32b,no_review,crn-004378,2058,822,unclosed_code_fence;near_num_predict_char_risk,multiple_code_fences_used_longest,
qwen2.5-coder:32b,no_review,crn-003102,703,213,unclosed_code_fence,extracted_from_code_fence,
qwen2.5-coder:32b,no_review,crn-000870,2338,155,unclosed_code_fence;near_num_predict_char_risk,multiple_code_fences_used_longest,
qwen2.5-coder:32b,no_review,crn-007251,2382,526,unclosed_code_fence;near_num_predict_char_risk,multiple_code_fences_used_longest,
qwen2.5-coder:32b,no_review,crn-001926,2267,143,near_num_predict_char_risk,multiple_code_fences_used_longest,
qwen2.5-coder:32b,no_review,crn-012849,1871,361,unclosed_code_fence;near_num_predict_char_risk,multiple_code_fences_used_longest,
qwen2.5-coder:32b,no_review,crn-004577,2232,482,near_num_predict_char_risk,multiple_code_fences_used_longest,
qwen2.5-coder:32b,no_review,crn-010813,1987,251,near_num_predict_char_risk,multiple_code_fences_used_longest,
qwen2.5-coder:32b,no_review,crn-002356,1807,493,unclosed_code_fence;near_num_predict_char_risk,multiple_code_fences_used_longest,
qwen2.5-coder:32b,no_review,crn-000590,2362,217,unclosed_code_fence;near_num_predict_char_risk,multiple_code_fences_used_longest,
qwen2.5-coder:32b,no_review,crn-007607,2073,820,unclosed_code_fence;near_num_predict_char_risk,multiple_code_fences_used_longest,
qwen2.5-coder:32b,no_review,crn-011061,723,293,unclosed_code_fence,extracted_from_code_fence,
qwen2.5-coder:32b,no_review,crn-005702,2072,313,unclosed_code_fence;near_num_predict_char_risk,multiple_code_fences_used_longest,
qwen2.5-coder:32b,no_review,crn-013008,1816,550,near_num_predict_char_risk,multiple_code_fences_used_longest,
qwen2.5-coder:32b,no_review,crn-008354,2438,658,unclosed_code_fence;near_num_predict_char_risk,multiple_code_fences_used_longest,
qwen2.5-coder:32b,no_review,crn-000960,2219,316,unclosed_code_fence;near_num_predict_char_risk,multiple_code_fences_used_longest,
qwen2.5-coder:32b,no_review,crn-007100,1879,304,near_num_predict_char_risk,multiple_code_fences_used_longest,
qwen2.5-coder:32b,no_review,crn-008478,2392,1281,unclosed_code_fence;near_num_predict_char_risk,multiple_code_fences_used_longest,
qwen2.5-coder:32b,no_review,crn-009474,2210,531,unclosed_code_fence;near_num_predict_char_risk,multiple_code_fences_used_longest,
qwen2.5-coder:32b,no_review,crn-009579,2547,663,unclosed_code_fence;near_num_predict_char_risk,multiple_code_fences_used_longest,
qwen2.5-coder:32b,no_review,crn-002123,284,283,unclosed_code_fence,no_code_fence_used_raw_text,
qwen2.5-coder:32b,no_review,crn-005528,1924,624,unclosed_code_fence;near_num_predict_char_risk,multiple_code_fences_used_longest,
qwen2.5-coder:32b,no_review,crn-011135,1945,341,unclosed_code_fence;near_num_predict_char_risk,multiple_code_fences_used_longest,
qwen2.5-coder:32b,no_review,crn-001865,2177,477,unclosed_code_fence;near_num_predict_char_risk,multiple_code_fences_used_longest,
qwen2.5-coder:32b,no_review,crn-010580,2030,384,unclosed_code_fence;near_num_predict_char_risk,multiple_code_fences_used_longest,
qwen2.5-coder:32b,no_review,crn-013697,2568,336,near_num_predict_char_risk,multiple_code_fences_used_longest,
qwen2.5-coder:32b,no_review,crn-008470,2473,412,unclosed_code_fence;near_num_predict_char_risk,multiple_code_fences_used_longest,
qwen2.5-coder:32b,no_review,crn-007654,2555,652,unclosed_code_fence;near_num_predict_char_risk,multiple_code_fences_used_longest,
qwen2.5-coder:32b,no_review,crn-006332,2088,406,unclosed_code_fence;near_num_predict_char_risk,multiple_code_fences_used_longest,
qwen2.5-coder:32b,no_review,crn-011202,2186,253,unclosed_code_fence;near_num_predict_char_risk,multiple_code_fences_used_longest,
qwen2.5-coder:32b,no_review,crn-009730,2463,555,unclosed_code_fence;near_num_predict_char_risk,multiple_code_fences_used_longest,
qwen2.5-coder:32b,no_review,crn-002490,1851,619,unclosed_code_fence;near_num_predict_char_risk,multiple_code_fences_used_longest,
qwen2.5-coder:32b,no_review,crn-014193,2999,897,unclosed_code_fence;near_num_predict_char_risk,multiple_code_fences_used_longest,
qwen2.5-coder:32b,no_review,crn-003117,2056,460,unclosed_code_fence;near_num_predict_char_risk,multiple_code_fences_used_longest,
qwen2.5-coder:32b,no_review,crn-013372,1632,331,unclosed_code_fence,multiple_code_fences_used_longest,
qwen2.5-coder:32b,no_review,crn-005623,2017,226,unclosed_code_fence;near_num_predict_char_risk,multiple_code_fences_used_longest,
qwen2.5-coder:32b,no_review,crn-008203,2371,526,near_num_predict_char_risk,multiple_code_fences_used_longest,
qwen2.5-coder:32b,no_review,crn-004230,2367,789,unclosed_code_fence;near_num_predict_char_risk,multiple_code_fences_used_longest,
qwen2.5-coder:32b,no_review,crn-012420,2607,561,unclosed_code_fence;near_num_predict_char_risk,multiple_code_fences_used_longest,
qwen2.5-coder:32b,no_review,crn-004924,1632,244,unclosed_code_fence,multiple_code_fences_used_longest,
qwen2.5-coder:32b,no_review,crn-008187,2481,858,unclosed_code_fence;near_num_predict_char_risk,multiple_code_fences_used_longest,
qwen2.5-coder:32b,no_review,crn-012945,2373,257,unclosed_code_fence;near_num_predict_char_risk,multiple_code_fences_used_longest,
qwen2.5-coder:32b,no_review,crn-011264,1820,521,unclosed_code_fence;near_num_predict_char_risk,multiple_code_fences_used_longest,
qwen2.5-coder:32b,no_review,crn-008248,2437,302,unclosed_code_fence;near_num_predict_char_risk,multiple_code_fences_used_longest,
qwen2.5-coder:32b,no_review,crn-006460,2092,157,unclosed_code_fence;near_num_predict_char_risk,multiple_code_fences_used_longest,
qwen2.5-coder:32b,no_review,crn-003088,1761,191,unclosed_code_fence,multiple_code_fences_used_longest,
qwen2.5-coder:32b,no_review,crn-008737,2472,479,unclosed_code_fence;near_num_predict_char_risk,multiple_code_fences_used_longest,
qwen2.5-coder:32b,no_review,crn-014044,2654,369,near_num_predict_char_risk,multiple_code_fences_used_longest,
qwen2.5-coder:32b,no_review,crn-013486,2528,300,unclosed_code_fence;near_num_predict_char_risk,multiple_code_fences_used_longest,
qwen2.5-coder:32b,no_review,crn-012306,1830,282,unclosed_code_fence;near_num_predict_char_risk,multiple_code_fences_used_longest,
qwen2.5-coder:32b,no_review,crn-007343,2742,540,unclosed_code_fence;near_num_predict_char_risk,multiple_code_fences_used_longest,
qwen2.5-coder:32b,no_review,crn-001720,2479,306,unclosed_code_fence;near_num_predict_char_risk,multiple_code_fences_used_longest,
qwen2.5-coder:32b,no_review,crn-008439,2342,498,unclosed_code_fence;near_num_predict_char_risk,multiple_code_fences_used_longest,
qwen2.5-coder:32b,no_review,crn-010995,2333,170,near_num_predict_char_risk,multiple_code_fences_used_longest,
qwen2.5-coder:32b,no_review,crn-000026,2170,299,unclosed_code_fence;near_num_predict_char_risk,multiple_code_fences_used_longest,
qwen2.5-coder:32b,no_review,crn-005410,1914,508,unclosed_code_fence;near_num_predict_char_risk,multiple_code_fences_used_longest,
qwen2.5-coder:32b,no_review,crn-005391,2166,439,unclosed_code_fence;near_num_predict_char_risk,multiple_code_fences_used_longest,
qwen2.5-coder:32b,no_review,crn-004462,2303,391,unclosed_code_fence;near_num_predict_char_risk,multiple_code_fences_used_longest,
qwen2.5-coder:32b,no_review,crn-010927,2271,294,unclosed_code_fence;near_num_predict_char_risk,multiple_code_fences_used_longest,
qwen2.5-coder:32b,no_review,crn-007581,2270,511,unclosed_code_fence;near_num_predict_char_risk,multiple_code_fences_used_longest,
qwen2.5-coder:32b,no_review,crn-002197,1758,278,unclosed_code_fence,multiple_code_fences_used_longest,
qwen2.5-coder:32b,no_review,crn-002850,2072,157,unclosed_code_fence;near_num_predict_char_risk,multiple_code_fences_used_longest,
qwen2.5-coder:32b,no_review,crn-006051,2384,541,unclosed_code_fence;near_num_predict_char_risk,multiple_code_fences_used_longest,
qwen2.5-coder:32b,no_review,crn-008764,2440,150,unclosed_code_fence;near_num_predict_char_risk,multiple_code_fences_used_longest,
qwen2.5-coder:32b,no_review,crn-010227,2437,402,unclosed_code_fence;near_num_predict_char_risk,multiple_code_fences_used_longest,
qwen2.5-coder:32b,no_review,crn-006911,2156,528,unclosed_code_fence;near_num_predict_char_risk,multiple_code_fences_used_longest,
qwen2.5-coder:32b,no_review,crn-009733,2103,672,near_num_predict_char_risk,multiple_code_fences_used_longest,
qwen2.5-coder:32b,no_review,crn-004291,2478,188,near_num_predict_char_risk,multiple_code_fences_used_longest,
qwen2.5-coder:32b,no_review,crn-008344,2445,545,unclosed_code_fence;near_num_predict_char_risk,multiple_code_fences_used_longest,
qwen2.5-coder:32b,no_review,crn-010686,2009,342,unclosed_code_fence;near_num_predict_char_risk,multiple_code_fences_used_longest,
qwen2.5-coder:32b,no_review,crn-003855,1746,408,unclosed_code_fence,multiple_code_fences_used_longest,
qwen2.5-coder:32b,no_review,crn-001519,2135,424,unclosed_code_fence;near_num_predict_char_risk,multiple_code_fences_used_longest,
qwen2.5-coder:32b,no_review,crn-008696,2317,191,unclosed_code_fence;near_num_predict_char_risk,multiple_code_fences_used_longest,
qwen2.5-coder:32b,no_review,crn-011382,1587,767,unclosed_code_fence,extracted_from_code_fence,
qwen2.5-coder:32b,no_review,crn-009414,234,233,unclosed_code_fence,no_code_fence_used_raw_text,
qwen2.5-coder:32b,no_review,crn-001801,1738,482,unclosed_code_fence,multiple_code_fences_used_longest,
qwen2.5-coder:32b,no_review,crn-009554,1970,536,unclosed_code_fence;near_num_predict_char_risk,multiple_code_fences_used_longest,
qwen2.5-coder:32b,no_review,crn-014730,1956,527,near_num_predict_char_risk,multiple_code_fences_used_longest,
qwen2.5-coder:32b,no_review,crn-006874,2071,810,unclosed_code_fence;near_num_predict_char_risk,extracted_from_code_fence,
qwen2.5-coder:32b,no_review,crn-009639,2150,317,near_num_predict_char_risk,multiple_code_fences_used_longest,
qwen2.5-coder:32b,no_review,crn-007582,2270,511,unclosed_code_fence;near_num_predict_char_risk,multiple_code_fences_used_longest,
qwen2.5-coder:32b,no_review,crn-001585,2260,372,unclosed_code_fence;near_num_predict_char_risk,multiple_code_fences_used_longest,
qwen2.5-coder:32b,no_review,crn-009393,2407,256,unclosed_code_fence;near_num_predict_char_risk,multiple_code_fences_used_longest,
qwen2.5-coder:32b,no_review,crn-003008,1879,597,unclosed_code_fence;near_num_predict_char_risk,multiple_code_fences_used_longest,
qwen2.5-coder:32b,no_review,crn-010499,2072,748,unclosed_code_fence;near_num_predict_char_risk,multiple_code_fences_used_longest,
qwen2.5-coder:32b,no_review,crn-004894,2146,501,unclosed_code_fence;near_num_predict_char_risk,multiple_code_fences_used_longest,
qwen2.5-coder:32b,no_review,crn-013745,1985,615,near_num_predict_char_risk,multiple_code_fences_used_longest,
qwen2.5-coder:32b,no_review,crn-004106,1759,293,unclosed_code_fence,multiple_code_fences_used_longest,
qwen2.5-coder:32b,no_review,crn-001548,2344,338,unclosed_code_fence;near_num_predict_char_risk,multiple_code_fences_used_longest,
qwen2.5-coder:32b,no_review,crn-010884,2571,128,unclosed_code_fence;near_num_predict_char_risk,multiple_code_fences_used_longest,
qwen2.5-coder:32b,no_review,crn-011731,2139,293,unclosed_code_fence;near_num_predict_char_risk,multiple_code_fences_used_longest,
qwen2.5-coder:32b,no_review,crn-009336,237,218,unclosed_code_fence,extracted_from_code_fence,
qwen2.5-coder:32b,no_review,crn-005846,2449,274,unclosed_code_fence;near_num_predict_char_risk,multiple_code_fences_used_longest,
qwen2.5-coder:32b,no_review,crn-007930,2355,247,unclosed_code_fence;near_num_predict_char_risk,multiple_code_fences_used_longest,
qwen2.5-coder:32b,no_review,crn-007315,2238,537,unclosed_code_fence;near_num_predict_char_risk,multiple_code_fences_used_longest,
qwen2.5-coder:32b,no_review,crn-002452,2010,481,unclosed_code_fence;near_num_predict_char_risk,multiple_code_fences_used_longest,
qwen2.5-coder:32b,no_review,crn-010526,2121,230,unclosed_code_fence;near_num_predict_char_risk,multiple_code_fences_used_longest,
qwen2.5-coder:32b,no_review,crn-005086,1648,272,unclosed_code_fence,multiple_code_fences_used_longest,
qwen2.5-coder:32b,no_review,crn-005436,2178,447,unclosed_code_fence;near_num_predict_char_risk,multiple_code_fences_used_longest,
qwen2.5-coder:32b,no_review,crn-012015,2236,773,near_num_predict_char_risk,multiple_code_fences_used_longest,
qwen2.5-coder:32b,no_review,crn-002083,2634,262,unclosed_code_fence;near_num_predict_char_risk,multiple_code_fences_used_longest,
qwen2.5-coder:32b,no_review,crn-011952,1953,384,unclosed_code_fence;near_num_predict_char_risk,multiple_code_fences_used_longest,
qwen2.5-coder:32b,no_review,crn-004799,2095,344,near_num_predict_char_risk,multiple_code_fences_used_longest,
qwen2.5-coder:32b,no_review,crn-000330,1992,585,near_num_predict_char_risk,multiple_code_fences_used_longest,
qwen2.5-coder:32b,no_review,crn-014499,2419,285,unclosed_code_fence;near_num_predict_char_risk,multiple_code_fences_used_longest,
qwen2.5-coder:32b,no_review,crn-009737,2269,461,unclosed_code_fence;near_num_predict_char_risk,multiple_code_fences_used_longest,
qwen2.5-coder:32b,no_review,crn-012052,2350,489,unclosed_code_fence;near_num_predict_char_risk,multiple_code_fences_used_longest,
qwen2.5-coder:32b,no_review,crn-012799,2130,678,unclosed_code_fence;near_num_predict_char_risk,multiple_code_fences_used_longest,
qwen2.5-coder:32b,no_review,crn-011376,1992,604,unclosed_code_fence;near_num_predict_char_risk,multiple_code_fences_used_longest,
qwen2.5-coder:32b,no_review,crn-009923,2036,257,unclosed_code_fence;near_num_predict_char_risk,multiple_code_fences_used_longest,
qwen2.5-coder:32b,no_review,crn-012146,2493,412,unclosed_code_fence;near_num_predict_char_risk,multiple_code_fences_used_longest,
qwen2.5-coder:32b,no_review,crn-006789,1831,514,unclosed_code_fence;near_num_predict_char_risk,multiple_code_fences_used_longest,
qwen2.5-coder:32b,no_review,crn-010354,1427,274,unclosed_code_fence,multiple_code_fences_used_longest,
qwen2.5-coder:32b,no_review,crn-008511,2154,472,unclosed_code_fence;near_num_predict_char_risk,multiple_code_fences_used_longest,
qwen2.5-coder:32b,no_review,crn-000267,2445,657,unclosed_code_fence;near_num_predict_char_risk,multiple_code_fences_used_longest,
qwen2.5-coder:32b,no_review,crn-012231,2579,548,unclosed_code_fence;near_num_predict_char_risk,multiple_code_fences_used_longest,
qwen2.5-coder:32b,no_review,crn-007380,2559,482,unclosed_code_fence;near_num_predict_char_risk,multiple_code_fences_used_longest,
qwen2.5-coder:32b,no_review,crn-011829,2489,505,unclosed_code_fence;near_num_predict_char_risk,multiple_code_fences_used_longest,
qwen2.5-coder:32b,no_review,crn-004819,1864,345,unclosed_code_fence;near_num_predict_char_risk,multiple_code_fences_used_longest,
qwen2.5-coder:32b,no_review,crn-004582,2098,539,unclosed_code_fence;near_num_predict_char_risk,multiple_code_fences_used_longest,
qwen2.5-coder:32b,no_review,crn-003091,1579,693,unclosed_code_fence,multiple_code_fences_used_longest,
qwen2.5-coder:32b,no_review,crn-009104,1590,454,unclosed_code_fence,multiple_code_fences_used_longest,
qwen2.5-coder:32b,no_review,crn-011783,2391,546,unclosed_code_fence;near_num_predict_char_risk,multiple_code_fences_used_longest,
qwen2.5-coder:32b,no_review,crn-008709,1992,276,unclosed_code_fence;near_num_predict_char_risk,multiple_code_fences_used_longest,
qwen2.5-coder:32b,no_review,crn-012589,2146,301,near_num_predict_char_risk,multiple_code_fences_used_longest,
qwen2.5-coder:32b,no_review,crn-010705,2038,337,unclosed_code_fence;near_num_predict_char_risk,multiple_code_fences_used_longest,
qwen2.5-coder:32b,no_review,crn-012703,2027,319,unclosed_code_fence;near_num_predict_char_risk,multiple_code_fences_used_longest,
qwen2.5-coder:32b,no_review,crn-010982,2272,427,unclosed_code_fence;near_num_predict_char_risk,multiple_code_fences_used_longest,
qwen2.5-coder:32b,no_review,crn-006467,2404,237,unclosed_code_fence;near_num_predict_char_risk,multiple_code_fences_used_longest,
qwen2.5-coder:32b,no_review,crn-010098,2357,369,unclosed_code_fence;near_num_predict_char_risk,multiple_code_fences_used_longest,
qwen2.5-coder:32b,no_review,crn-000956,1957,283,unclosed_code_fence;near_num_predict_char_risk,multiple_code_fences_used_longest,
qwen2.5-coder:32b,no_review,crn-013526,2533,816,unclosed_code_fence;near_num_predict_char_risk,multiple_code_fences_used_longest,
qwen2.5-coder:32b,no_review,crn-010984,2021,230,unclosed_code_fence;near_num_predict_char_risk,multiple_code_fences_used_longest,
qwen2.5-coder:32b,no_review,crn-014625,1461,678,unclosed_code_fence,extracted_from_code_fence,
qwen2.5-coder:32b,no_review,crn-014135,2309,561,near_num_predict_char_risk,multiple_code_fences_used_longest,
qwen2.5-coder:32b,no_review,crn-004460,2111,663,near_num_predict_char_risk,multiple_code_fences_used_longest,
qwen2.5-coder:32b,no_review,crn-000548,2683,944,unclosed_code_fence;near_num_predict_char_risk,multiple_code_fences_used_longest,
qwen2.5-coder:32b,no_review,crn-005320,2133,366,unclosed_code_fence;near_num_predict_char_risk,multiple_code_fences_used_longest,
qwen2.5-coder:32b,no_review,crn-011283,2072,270,unclosed_code_fence;near_num_predict_char_risk,multiple_code_fences_used_longest,
qwen2.5-coder:32b,no_review,crn-002472,1831,274,unclosed_code_fence;near_num_predict_char_risk,multiple_code_fences_used_longest,
qwen2.5-coder:32b,no_review,crn-007374,2375,432,unclosed_code_fence;near_num_predict_char_risk,multiple_code_fences_used_longest,
qwen2.5-coder:32b,no_review,crn-007929,2284,430,unclosed_code_fence;near_num_predict_char_risk,multiple_code_fences_used_longest,
qwen2.5-coder:32b,no_review,crn-001696,1996,416,unclosed_code_fence;near_num_predict_char_risk,multiple_code_fences_used_longest,
qwen2.5-coder:32b,no_review,crn-010661,2191,300,unclosed_code_fence;near_num_predict_char_risk,multiple_code_fences_used_longest,
qwen2.5-coder:32b,no_review,crn-011029,1888,329,unclosed_code_fence;near_num_predict_char_risk,multiple_code_fences_used_longest,
qwen2.5-coder:32b,no_review,crn-011953,2312,311,unclosed_code_fence;near_num_predict_char_risk,multiple_code_fences_used_longest,
qwen2.5-coder:32b,no_review,crn-014752,2228,276,unclosed_code_fence;near_num_predict_char_risk,multiple_code_fences_used_longest,
qwen2.5-coder:32b,no_review,crn-010612,2066,767,unclosed_code_fence;near_num_predict_char_risk,multiple_code_fences_used_longest,
qwen2.5-coder:32b,no_review,crn-009679,2343,418,unclosed_code_fence;near_num_predict_char_risk,multiple_code_fences_used_longest,
qwen2.5-coder:32b,no_review,crn-010604,2222,256,unclosed_code_fence;near_num_predict_char_risk,multiple_code_fences_used_longest,
qwen2.5-coder:32b,no_review,crn-002316,1984,611,unclosed_code_fence;near_num_predict_char_risk,multiple_code_fences_used_longest,
qwen2.5-coder:32b,no_review,crn-014060,1926,510,unclosed_code_fence;near_num_predict_char_risk,multiple_code_fences_used_longest,
qwen2.5-coder:32b,no_review,crn-006354,2648,746,unclosed_code_fence;near_num_predict_char_risk,multiple_code_fences_used_longest,
qwen2.5-coder:32b,no_review,crn-006538,1464,303,unclosed_code_fence,multiple_code_fences_used_longest,
qwen2.5-coder:32b,no_review,crn-008198,2359,370,unclosed_code_fence;near_num_predict_char_risk,multiple_code_fences_used_longest,
qwen2.5-coder:32b,no_review,crn-013755,2019,302,unclosed_code_fence;near_num_predict_char_risk,multiple_code_fences_used_longest,
qwen2.5-coder:32b,no_review,crn-006909,2379,292,unclosed_code_fence;near_num_predict_char_risk,multiple_code_fences_used_longest,
qwen2.5-coder:32b,no_review,crn-001546,2214,661,unclosed_code_fence;near_num_predict_char_risk,multiple_code_fences_used_longest,
qwen2.5-coder:32b,no_review,crn-008192,2404,569,unclosed_code_fence;near_num_predict_char_risk,multiple_code_fences_used_longest,
qwen2.5-coder:32b,no_review,crn-014624,894,21,unclosed_code_fence,extracted_from_code_fence,
qwen2.5-coder:32b,no_review,crn-009181,1752,506,unclosed_code_fence,multiple_code_fences_used_longest,
qwen2.5-coder:32b,no_review,crn-008487,2408,523,unclosed_code_fence;near_num_predict_char_risk,multiple_code_fences_used_longest,
qwen2.5-coder:32b,no_review,crn-009808,2605,343,unclosed_code_fence;near_num_predict_char_risk,multiple_code_fences_used_longest,
qwen2.5-coder:32b,no_review,crn-009534,2078,1113,unclosed_code_fence;near_num_predict_char_risk,extracted_from_code_fence,
qwen2.5-coder:32b,no_review,crn-010316,1728,545,unclosed_code_fence,multiple_code_fences_used_longest,
qwen2.5-coder:32b,no_review,crn-004668,2416,355,unclosed_code_fence;near_num_predict_char_risk,multiple_code_fences_used_longest,
qwen2.5-coder:32b,no_review,crn-014222,2325,352,unclosed_code_fence;near_num_predict_char_risk,multiple_code_fences_used_longest,
qwen2.5-coder:32b,no_review,crn-002870,1999,414,unclosed_code_fence;near_num_predict_char_risk,multiple_code_fences_used_longest,
qwen2.5-coder:32b,no_review,crn-005719,2139,342,unclosed_code_fence;near_num_predict_char_risk,multiple_code_fences_used_longest,
qwen2.5-coder:32b,no_review,crn-008609,1843,397,near_num_predict_char_risk,multiple_code_fences_used_longest,
qwen2.5-coder:32b,no_review,crn-014435,2208,225,unclosed_code_fence;near_num_predict_char_risk,multiple_code_fences_used_longest,
qwen2.5-coder:32b,no_review,crn-001818,2359,524,unclosed_code_fence;near_num_predict_char_risk,multiple_code_fences_used_longest,
qwen2.5-coder:32b,no_review,crn-001124,2288,368,unclosed_code_fence;near_num_predict_char_risk,multiple_code_fences_used_longest,
qwen2.5-coder:32b,no_review,crn-000045,2501,359,unclosed_code_fence;near_num_predict_char_risk,multiple_code_fences_used_longest,
qwen2.5-coder:32b,no_review,crn-006440,2280,146,unclosed_code_fence;near_num_predict_char_risk,multiple_code_fences_used_longest,
qwen2.5-coder:32b,no_review,crn-004820,1822,196,unclosed_code_fence;near_num_predict_char_risk,multiple_code_fences_used_longest,
qwen2.5-coder:32b,no_review,crn-000073,1915,358,near_num_predict_char_risk,multiple_code_fences_used_longest,
qwen2.5-coder:32b,no_review,crn-006359,2313,251,unclosed_code_fence;near_num_predict_char_risk,multiple_code_fences_used_longest,
qwen2.5-coder:32b,no_review,crn-012188,2085,651,near_num_predict_char_risk,multiple_code_fences_used_longest,
qwen2.5-coder:32b,no_review,crn-006148,2005,217,unclosed_code_fence;near_num_predict_char_risk,multiple_code_fences_used_longest,
qwen2.5-coder:32b,no_review,crn-012895,2097,335,unclosed_code_fence;near_num_predict_char_risk,multiple_code_fences_used_longest,
qwen2.5-coder:32b,no_review,crn-008137,2450,369,unclosed_code_fence;near_num_predict_char_risk,multiple_code_fences_used_longest,
qwen2.5-coder:32b,no_review,crn-013690,2318,254,unclosed_code_fence;near_num_predict_char_risk,multiple_code_fences_used_longest,
qwen2.5-coder:32b,no_review,crn-014609,2142,255,unclosed_code_fence;near_num_predict_char_risk,multiple_code_fences_used_longest,
qwen2.5-coder:32b,no_review,crn-011891,1902,928,unclosed_code_fence;near_num_predict_char_risk,extracted_from_code_fence,
qwen2.5-coder:32b,no_review,crn-002256,1967,411,unclosed_code_fence;near_num_predict_char_risk,multiple_code_fences_used_longest,
qwen2.5-coder:32b,no_review,crn-014661,2801,491,unclosed_code_fence;near_num_predict_char_risk,multiple_code_fences_used_longest,
qwen2.5-coder:32b,no_review,crn-012578,2182,397,unclosed_code_fence;near_num_predict_char_risk,multiple_code_fences_used_longest,
qwen2.5-coder:32b,no_review,crn-012210,2337,257,near_num_predict_char_risk,multiple_code_fences_used_longest,
qwen2.5-coder:32b,no_review,crn-006572,2801,436,unclosed_code_fence;near_num_predict_char_risk,multiple_code_fences_used_longest,
qwen2.5-coder:32b,no_review,crn-002054,2833,965,unclosed_code_fence;near_num_predict_char_risk,multiple_code_fences_used_longest,
qwen2.5-coder:32b,no_review,crn-004493,2278,290,unclosed_code_fence;near_num_predict_char_risk,multiple_code_fences_used_longest,
qwen2.5-coder:32b,no_review,crn-005660,2111,238,unclosed_code_fence;near_num_predict_char_risk,multiple_code_fences_used_longest,
qwen2.5-coder:32b,no_review,crn-005138,1855,476,unclosed_code_fence;near_num_predict_char_risk,multiple_code_fences_used_longest,
qwen2.5-coder:32b,no_review,crn-007191,1456,171,unclosed_code_fence,multiple_code_fences_used_longest,
qwen2.5-coder:32b,no_review,crn-007447,2214,1045,near_num_predict_char_risk,multiple_code_fences_used_longest,
qwen2.5-coder:32b,no_review,crn-011411,2100,581,unclosed_code_fence;near_num_predict_char_risk,multiple_code_fences_used_longest,
qwen2.5-coder:32b,no_review,crn-014473,2198,635,unclosed_code_fence;near_num_predict_char_risk,multiple_code_fences_used_longest,
qwen2.5-coder:32b,no_review,crn-000767,2297,1135,near_num_predict_char_risk,multiple_code_fences_used_longest,
qwen2.5-coder:32b,no_review,crn-005584,2162,401,unclosed_code_fence;near_num_predict_char_risk,multiple_code_fences_used_longest,
qwen2.5-coder:32b,no_review,crn-010596,1998,640,near_num_predict_char_risk,multiple_code_fences_used_longest,
qwen2.5-coder:32b,no_review,crn-014176,2809,381,unclosed_code_fence;near_num_predict_char_risk,multiple_code_fences_used_longest,
qwen2.5-coder:32b,no_review,crn-001685,2451,256,unclosed_code_fence;near_num_predict_char_risk,multiple_code_fences_used_longest,
qwen2.5-coder:32b,no_review,crn-003140,1914,867,near_num_predict_char_risk,multiple_code_fences_used_longest,
qwen2.5-coder:32b,no_review,crn-003219,2035,540,unclosed_code_fence;near_num_predict_char_risk,multiple_code_fences_used_longest,
qwen2.5-coder:32b,no_review,crn-007507,2547,614,unclosed_code_fence;near_num_predict_char_risk,multiple_code_fences_used_longest,
qwen2.5-coder:32b,no_review,crn-008684,1852,748,near_num_predict_char_risk,multiple_code_fences_used_longest,
qwen2.5-coder:32b,no_review,crn-008756,2329,257,unclosed_code_fence;near_num_predict_char_risk,multiple_code_fences_used_longest,
qwen2.5-coder:32b,no_review,crn-009245,2213,183,near_num_predict_char_risk,multiple_code_fences_used_longest,
qwen2.5-coder:32b,no_review,crn-003439,2237,552,unclosed_code_fence;near_num_predict_char_risk,multiple_code_fences_used_longest,
qwen2.5-coder:32b,no_review,crn-000707,2146,439,near_num_predict_char_risk,multiple_code_fences_used_longest,
qwen2.5-coder:32b,no_review,crn-014908,2193,500,unclosed_code_fence;near_num_predict_char_risk,multiple_code_fences_used_longest,
qwen2.5-coder:32b,no_review,crn-005501,2323,336,unclosed_code_fence;near_num_predict_char_risk,multiple_code_fences_used_longest,
qwen2.5-coder:32b,no_review,crn-006104,1509,1508,unclosed_code_fence,no_code_fence_used_raw_text,
qwen2.5-coder:32b,no_review,crn-002856,2269,199,unclosed_code_fence;near_num_predict_char_risk,multiple_code_fences_used_longest,
qwen2.5-coder:32b,no_review,crn-005848,2285,555,unclosed_code_fence;near_num_predict_char_risk,multiple_code_fences_used_longest,
qwen2.5-coder:32b,no_review,crn-001622,1998,644,near_num_predict_char_risk,multiple_code_fences_used_longest,
qwen2.5-coder:32b,no_review,crn-008157,2223,388,unclosed_code_fence;near_num_predict_char_risk,multiple_code_fences_used_longest,
qwen2.5-coder:32b,no_review,crn-009891,2552,437,unclosed_code_fence;near_num_predict_char_risk,multiple_code_fences_used_longest,
qwen2.5-coder:32b,no_review,crn-010438,2306,483,unclosed_code_fence;near_num_predict_char_risk,multiple_code_fences_used_longest,
qwen2.5-coder:32b,no_review,crn-011325,1850,300,unclosed_code_fence;near_num_predict_char_risk,multiple_code_fences_used_longest,
qwen2.5-coder:32b,no_review,crn-002612,1529,227,unclosed_code_fence,multiple_code_fences_used_longest,
qwen2.5-coder:32b,no_review,crn-010964,2029,319,near_num_predict_char_risk,multiple_code_fences_used_longest,
qwen2.5-coder:32b,no_review,crn-005931,2087,564,unclosed_code_fence;near_num_predict_char_risk,multiple_code_fences_used_longest,
qwen2.5-coder:32b,no_review,crn-012721,2121,235,unclosed_code_fence;near_num_predict_char_risk,multiple_code_fences_used_longest,
qwen2.5-coder:32b,no_review,crn-009710,2316,269,unclosed_code_fence;near_num_predict_char_risk,multiple_code_fences_used_longest,
qwen2.5-coder:32b,no_review,crn-001812,1830,370,near_num_predict_char_risk,multiple_code_fences_used_longest,
qwen2.5-coder:32b,no_review,crn-001674,2438,356,near_num_predict_char_risk,multiple_code_fences_used_longest,
qwen2.5-coder:32b,no_review,crn-007831,2001,522,unclosed_code_fence;near_num_predict_char_risk,multiple_code_fences_used_longest,
qwen2.5-coder:32b,no_review,crn-011907,2750,1044,unclosed_code_fence;near_num_predict_char_risk,multiple_code_fences_used_longest,
qwen2.5-coder:32b,no_review,crn-011442,2265,326,unclosed_code_fence;near_num_predict_char_risk,multiple_code_fences_used_longest,
qwen2.5-coder:32b,no_review,crn-012657,2054,244,unclosed_code_fence;near_num_predict_char_risk,multiple_code_fences_used_longest,
qwen2.5-coder:32b,no_review,crn-008067,2376,437,unclosed_code_fence;near_num_predict_char_risk,multiple_code_fences_used_longest,
qwen2.5-coder:32b,no_review,crn-005214,2007,461,unclosed_code_fence;near_num_predict_char_risk,multiple_code_fences_used_longest,
qwen2.5-coder:32b,no_review,crn-011940,2153,267,unclosed_code_fence;near_num_predict_char_risk,multiple_code_fences_used_longest,
qwen2.5-coder:32b,no_review,crn-007870,1782,215,unclosed_code_fence,multiple_code_fences_used_longest,
qwen2.5-coder:32b,no_review,crn-001076,1867,296,unclosed_code_fence;near_num_predict_char_risk,multiple_code_fences_used_longest,
qwen2.5-coder:32b,no_review,crn-005538,1908,140,unclosed_code_fence;near_num_predict_char_risk,multiple_code_fences_used_longest,
qwen2.5-coder:32b,no_review,crn-014843,2010,421,unclosed_code_fence;near_num_predict_char_risk,multiple_code_fences_used_longest,
qwen2.5-coder:32b,no_review,crn-007764,2246,225,unclosed_code_fence;near_num_predict_char_risk,multiple_code_fences_used_longest,
qwen2.5-coder:32b,no_review,crn-005041,2210,269,unclosed_code_fence;near_num_predict_char_risk,multiple_code_fences_used_longest,
qwen2.5-coder:32b,no_review,crn-001981,2769,425,unclosed_code_fence;near_num_predict_char_risk,multiple_code_fences_used_longest,
qwen2.5-coder:32b,no_review,crn-012584,2335,365,unclosed_code_fence;near_num_predict_char_risk,multiple_code_fences_used_longest,
qwen2.5-coder:32b,no_review,crn-007593,2543,700,unclosed_code_fence;near_num_predict_char_risk,multiple_code_fences_used_longest,
qwen2.5-coder:32b,no_review,crn-007620,2114,294,unclosed_code_fence;near_num_predict_char_risk,multiple_code_fences_used_longest,
qwen2.5-coder:32b,no_review,crn-001617,2288,824,unclosed_code_fence;near_num_predict_char_risk,multiple_code_fences_used_longest,
qwen2.5-coder:32b,no_review,crn-001438,2153,401,unclosed_code_fence;near_num_predict_char_risk,multiple_code_fences_used_longest,
qwen2.5-coder:32b,no_review,crn-007189,1969,650,near_num_predict_char_risk,multiple_code_fences_used_longest,
qwen2.5-coder:32b,no_review,crn-005026,2117,578,unclosed_code_fence;near_num_predict_char_risk,multiple_code_fences_used_longest,
qwen2.5-coder:32b,no_review,crn-006905,1925,384,unclosed_code_fence;near_num_predict_char_risk,multiple_code_fences_used_longest,
qwen2.5-coder:32b,no_review,crn-003629,2206,242,near_num_predict_char_risk,multiple_code_fences_used_longest,
qwen2.5-coder:32b,no_review,crn-000947,2230,676,unclosed_code_fence;near_num_predict_char_risk,multiple_code_fences_used_longest,
qwen2.5-coder:32b,no_review,crn-008289,2447,493,near_num_predict_char_risk,multiple_code_fences_used_longest,
qwen2.5-coder:32b,no_review,crn-009253,1864,215,unclosed_code_fence;near_num_predict_char_risk,multiple_code_fences_used_longest,
qwen2.5-coder:32b,no_review,crn-012215,2146,428,unclosed_code_fence;near_num_predict_char_risk,multiple_code_fences_used_longest,
qwen2.5-coder:32b,no_review,crn-006285,1765,396,unclosed_code_fence,multiple_code_fences_used_longest,
qwen2.5-coder:32b,no_review,crn-000055,1862,274,near_num_predict_char_risk,multiple_code_fences_used_longest,
qwen2.5-coder:32b,no_review,crn-009718,1959,508,near_num_predict_char_risk,multiple_code_fences_used_longest,
qwen2.5-coder:32b,no_review,crn-012370,2494,392,unclosed_code_fence;near_num_predict_char_risk,multiple_code_fences_used_longest,
qwen2.5-coder:32b,no_review,crn-007392,2193,928,near_num_predict_char_risk,multiple_code_fences_used_longest,
qwen2.5-coder:32b,no_review,crn-006690,1915,257,near_num_predict_char_risk,multiple_code_fences_used_longest,
qwen2.5-coder:32b,no_review,crn-003844,2500,1016,unclosed_code_fence;near_num_predict_char_risk,multiple_code_fences_used_longest,
qwen2.5-coder:32b,no_review,crn-003451,2095,433,unclosed_code_fence;near_num_predict_char_risk,multiple_code_fences_used_longest,
qwen2.5-coder:32b,no_review,crn-012846,1955,256,unclosed_code_fence;near_num_predict_char_risk,multiple_code_fences_used_longest,
qwen2.5-coder:32b,no_review,crn-011324,1716,317,unclosed_code_fence,multiple_code_fences_used_longest,
qwen2.5-coder:32b,no_review,crn-000472,487,486,unclosed_code_fence,no_code_fence_used_raw_text,
qwen2.5-coder:32b,no_review,crn-004177,1635,1634,unclosed_code_fence,no_code_fence_used_raw_text,
qwen2.5-coder:32b,no_review,crn-010543,2152,799,unclosed_code_fence;near_num_predict_char_risk,extracted_from_code_fence,
qwen2.5-coder:32b,no_review,crn-013252,1652,371,unclosed_code_fence,multiple_code_fences_used_longest,
qwen2.5-coder:32b,no_review,crn-008021,1579,395,unclosed_code_fence,multiple_code_fences_used_longest,
qwen2.5-coder:32b,no_review,crn-012977,2565,490,unclosed_code_fence;near_num_predict_char_risk,multiple_code_fences_used_longest,
qwen2.5-coder:32b,no_review,crn-013633,2988,482,unclosed_code_fence;near_num_predict_char_risk,multiple_code_fences_used_longest,
qwen2.5-coder:32b,no_review,crn-011806,2681,323,unclosed_code_fence;near_num_predict_char_risk,multiple_code_fences_used_longest,
qwen2.5-coder:32b,no_review,crn-000499,2341,354,unclosed_code_fence;near_num_predict_char_risk,multiple_code_fences_used_longest,
qwen2.5-coder:32b,no_review,crn-010372,2597,602,unclosed_code_fence;near_num_predict_char_risk,multiple_code_fences_used_longest,
qwen2.5-coder:32b,no_review,crn-008549,2634,389,unclosed_code_fence;near_num_predict_char_risk,multiple_code_fences_used_longest,
qwen2.5-coder:32b,no_review,crn-009563,2107,683,near_num_predict_char_risk,multiple_code_fences_used_longest,
qwen2.5-coder:32b,no_review,crn-000888,2901,704,unclosed_code_fence;near_num_predict_char_risk,multiple_code_fences_used_longest,
qwen2.5-coder:32b,no_review,crn-010608,2253,332,unclosed_code_fence;near_num_predict_char_risk,multiple_code_fences_used_longest,
qwen2.5-coder:32b,no_review,crn-010309,2047,358,unclosed_code_fence;near_num_predict_char_risk,multiple_code_fences_used_longest,
qwen2.5-coder:32b,no_review,crn-009381,2035,321,unclosed_code_fence;near_num_predict_char_risk,multiple_code_fences_used_longest,
qwen2.5-coder:32b,no_review,crn-000460,2495,410,unclosed_code_fence;near_num_predict_char_risk,multiple_code_fences_used_longest,
qwen2.5-coder:32b,no_review,crn-011203,1899,698,unclosed_code_fence;near_num_predict_char_risk,multiple_code_fences_used_longest,
qwen2.5-coder:32b,no_review,crn-005570,1931,280,unclosed_code_fence;near_num_predict_char_risk,multiple_code_fences_used_longest,
qwen2.5-coder:32b,no_review,crn-005165,2511,370,unclosed_code_fence;near_num_predict_char_risk,multiple_code_fences_used_longest,
qwen2.5-coder:32b,no_review,crn-012761,1804,183,unclosed_code_fence;near_num_predict_char_risk,multiple_code_fences_used_longest,
qwen2.5-coder:32b,no_review,crn-006864,2387,658,unclosed_code_fence;near_num_predict_char_risk,multiple_code_fences_used_longest,
qwen2.5-coder:32b,no_review,crn-007827,1886,320,unclosed_code_fence;near_num_predict_char_risk,multiple_code_fences_used_longest,
qwen2.5-coder:32b,no_review,crn-014694,2321,330,unclosed_code_fence;near_num_predict_char_risk,multiple_code_fences_used_longest,
qwen2.5-coder:32b,no_review,crn-010613,2066,767,unclosed_code_fence;near_num_predict_char_risk,multiple_code_fences_used_longest,
qwen2.5-coder:32b,no_review,crn-002065,2375,799,unclosed_code_fence;near_num_predict_char_risk,multiple_code_fences_used_longest,
qwen2.5-coder:32b,no_review,crn-004969,1708,359,unclosed_code_fence,multiple_code_fences_used_longest,
qwen2.5-coder:32b,no_review,crn-002061,2471,630,unclosed_code_fence;near_num_predict_char_risk,multiple_code_fences_used_longest,
qwen2.5-coder:32b,no_review,crn-005712,2092,495,unclosed_code_fence;near_num_predict_char_risk,multiple_code_fences_used_longest,
qwen2.5-coder:32b,no_review,crn-007744,1965,401,unclosed_code_fence;near_num_predict_char_risk,multiple_code_fences_used_longest,
qwen2.5-coder:32b,no_review,crn-007066,2241,148,unclosed_code_fence;near_num_predict_char_risk,multiple_code_fences_used_longest,
qwen2.5-coder:32b,no_review,crn-003699,2029,294,unclosed_code_fence;near_num_predict_char_risk,multiple_code_fences_used_longest,
qwen2.5-coder:32b,no_review,crn-006408,1722,330,unclosed_code_fence,multiple_code_fences_used_longest,
qwen2.5-coder:32b,no_review,crn-009944,2649,634,unclosed_code_fence;near_num_predict_char_risk,multiple_code_fences_used_longest,
qwen2.5-coder:32b,no_review,crn-011780,2062,314,unclosed_code_fence;near_num_predict_char_risk,multiple_code_fences_used_longest,
qwen2.5-coder:32b,no_review,crn-010843,1765,785,unclosed_code_fence,multiple_code_fences_used_longest,
qwen2.5-coder:32b,no_review,crn-003845,2376,344,unclosed_code_fence;near_num_predict_char_risk,multiple_code_fences_used_longest,
qwen2.5-coder:32b,no_review,crn-003351,2289,442,unclosed_code_fence;near_num_predict_char_risk,multiple_code_fences_used_longest,
qwen2.5-coder:32b,no_review,crn-003565,1875,223,unclosed_code_fence;near_num_predict_char_risk,multiple_code_fences_used_longest,
qwen2.5-coder:32b,no_review,crn-014721,2330,225,near_num_predict_char_risk,multiple_code_fences_used_longest,
qwen2.5-coder:32b,no_review,crn-008208,2521,383,unclosed_code_fence;near_num_predict_char_risk,multiple_code_fences_used_longest,
qwen2.5-coder:32b,no_review,crn-012691,2132,265,unclosed_code_fence;near_num_predict_char_risk,multiple_code_fences_used_longest,
qwen2.5-coder:32b,no_review,crn-000192,1940,501,unclosed_code_fence;near_num_predict_char_risk,multiple_code_fences_used_longest,
qwen2.5-coder:32b,no_review,crn-010300,1822,525,near_num_predict_char_risk,multiple_code_fences_used_longest,
qwen2.5-coder:32b,no_review,crn-009866,2610,416,unclosed_code_fence;near_num_predict_char_risk,multiple_code_fences_used_longest,
qwen2.5-coder:32b,no_review,crn-009306,1549,375,unclosed_code_fence,multiple_code_fences_used_longest,
qwen2.5-coder:32b,no_review,crn-001828,2004,342,unclosed_code_fence;near_num_predict_char_risk,multiple_code_fences_used_longest,
qwen2.5-coder:32b,no_review,crn-010699,2159,471,unclosed_code_fence;near_num_predict_char_risk,multiple_code_fences_used_longest,
qwen2.5-coder:32b,no_review,crn-012324,2158,438,unclosed_code_fence;near_num_predict_char_risk,multiple_code_fences_used_longest,
qwen2.5-coder:32b,no_review,crn-014857,2094,173,near_num_predict_char_risk,multiple_code_fences_used_longest,
qwen2.5-coder:32b,no_review,crn-000016,2442,427,near_num_predict_char_risk,multiple_code_fences_used_longest,
qwen2.5-coder:32b,no_review,crn-010281,2115,879,unclosed_code_fence;near_num_predict_char_risk,multiple_code_fences_used_longest,
qwen2.5-coder:32b,no_review,crn-002823,1752,205,unclosed_code_fence,multiple_code_fences_used_longest,
qwen2.5-coder:32b,no_review,crn-013436,2611,806,near_num_predict_char_risk,multiple_code_fences_used_longest,
qwen2.5-coder:32b,no_review,crn-007305,2609,364,unclosed_code_fence;near_num_predict_char_risk,multiple_code_fences_used_longest,
qwen2.5-coder:32b,no_review,crn-013190,2228,628,unclosed_code_fence;near_num_predict_char_risk,multiple_code_fences_used_longest,
qwen2.5-coder:32b,no_review,crn-007425,2691,446,unclosed_code_fence;near_num_predict_char_risk,multiple_code_fences_used_longest,
qwen2.5-coder:32b,no_review,crn-001151,1981,483,unclosed_code_fence;near_num_predict_char_risk,multiple_code_fences_used_longest,
qwen2.5-coder:32b,no_review,crn-005321,2003,499,unclosed_code_fence;near_num_predict_char_risk,multiple_code_fences_used_longest,
qwen2.5-coder:32b,no_review,crn-001333,1961,380,unclosed_code_fence;near_num_predict_char_risk,multiple_code_fences_used_longest,
qwen2.5-coder:32b,no_review,crn-010373,2239,468,unclosed_code_fence;near_num_predict_char_risk,multiple_code_fences_used_longest,
qwen2.5-coder:32b,no_review,crn-012534,2197,252,unclosed_code_fence;near_num_predict_char_risk,multiple_code_fences_used_longest,
qwen2.5-coder:32b,no_review,crn-001382,2223,276,unclosed_code_fence;near_num_predict_char_risk,multiple_code_fences_used_longest,
qwen2.5-coder:32b,no_review,crn-005274,1893,307,unclosed_code_fence;near_num_predict_char_risk,multiple_code_fences_used_longest,
qwen2.5-coder:32b,no_review,crn-011813,2101,481,unclosed_code_fence;near_num_predict_char_risk,multiple_code_fences_used_longest,
qwen2.5-coder:32b,no_review,crn-009908,2382,322,unclosed_code_fence;near_num_predict_char_risk,multiple_code_fences_used_longest,
qwen2.5-coder:32b,no_review,crn-004453,2578,1304,unclosed_code_fence;near_num_predict_char_risk,multiple_code_fences_used_longest,
qwen2.5-coder:32b,no_review,crn-010484,1999,327,unclosed_code_fence;near_num_predict_char_risk,multiple_code_fences_used_longest,
qwen2.5-coder:32b,no_review,crn-004564,2120,285,unclosed_code_fence;near_num_predict_char_risk,multiple_code_fences_used_longest,
qwen2.5-coder:32b,no_review,crn-012560,1999,624,unclosed_code_fence;near_num_predict_char_risk,multiple_code_fences_used_longest,
qwen2.5-coder:32b,no_review,crn-006095,2100,209,unclosed_code_fence;near_num_predict_char_risk,multiple_code_fences_used_longest,
qwen2.5-coder:32b,no_review,crn-014151,1559,183,unclosed_code_fence,multiple_code_fences_used_longest,
qwen2.5-coder:32b,no_review,crn-000946,2230,676,unclosed_code_fence;near_num_predict_char_risk,multiple_code_fences_used_longest,
qwen2.5-coder:32b,no_review,crn-014488,2210,475,unclosed_code_fence;near_num_predict_char_risk,multiple_code_fences_used_longest,
qwen2.5-coder:32b,no_review,crn-000225,2453,502,unclosed_code_fence;near_num_predict_char_risk,multiple_code_fences_used_longest,
qwen2.5-coder:32b,no_review,crn-006066,2349,261,unclosed_code_fence;near_num_predict_char_risk,multiple_code_fences_used_longest,
qwen2.5-coder:32b,no_review,crn-005644,2383,310,unclosed_code_fence;near_num_predict_char_risk,multiple_code_fences_used_longest,
qwen2.5-coder:32b,no_review,crn-012430,1825,523,unclosed_code_fence;near_num_predict_char_risk,multiple_code_fences_used_longest,
qwen2.5-coder:32b,no_review,crn-010003,1871,656,unclosed_code_fence;near_num_predict_char_risk,multiple_code_fences_used_longest,
qwen2.5-coder:32b,no_review,crn-009352,2060,305,unclosed_code_fence;near_num_predict_char_risk,multiple_code_fences_used_longest,
qwen2.5-coder:32b,no_review,crn-007087,1830,325,unclosed_code_fence;near_num_predict_char_risk,multiple_code_fences_used_longest,
qwen2.5-coder:32b,no_review,crn-007482,3024,588,unclosed_code_fence;near_num_predict_char_risk,multiple_code_fences_used_longest,
qwen2.5-coder:32b,no_review,crn-006369,1865,564,unclosed_code_fence;near_num_predict_char_risk,multiple_code_fences_used_longest,
qwen2.5-coder:32b,no_review,crn-008475,2440,254,unclosed_code_fence;near_num_predict_char_risk,multiple_code_fences_used_longest,
qwen2.5-coder:32b,no_review,crn-005858,1880,329,unclosed_code_fence;near_num_predict_char_risk,multiple_code_fences_used_longest,
qwen2.5-coder:32b,no_review,crn-000990,2343,281,unclosed_code_fence;near_num_predict_char_risk,multiple_code_fences_used_longest,
qwen2.5-coder:32b,no_review,crn-009571,2227,494,unclosed_code_fence;near_num_predict_char_risk,multiple_code_fences_used_longest,
qwen2.5-coder:32b,no_review,crn-008553,2686,928,unclosed_code_fence;near_num_predict_char_risk,multiple_code_fences_used_longest,
qwen2.5-coder:32b,no_review,crn-011391,1922,487,unclosed_code_fence;near_num_predict_char_risk,multiple_code_fences_used_longest,
qwen2.5-coder:32b,no_review,crn-001588,2733,852,unclosed_code_fence;near_num_predict_char_risk,multiple_code_fences_used_longest,
qwen2.5-coder:32b,no_review,crn-012142,2487,505,unclosed_code_fence;near_num_predict_char_risk,multiple_code_fences_used_longest,
qwen2.5-coder:32b,no_review,crn-004622,2014,194,unclosed_code_fence;near_num_predict_char_risk,multiple_code_fences_used_longest,
qwen2.5-coder:32b,no_review,crn-011229,1943,311,unclosed_code_fence;near_num_predict_char_risk,multiple_code_fences_used_longest,
qwen2.5-coder:32b,no_review,crn-010617,2130,583,unclosed_code_fence;near_num_predict_char_risk,multiple_code_fences_used_longest,
qwen2.5-coder:32b,no_review,crn-004457,2532,599,unclosed_code_fence;near_num_predict_char_risk,multiple_code_fences_used_longest,
qwen2.5-coder:32b,no_review,crn-011337,2171,491,near_num_predict_char_risk,multiple_code_fences_used_longest,
qwen2.5-coder:32b,no_review,crn-010539,2153,483,unclosed_code_fence;near_num_predict_char_risk,multiple_code_fences_used_longest,
qwen2.5-coder:32b,no_review,crn-008803,2319,521,unclosed_code_fence;near_num_predict_char_risk,multiple_code_fences_used_longest,
qwen2.5-coder:32b,no_review,crn-013136,1973,303,unclosed_code_fence;near_num_predict_char_risk,multiple_code_fences_used_longest,
qwen2.5-coder:32b,no_review,crn-006723,1669,369,unclosed_code_fence,multiple_code_fences_used_longest,
qwen2.5-coder:32b,no_review,crn-006302,620,224,unclosed_code_fence,extracted_from_code_fence,
qwen2.5-coder:32b,no_review,crn-010827,1639,192,unclosed_code_fence,multiple_code_fences_used_longest,
qwen2.5-coder:32b,no_review,crn-012769,2180,397,unclosed_code_fence;near_num_predict_char_risk,multiple_code_fences_used_longest,
qwen2.5-coder:32b,no_review,crn-007044,1956,642,unclosed_code_fence;near_num_predict_char_risk,multiple_code_fences_used_longest,
qwen2.5-coder:32b,no_review,crn-011375,1993,506,unclosed_code_fence;near_num_predict_char_risk,multiple_code_fences_used_longest,
qwen2.5-coder:32b,no_review,crn-001177,1264,289,unclosed_code_fence,multiple_code_fences_used_longest,
qwen2.5-coder:32b,no_review,crn-001171,1841,422,unclosed_code_fence;near_num_predict_char_risk,multiple_code_fences_used_longest,
qwen2.5-coder:32b,no_review,crn-007102,2105,628,unclosed_code_fence;near_num_predict_char_risk,multiple_code_fences_used_longest,
qwen2.5-coder:32b,no_review,crn-012509,2413,566,unclosed_code_fence;near_num_predict_char_risk,multiple_code_fences_used_longest,
qwen2.5-coder:32b,no_review,crn-004912,2270,454,unclosed_code_fence;near_num_predict_char_risk,multiple_code_fences_used_longest,
qwen2.5-coder:32b,no_review,crn-001190,1880,354,near_num_predict_char_risk,multiple_code_fences_used_longest,
qwen2.5-coder:32b,no_review,crn-004109,2199,387,unclosed_code_fence;near_num_predict_char_risk,multiple_code_fences_used_longest,
qwen2.5-coder:32b,no_review,crn-004605,1686,442,unclosed_code_fence,multiple_code_fences_used_longest,
qwen2.5-coder:32b,no_review,crn-004848,1019,604,unclosed_code_fence,extracted_from_code_fence,
qwen2.5-coder:32b,no_review,crn-008467,2653,236,unclosed_code_fence;near_num_predict_char_risk,multiple_code_fences_used_longest,
qwen2.5-coder:32b,no_review,crn-000759,2787,266,near_num_predict_char_risk,multiple_code_fences_used_longest,
qwen2.5-coder:32b,no_review,crn-008807,2257,283,unclosed_code_fence;near_num_predict_char_risk,multiple_code_fences_used_longest,
qwen2.5-coder:32b,no_review,crn-006086,2157,650,unclosed_code_fence;near_num_predict_char_risk,multiple_code_fences_used_longest,
qwen2.5-coder:32b,no_review,crn-008565,2640,448,unclosed_code_fence;near_num_predict_char_risk,multiple_code_fences_used_longest,
qwen2.5-coder:32b,no_review,crn-008240,2880,438,unclosed_code_fence;near_num_predict_char_risk,multiple_code_fences_used_longest,
qwen2.5-coder:32b,no_review,crn-007320,2375,399,unclosed_code_fence;near_num_predict_char_risk,multiple_code_fences_used_longest,
qwen2.5-coder:32b,no_review,crn-004392,2881,518,unclosed_code_fence;near_num_predict_char_risk,multiple_code_fences_used_longest,
qwen2.5-coder:32b,no_review,crn-008502,2591,630,unclosed_code_fence;near_num_predict_char_risk,multiple_code_fences_used_longest,
qwen2.5-coder:32b,no_review,crn-012608,2278,372,unclosed_code_fence;near_num_predict_char_risk,multiple_code_fences_used_longest,
qwen2.5-coder:32b,no_review,crn-008130,1866,336,near_num_predict_char_risk,multiple_code_fences_used_longest,
qwen2.5-coder:32b,no_review,crn-012114,2325,604,unclosed_code_fence;near_num_predict_char_risk,multiple_code_fences_used_longest,
qwen2.5-coder:32b,no_review,crn-010652,2607,536,unclosed_code_fence;near_num_predict_char_risk,multiple_code_fences_used_longest,
qwen2.5-coder:32b,no_review,crn-011393,2126,587,unclosed_code_fence;near_num_predict_char_risk,multiple_code_fences_used_longest,
qwen2.5-coder:32b,no_review,crn-006859,2228,313,unclosed_code_fence;near_num_predict_char_risk,multiple_code_fences_used_longest,
qwen2.5-coder:32b,no_review,crn-013758,2338,596,unclosed_code_fence;near_num_predict_char_risk,multiple_code_fences_used_longest,
qwen2.5-coder:32b,no_review,crn-000908,2392,421,near_num_predict_char_risk,multiple_code_fences_used_longest,
qwen2.5-coder:32b,no_review,crn-011258,2097,380,unclosed_code_fence;near_num_predict_char_risk,multiple_code_fences_used_longest,
qwen2.5-coder:32b,no_review,crn-010141,2507,618,unclosed_code_fence;near_num_predict_char_risk,multiple_code_fences_used_longest,
qwen2.5-coder:32b,no_review,crn-001991,2197,465,near_num_predict_char_risk,multiple_code_fences_used_longest,
qwen2.5-coder:32b,no_review,crn-008705,1919,379,unclosed_code_fence;near_num_predict_char_risk,multiple_code_fences_used_longest,
qwen2.5-coder:32b,no_review,crn-004287,2278,526,unclosed_code_fence;near_num_predict_char_risk,multiple_code_fences_used_longest,
qwen2.5-coder:32b,no_review,crn-011578,2192,979,unclosed_code_fence;near_num_predict_char_risk,multiple_code_fences_used_longest,
qwen2.5-coder:32b,no_review,crn-012460,1957,933,near_num_predict_char_risk,multiple_code_fences_used_longest,
qwen2.5-coder:32b,no_review,crn-001628,2541,463,unclosed_code_fence;near_num_predict_char_risk,multiple_code_fences_used_longest,
qwen2.5-coder:32b,no_review,crn-013621,2565,903,unclosed_code_fence;near_num_predict_char_risk,multiple_code_fences_used_longest,
qwen2.5-coder:32b,no_review,crn-002508,1876,598,unclosed_code_fence;near_num_predict_char_risk,multiple_code_fences_used_longest,
qwen2.5-coder:32b,no_review,crn-010213,2413,675,unclosed_code_fence;near_num_predict_char_risk,multiple_code_fences_used_longest,
qwen2.5-coder:32b,no_review,crn-001357,2613,618,unclosed_code_fence;near_num_predict_char_risk,multiple_code_fences_used_longest,
qwen2.5-coder:32b,no_review,crn-013503,1703,270,unclosed_code_fence,multiple_code_fences_used_longest,
qwen2.5-coder:32b,no_review,crn-012345,1847,569,near_num_predict_char_risk,multiple_code_fences_used_longest,
qwen2.5-coder:32b,no_review,crn-006139,2062,408,unclosed_code_fence;near_num_predict_char_risk,multiple_code_fences_used_longest,
qwen2.5-coder:32b,no_review,crn-006292,1910,1288,unclosed_code_fence;near_num_predict_char_risk,extracted_from_code_fence,
qwen2.5-coder:32b,no_review,crn-007646,2280,1123,unclosed_code_fence;near_num_predict_char_risk,extracted_from_code_fence,
qwen2.5-coder:32b,no_review,crn-006256,2511,454,unclosed_code_fence;near_num_predict_char_risk,multiple_code_fences_used_longest,
qwen2.5-coder:32b,no_review,crn-008620,1948,317,unclosed_code_fence;near_num_predict_char_risk,multiple_code_fences_used_longest,
qwen2.5-coder:32b,no_review,crn-009035,2208,328,unclosed_code_fence;near_num_predict_char_risk,multiple_code_fences_used_longest,
qwen2.5-coder:32b,no_review,crn-003903,2562,706,unclosed_code_fence;near_num_predict_char_risk,multiple_code_fences_used_longest,
qwen2.5-coder:32b,no_review,crn-011332,2345,592,unclosed_code_fence;near_num_predict_char_risk,multiple_code_fences_used_longest,
qwen2.5-coder:32b,no_review,crn-012392,2359,439,unclosed_code_fence;near_num_predict_char_risk,multiple_code_fences_used_longest,
qwen2.5-coder:32b,no_review,crn-003619,2429,618,unclosed_code_fence;near_num_predict_char_risk,multiple_code_fences_used_longest,
qwen2.5-coder:32b,no_review,crn-006037,2035,398,unclosed_code_fence;near_num_predict_char_risk,multiple_code_fences_used_longest,
qwen2.5-coder:32b,no_review,crn-008725,2335,365,unclosed_code_fence;near_num_predict_char_risk,multiple_code_fences_used_longest,
qwen2.5-coder:32b,no_review,crn-012685,2081,291,unclosed_code_fence;near_num_predict_char_risk,multiple_code_fences_used_longest,
qwen2.5-coder:32b,no_review,crn-000972,2215,252,unclosed_code_fence;near_num_predict_char_risk,multiple_code_fences_used_longest,
qwen2.5-coder:32b,no_review,crn-001379,2608,897,unclosed_code_fence;near_num_predict_char_risk,multiple_code_fences_used_longest,
qwen2.5-coder:32b,no_review,crn-000346,2435,381,unclosed_code_fence;near_num_predict_char_risk,multiple_code_fences_used_longest,
qwen2.5-coder:32b,no_review,crn-000838,2181,350,unclosed_code_fence;near_num_predict_char_risk,multiple_code_fences_used_longest,
qwen2.5-coder:32b,no_review,crn-008438,2323,524,near_num_predict_char_risk,multiple_code_fences_used_longest,
qwen2.5-coder:32b,no_review,crn-014077,1731,644,unclosed_code_fence,multiple_code_fences_used_longest,
qwen2.5-coder:32b,no_review,crn-008720,1938,249,unclosed_code_fence;near_num_predict_char_risk,multiple_code_fences_used_longest,
qwen2.5-coder:32b,no_review,crn-012803,1878,329,near_num_predict_char_risk,multiple_code_fences_used_longest,
qwen2.5-coder:32b,no_review,crn-005267,2003,364,unclosed_code_fence;near_num_predict_char_risk,multiple_code_fences_used_longest,
qwen2.5-coder:32b,no_review,crn-009012,1946,695,unclosed_code_fence;near_num_predict_char_risk,multiple_code_fences_used_longest,
qwen2.5-coder:32b,no_review,crn-010331,2066,439,unclosed_code_fence;near_num_predict_char_risk,multiple_code_fences_used_longest,
qwen2.5-coder:32b,no_review,crn-000830,2267,766,unclosed_code_fence;near_num_predict_char_risk,multiple_code_fences_used_longest,
qwen2.5-coder:32b,no_review,crn-009234,1908,447,unclosed_code_fence;near_num_predict_char_risk,multiple_code_fences_used_longest,
qwen2.5-coder:32b,no_review,crn-008363,2619,549,unclosed_code_fence;near_num_predict_char_risk,multiple_code_fences_used_longest,
qwen2.5-coder:32b,no_review,crn-003860,652,651,unclosed_code_fence,no_code_fence_used_raw_text,
qwen2.5-coder:32b,no_review,crn-012190,2613,535,unclosed_code_fence;near_num_predict_char_risk,multiple_code_fences_used_longest,
qwen2.5-coder:32b,no_review,crn-004181,208,207,unclosed_code_fence,no_code_fence_used_raw_text,
qwen2.5-coder:32b,no_review,crn-001813,2287,409,unclosed_code_fence;near_num_predict_char_risk,multiple_code_fences_used_longest,
qwen2.5-coder:32b,no_review,crn-012422,2805,474,unclosed_code_fence;near_num_predict_char_risk,multiple_code_fences_used_longest,
qwen2.5-coder:32b,no_review,crn-013419,2480,473,unclosed_code_fence;near_num_predict_char_risk,multiple_code_fences_used_longest,
qwen2.5-coder:32b,no_review,crn-004558,1570,399,unclosed_code_fence,multiple_code_fences_used_longest,
qwen2.5-coder:32b,no_review,crn-013618,2445,172,near_num_predict_char_risk,multiple_code_fences_used_longest,
qwen2.5-coder:32b,no_review,crn-006748,1902,594,unclosed_code_fence;near_num_predict_char_risk,multiple_code_fences_used_longest,
qwen2.5-coder:32b,no_review,crn-005924,1924,262,unclosed_code_fence;near_num_predict_char_risk,multiple_code_fences_used_longest,
qwen2.5-coder:32b,no_review,crn-008680,2117,591,unclosed_code_fence;near_num_predict_char_risk,multiple_code_fences_used_longest,
qwen2.5-coder:32b,no_review,crn-010027,2048,227,unclosed_code_fence;near_num_predict_char_risk,multiple_code_fences_used_longest,
qwen2.5-coder:32b,no_review,crn-012073,1824,330,unclosed_code_fence;near_num_predict_char_risk,multiple_code_fences_used_longest,
qwen2.5-coder:32b,no_review,crn-011749,1494,133,unclosed_code_fence,multiple_code_fences_used_longest,
qwen2.5-coder:32b,no_review,crn-011093,1926,376,unclosed_code_fence;near_num_predict_char_risk,multiple_code_fences_used_longest,
qwen2.5-coder:32b,no_review,crn-014141,2516,466,unclosed_code_fence;near_num_predict_char_risk,multiple_code_fences_used_longest,
qwen2.5-coder:32b,no_review,crn-013904,2456,400,unclosed_code_fence;near_num_predict_char_risk,multiple_code_fences_used_longest,
qwen2.5-coder:32b,no_review,crn-007239,2141,258,unclosed_code_fence;near_num_predict_char_risk,multiple_code_fences_used_longest,
qwen2.5-coder:32b,no_review,crn-001727,2018,318,near_num_predict_char_risk,multiple_code_fences_used_longest,
qwen2.5-coder:32b,no_review,crn-005994,2445,210,near_num_predict_char_risk,multiple_code_fences_used_longest,
qwen2.5-coder:32b,no_review,crn-006575,2101,626,near_num_predict_char_risk,multiple_code_fences_used_longest,
qwen2.5-coder:32b,no_review,crn-000116,2747,864,unclosed_code_fence;near_num_predict_char_risk,multiple_code_fences_used_longest,
qwen2.5-coder:32b,no_review,crn-001029,2208,311,unclosed_code_fence;near_num_predict_char_risk,multiple_code_fences_used_longest,
qwen2.5-coder:32b,no_review,crn-008562,3046,645,unclosed_code_fence;near_num_predict_char_risk,multiple_code_fences_used_longest,
qwen2.5-coder:32b,no_review,crn-003336,2173,324,unclosed_code_fence;near_num_predict_char_risk,multiple_code_fences_used_longest,
qwen2.5-coder:32b,no_review,crn-011105,1832,160,near_num_predict_char_risk,multiple_code_fences_used_longest,
qwen2.5-coder:32b,no_review,crn-008585,1954,350,unclosed_code_fence;near_num_predict_char_risk,multiple_code_fences_used_longest,
qwen2.5-coder:32b,no_review,crn-011849,1750,374,unclosed_code_fence,multiple_code_fences_used_longest,
qwen2.5-coder:32b,no_review,crn-010431,2437,476,unclosed_code_fence;near_num_predict_char_risk,multiple_code_fences_used_longest,
qwen2.5-coder:32b,no_review,crn-004978,1735,177,unclosed_code_fence,multiple_code_fences_used_longest,
qwen2.5-coder:32b,no_review,crn-013941,2684,417,unclosed_code_fence;near_num_predict_char_risk,multiple_code_fences_used_longest,
qwen2.5-coder:32b,no_review,crn-007970,1525,493,unclosed_code_fence,multiple_code_fences_used_longest,
qwen2.5-coder:32b,no_review,crn-006358,2180,316,unclosed_code_fence;near_num_predict_char_risk,multiple_code_fences_used_longest,
qwen2.5-coder:32b,no_review,crn-011176,2367,312,unclosed_code_fence;near_num_predict_char_risk,multiple_code_fences_used_longest,
qwen2.5-coder:32b,no_review,crn-000673,2334,849,unclosed_code_fence;near_num_predict_char_risk,multiple_code_fences_used_longest,
qwen2.5-coder:32b,no_review,crn-002101,2864,739,unclosed_code_fence;near_num_predict_char_risk,multiple_code_fences_used_longest,
qwen2.5-coder:32b,no_review,crn-010387,1774,273,unclosed_code_fence,multiple_code_fences_used_longest,
qwen2.5-coder:32b,no_review,crn-014034,1664,1135,unclosed_code_fence,extracted_from_code_fence,
qwen2.5-coder:32b,no_review,crn-002050,2162,878,near_num_predict_char_risk,multiple_code_fences_used_longest,
qwen2.5-coder:32b,no_review,crn-008140,2401,754,unclosed_code_fence;near_num_predict_char_risk,multiple_code_fences_used_longest,
qwen2.5-coder:32b,no_review,crn-008625,1993,322,unclosed_code_fence;near_num_predict_char_risk,multiple_code_fences_used_longest,
qwen2.5-coder:32b,no_review,crn-005187,2539,446,unclosed_code_fence;near_num_predict_char_risk,multiple_code_fences_used_longest,
qwen2.5-coder:32b,no_review,crn-001279,2044,345,unclosed_code_fence;near_num_predict_char_risk,multiple_code_fences_used_longest,
qwen2.5-coder:32b,no_review,crn-001850,2139,419,unclosed_code_fence;near_num_predict_char_risk,multiple_code_fences_used_longest,
qwen2.5-coder:32b,no_review,crn-011518,2285,601,unclosed_code_fence;near_num_predict_char_risk,multiple_code_fences_used_longest,
qwen2.5-coder:32b,no_review,crn-007715,2193,564,unclosed_code_fence;near_num_predict_char_risk,multiple_code_fences_used_longest,
qwen2.5-coder:32b,no_review,crn-007049,2607,1167,unclosed_code_fence;near_num_predict_char_risk,multiple_code_fences_used_longest,
qwen2.5-coder:32b,no_review,crn-010459,1903,532,unclosed_code_fence;near_num_predict_char_risk,multiple_code_fences_used_longest,
qwen2.5-coder:32b,no_review,crn-013465,2236,865,unclosed_code_fence;near_num_predict_char_risk,multiple_code_fences_used_longest,
qwen2.5-coder:32b,no_review,crn-002348,2003,645,unclosed_code_fence;near_num_predict_char_risk,multiple_code_fences_used_longest,
qwen2.5-coder:32b,no_review,crn-008386,2615,186,unclosed_code_fence;near_num_predict_char_risk,multiple_code_fences_used_longest,
qwen2.5-coder:32b,no_review,crn-007636,2257,342,unclosed_code_fence;near_num_predict_char_risk,multiple_code_fences_used_longest,
qwen2.5-coder:32b,no_review,crn-000171,2922,746,unclosed_code_fence;near_num_predict_char_risk,multiple_code_fences_used_longest,
qwen2.5-coder:32b,no_review,crn-011510,2427,613,unclosed_code_fence;near_num_predict_char_risk,multiple_code_fences_used_longest,
qwen2.5-coder:32b,no_review,crn-002104,2672,950,unclosed_code_fence;near_num_predict_char_risk,multiple_code_fences_used_longest,
qwen2.5-coder:32b,no_review,crn-009940,2129,118,near_num_predict_char_risk,multiple_code_fences_used_longest,
qwen2.5-coder:32b,no_review,crn-000457,303,302,unclosed_code_fence,no_code_fence_used_raw_text,
qwen2.5-coder:32b,no_review,crn-000401,754,403,unclosed_code_fence,extracted_from_code_fence,
qwen2.5-coder:32b,no_review,crn-010694,1985,492,unclosed_code_fence;near_num_predict_char_risk,multiple_code_fences_used_longest,
qwen2.5-coder:32b,no_review,crn-014068,493,492,unclosed_code_fence,no_code_fence_used_raw_text,
qwen2.5-coder:32b,no_review,crn-007556,2509,386,unclosed_code_fence;near_num_predict_char_risk,multiple_code_fences_used_longest,
qwen2.5-coder:32b,no_review,crn-012398,2023,606,near_num_predict_char_risk,multiple_code_fences_used_longest,
qwen2.5-coder:32b,no_review,crn-006686,1754,475,unclosed_code_fence,multiple_code_fences_used_longest,
qwen2.5-coder:32b,no_review,crn-000872,1971,176,unclosed_code_fence;near_num_predict_char_risk,multiple_code_fences_used_longest,
qwen2.5-coder:32b,no_review,crn-005651,1629,311,unclosed_code_fence,multiple_code_fences_used_longest,
qwen2.5-coder:32b,no_review,crn-010446,1891,448,unclosed_code_fence;near_num_predict_char_risk,multiple_code_fences_used_longest,
qwen2.5-coder:32b,no_review,crn-009572,2249,396,unclosed_code_fence;near_num_predict_char_risk,multiple_code_fences_used_longest,
qwen2.5-coder:32b,no_review,crn-004702,2167,303,unclosed_code_fence;near_num_predict_char_risk,multiple_code_fences_used_longest,
qwen2.5-coder:32b,no_review,crn-004810,2112,92,unclosed_code_fence;near_num_predict_char_risk,multiple_code_fences_used_longest,
qwen2.5-coder:32b,no_review,crn-004827,1918,301,unclosed_code_fence;near_num_predict_char_risk,multiple_code_fences_used_longest,
qwen2.5-coder:32b,no_review,crn-008965,1970,322,unclosed_code_fence;near_num_predict_char_risk,multiple_code_fences_used_longest,
qwen2.5-coder:32b,no_review,crn-014472,2093,686,unclosed_code_fence;near_num_predict_char_risk,multiple_code_fences_used_longest,
qwen2.5-coder:32b,no_review,crn-000925,2024,628,unclosed_code_fence;near_num_predict_char_risk,multiple_code_fences_used_longest,
qwen2.5-coder:32b,no_review,crn-013513,2184,599,near_num_predict_char_risk,multiple_code_fences_used_longest,
qwen2.5-coder:32b,no_review,crn-001350,2126,257,unclosed_code_fence;near_num_predict_char_risk,multiple_code_fences_used_longest,
qwen2.5-coder:32b,no_review,crn-001897,1803,409,near_num_predict_char_risk,multiple_code_fences_used_longest,
qwen2.5-coder:32b,no_review,crn-011537,2250,574,unclosed_code_fence;near_num_predict_char_risk,multiple_code_fences_used_longest,
qwen2.5-coder:32b,no_review,crn-008964,1970,322,unclosed_code_fence;near_num_predict_char_risk,multiple_code_fences_used_longest,
qwen2.5-coder:32b,no_review,crn-005245,2503,253,unclosed_code_fence;near_num_predict_char_risk,multiple_code_fences_used_longest,
qwen2.5-coder:32b,no_review,crn-004047,2115,811,unclosed_code_fence;near_num_predict_char_risk,multiple_code_fences_used_longest,
qwen2.5-coder:32b,no_review,crn-003591,2299,346,unclosed_code_fence;near_num_predict_char_risk,multiple_code_fences_used_longest,
qwen2.5-coder:32b,no_review,crn-012742,2477,650,unclosed_code_fence;near_num_predict_char_risk,multiple_code_fences_used_longest,
qwen2.5-coder:32b,no_review,crn-007350,2325,604,unclosed_code_fence;near_num_predict_char_risk,multiple_code_fences_used_longest,
qwen2.5-coder:32b,no_review,crn-006426,415,144,unclosed_code_fence,extracted_from_code_fence,
qwen2.5-coder:32b,no_review,crn-010609,2007,303,unclosed_code_fence;near_num_predict_char_risk,multiple_code_fences_used_longest,
qwen2.5-coder:32b,no_review,crn-009280,2066,647,unclosed_code_fence;near_num_predict_char_risk,multiple_code_fences_used_longest,
qwen2.5-coder:32b,no_review,crn-011278,1786,447,unclosed_code_fence,multiple_code_fences_used_longest,
qwen2.5-coder:32b,no_review,crn-010342,2608,336,unclosed_code_fence;near_num_predict_char_risk,multiple_code_fences_used_longest,
qwen2.5-coder:32b,no_review,crn-010502,1925,595,near_num_predict_char_risk,multiple_code_fences_used_longest,
qwen2.5-coder:32b,no_review,crn-011611,2106,352,unclosed_code_fence;near_num_predict_char_risk,multiple_code_fences_used_longest,
qwen2.5-coder:32b,no_review,crn-002743,2138,305,unclosed_code_fence;near_num_predict_char_risk,multiple_code_fences_used_longest,
qwen2.5-coder:32b,no_review,crn-014093,1940,459,near_num_predict_char_risk,multiple_code_fences_used_longest,
qwen2.5-coder:32b,no_review,crn-002113,2410,358,unclosed_code_fence;near_num_predict_char_risk,multiple_code_fences_used_longest,
qwen2.5-coder:32b,no_review,crn-010238,2031,327,unclosed_code_fence;near_num_predict_char_risk,multiple_code_fences_used_longest,
qwen2.5-coder:32b,no_review,crn-002665,2176,357,unclosed_code_fence;near_num_predict_char_risk,multiple_code_fences_used_longest,
qwen2.5-coder:32b,no_review,crn-006448,1947,129,unclosed_code_fence;near_num_predict_char_risk,multiple_code_fences_used_longest,
qwen2.5-coder:32b,no_review,crn-012078,2162,252,unclosed_code_fence;near_num_predict_char_risk,multiple_code_fences_used_longest,
qwen2.5-coder:32b,no_review,crn-014501,2040,436,unclosed_code_fence;near_num_predict_char_risk,multiple_code_fences_used_longest,
qwen2.5-coder:32b,no_review,crn-013484,2495,661,unclosed_code_fence;near_num_predict_char_risk,multiple_code_fences_used_longest,
qwen2.5-coder:32b,no_review,crn-010101,1988,370,unclosed_code_fence;near_num_predict_char_risk,multiple_code_fences_used_longest,
qwen2.5-coder:32b,no_review,crn-009557,2432,401,unclosed_code_fence;near_num_predict_char_risk,multiple_code_fences_used_longest,
qwen2.5-coder:32b,no_review,crn-001677,2438,228,unclosed_code_fence;near_num_predict_char_risk,multiple_code_fences_used_longest,
qwen2.5-coder:32b,no_review,crn-004071,1717,406,unclosed_code_fence,multiple_code_fences_used_longest,
qwen2.5-coder:32b,no_review,crn-008230,2449,298,unclosed_code_fence;near_num_predict_char_risk,multiple_code_fences_used_longest,
qwen2.5-coder:32b,no_review,crn-014333,1012,226,unclosed_code_fence,multiple_code_fences_used_longest,
qwen2.5-coder:32b,no_review,crn-000410,1981,460,unclosed_code_fence;near_num_predict_char_risk,multiple_code_fences_used_longest,
qwen2.5-coder:32b,no_review,crn-014494,2138,641,unclosed_code_fence;near_num_predict_char_risk,multiple_code_fences_used_longest,
qwen2.5-coder:32b,no_review,crn-010420,2085,327,unclosed_code_fence;near_num_predict_char_risk,multiple_code_fences_used_longest,
qwen2.5-coder:32b,no_review,crn-013451,2276,278,unclosed_code_fence;near_num_predict_char_risk,multiple_code_fences_used_longest,
qwen2.5-coder:32b,no_review,crn-003028,1930,203,near_num_predict_char_risk,multiple_code_fences_used_longest,
qwen2.5-coder:32b,no_review,crn-011908,2352,614,near_num_predict_char_risk,multiple_code_fences_used_longest,
qwen2.5-coder:32b,no_review,crn-008985,2406,782,unclosed_code_fence;near_num_predict_char_risk,multiple_code_fences_used_longest,
qwen2.5-coder:32b,no_review,crn-013158,2086,478,unclosed_code_fence;near_num_predict_char_risk,multiple_code_fences_used_longest,
qwen2.5-coder:32b,no_review,crn-012067,2135,353,unclosed_code_fence;near_num_predict_char_risk,multiple_code_fences_used_longest,
qwen2.5-coder:32b,no_review,crn-003720,2382,159,near_num_predict_char_risk,multiple_code_fences_used_longest,
qwen2.5-coder:32b,no_review,crn-011851,1840,413,unclosed_code_fence;near_num_predict_char_risk,multiple_code_fences_used_longest,
qwen2.5-coder:32b,no_review,crn-012299,2019,292,unclosed_code_fence;near_num_predict_char_risk,multiple_code_fences_used_longest,
qwen2.5-coder:32b,no_review,crn-005281,1847,245,unclosed_code_fence;near_num_predict_char_risk,multiple_code_fences_used_longest,
qwen2.5-coder:32b,no_review,crn-000429,2176,621,unclosed_code_fence;near_num_predict_char_risk,multiple_code_fences_used_longest,
qwen2.5-coder:32b,no_review,crn-004962,2253,411,unclosed_code_fence;near_num_predict_char_risk,multiple_code_fences_used_longest,
qwen2.5-coder:32b,no_review,crn-010425,2268,353,unclosed_code_fence;near_num_predict_char_risk,multiple_code_fences_used_longest,
qwen2.5-coder:32b,no_review,crn-001324,1976,422,unclosed_code_fence;near_num_predict_char_risk,multiple_code_fences_used_longest,
qwen2.5-coder:32b,no_review,crn-007314,2377,1025,unclosed_code_fence;near_num_predict_char_risk,multiple_code_fences_used_longest,
qwen2.5-coder:32b,no_review,crn-003882,2216,376,unclosed_code_fence;near_num_predict_char_risk,multiple_code_fences_used_longest,
qwen2.5-coder:32b,no_review,crn-011128,2151,306,unclosed_code_fence;near_num_predict_char_risk,multiple_code_fences_used_longest,
qwen2.5-coder:32b,no_review,crn-001736,2323,513,unclosed_code_fence;near_num_predict_char_risk,multiple_code_fences_used_longest,
qwen2.5-coder:32b,no_review,crn-002479,1953,696,unclosed_code_fence;near_num_predict_char_risk,multiple_code_fences_used_longest,
qwen2.5-coder:32b,no_review,crn-012726,2409,469,unclosed_code_fence;near_num_predict_char_risk,multiple_code_fences_used_longest,
qwen2.5-coder:32b,no_review,crn-010606,2345,535,unclosed_code_fence;near_num_predict_char_risk,multiple_code_fences_used_longest,
qwen2.5-coder:32b,no_review,crn-014669,2182,364,unclosed_code_fence;near_num_predict_char_risk,multiple_code_fences_used_longest,
qwen2.5-coder:32b,no_review,crn-012349,1331,323,unclosed_code_fence,multiple_code_fences_used_longest,
qwen2.5-coder:32b,no_review,crn-008205,2888,479,unclosed_code_fence;near_num_predict_char_risk,multiple_code_fences_used_longest,
qwen2.5-coder:32b,no_review,crn-010924,2311,617,unclosed_code_fence;near_num_predict_char_risk,multiple_code_fences_used_longest,
qwen2.5-coder:32b,no_review,crn-007508,2532,614,unclosed_code_fence;near_num_predict_char_risk,multiple_code_fences_used_longest,
qwen2.5-coder:32b,no_review,crn-014059,2399,494,unclosed_code_fence;near_num_predict_char_risk,multiple_code_fences_used_longest,
qwen2.5-coder:32b,no_review,crn-007933,1903,415,unclosed_code_fence;near_num_predict_char_risk,multiple_code_fences_used_longest,
qwen2.5-coder:32b,no_review,crn-000879,1812,865,near_num_predict_char_risk,multiple_code_fences_used_longest,
qwen2.5-coder:32b,no_review,crn-009468,2193,768,unclosed_code_fence;near_num_predict_char_risk,multiple_code_fences_used_longest,
qwen2.5-coder:32b,no_review,crn-011656,1852,627,unclosed_code_fence;near_num_predict_char_risk,multiple_code_fences_used_longest,
qwen2.5-coder:32b,no_review,crn-002076,2406,355,unclosed_code_fence;near_num_predict_char_risk,multiple_code_fences_used_longest,
qwen2.5-coder:32b,no_review,crn-005471,2023,361,unclosed_code_fence;near_num_predict_char_risk,multiple_code_fences_used_longest,
qwen2.5-coder:32b,no_review,crn-012461,2167,468,unclosed_code_fence;near_num_predict_char_risk,multiple_code_fences_used_longest,
qwen2.5-coder:32b,no_review,crn-000743,841,218,unclosed_code_fence,multiple_code_fences_used_longest,
qwen2.5-coder:32b,no_review,crn-014128,1971,1000,near_num_predict_char_risk,multiple_code_fences_used_longest,
qwen2.5-coder:32b,no_review,crn-005415,2225,425,unclosed_code_fence;near_num_predict_char_risk,multiple_code_fences_used_longest,
qwen2.5-coder:32b,no_review,crn-014031,1923,467,unclosed_code_fence;near_num_predict_char_risk,multiple_code_fences_used_longest,
qwen2.5-coder:32b,no_review,crn-000456,2532,398,unclosed_code_fence;near_num_predict_char_risk,multiple_code_fences_used_longest,
qwen2.5-coder:32b,no_review,crn-010070,2152,389,unclosed_code_fence;near_num_predict_char_risk,multiple_code_fences_used_longest,
qwen2.5-coder:32b,no_review,crn-008630,1729,298,unclosed_code_fence,multiple_code_fences_used_longest,
qwen2.5-coder:32b,no_review,crn-011342,2162,263,unclosed_code_fence;near_num_predict_char_risk,multiple_code_fences_used_longest,
qwen2.5-coder:32b,no_review,crn-001316,2214,480,unclosed_code_fence;near_num_predict_char_risk,multiple_code_fences_used_longest,
qwen2.5-coder:32b,no_review,crn-007020,2234,183,unclosed_code_fence;near_num_predict_char_risk,multiple_code_fences_used_longest,
qwen2.5-coder:32b,no_review,crn-013744,1985,615,near_num_predict_char_risk,multiple_code_fences_used_longest,
qwen2.5-coder:32b,no_review,crn-008550,2980,698,unclosed_code_fence;near_num_predict_char_risk,multiple_code_fences_used_longest,
qwen2.5-coder:32b,no_review,crn-012310,2160,234,unclosed_code_fence;near_num_predict_char_risk,multiple_code_fences_used_longest,
qwen2.5-coder:32b,no_review,crn-000229,2098,557,near_num_predict_char_risk,multiple_code_fences_used_longest,
qwen2.5-coder:32b,no_review,crn-006134,1976,415,unclosed_code_fence;near_num_predict_char_risk,multiple_code_fences_used_longest,
qwen2.5-coder:32b,no_review,crn-002365,2152,623,unclosed_code_fence;near_num_predict_char_risk,multiple_code_fences_used_longest,
qwen2.5-coder:32b,no_review,crn-009350,2168,319,unclosed_code_fence;near_num_predict_char_risk,multiple_code_fences_used_longest,
qwen2.5-coder:32b,no_review,crn-011181,2247,558,unclosed_code_fence;near_num_predict_char_risk,multiple_code_fences_used_longest,
qwen2.5-coder:32b,no_review,crn-003851,2490,396,unclosed_code_fence;near_num_predict_char_risk,multiple_code_fences_used_longest,
qwen2.5-coder:32b,no_review,crn-014032,2285,541,unclosed_code_fence;near_num_predict_char_risk,multiple_code_fences_used_longest,
qwen2.5-coder:32b,no_review,crn-014689,2739,935,unclosed_code_fence;near_num_predict_char_risk,extracted_from_code_fence,
qwen2.5-coder:32b,no_review,crn-010059,1827,382,unclosed_code_fence;near_num_predict_char_risk,multiple_code_fences_used_longest,
qwen2.5-coder:32b,no_review,crn-012808,1891,184,unclosed_code_fence;near_num_predict_char_risk,multiple_code_fences_used_longest,
qwen2.5-coder:32b,no_review,crn-008359,2215,531,near_num_predict_char_risk,multiple_code_fences_used_longest,
qwen2.5-coder:32b,no_review,crn-002072,2469,200,unclosed_code_fence;near_num_predict_char_risk,multiple_code_fences_used_longest,
qwen2.5-coder:32b,no_review,crn-014675,2082,508,unclosed_code_fence;near_num_predict_char_risk,multiple_code_fences_used_longest,
qwen2.5-coder:32b,no_review,crn-002776,2054,405,unclosed_code_fence;near_num_predict_char_risk,multiple_code_fences_used_longest,
qwen2.5-coder:32b,no_review,crn-002468,1602,216,unclosed_code_fence,multiple_code_fences_used_longest,
qwen2.5-coder:32b,no_review,crn-002798,1753,354,unclosed_code_fence,multiple_code_fences_used_longest,
qwen2.5-coder:32b,no_review,crn-011555,1908,195,near_num_predict_char_risk,multiple_code_fences_used_longest,
qwen2.5-coder:32b,no_review,crn-009238,186,12,very_short_extracted_code,extracted_from_code_fence,
qwen2.5-coder:32b,no_review,crn-013430,2294,812,unclosed_code_fence;near_num_predict_char_risk,multiple_code_fences_used_longest,
qwen2.5-coder:32b,no_review,crn-008306,2713,406,unclosed_code_fence;near_num_predict_char_risk,multiple_code_fences_used_longest,
qwen2.5-coder:32b,no_review,crn-014169,2171,309,unclosed_code_fence;near_num_predict_char_risk,multiple_code_fences_used_longest,
qwen2.5-coder:32b,no_review,crn-003797,2144,520,unclosed_code_fence;near_num_predict_char_risk,multiple_code_fences_used_longest,
qwen2.5-coder:32b,no_review,crn-000164,2605,624,unclosed_code_fence;near_num_predict_char_risk,multiple_code_fences_used_longest,
qwen2.5-coder:32b,no_review,crn-013230,2481,578,unclosed_code_fence;near_num_predict_char_risk,multiple_code_fences_used_longest,
qwen2.5-coder:32b,no_review,crn-004884,2104,494,near_num_predict_char_risk,multiple_code_fences_used_longest,
qwen2.5-coder:32b,no_review,crn-014867,2426,771,unclosed_code_fence;near_num_predict_char_risk,multiple_code_fences_used_longest,
qwen2.5-coder:32b,no_review,crn-002042,2195,209,unclosed_code_fence;near_num_predict_char_risk,multiple_code_fences_used_longest,
qwen2.5-coder:32b,no_review,crn-003392,2048,668,unclosed_code_fence;near_num_predict_char_risk,multiple_code_fences_used_longest,
qwen2.5-coder:32b,no_review,crn-007064,2241,148,unclosed_code_fence;near_num_predict_char_risk,multiple_code_fences_used_longest,
qwen2.5-coder:32b,no_review,crn-013640,1930,368,unclosed_code_fence;near_num_predict_char_risk,multiple_code_fences_used_longest,
qwen2.5-coder:32b,no_review,crn-000372,2407,296,unclosed_code_fence;near_num_predict_char_risk,multiple_code_fences_used_longest,
qwen2.5-coder:32b,no_review,crn-008962,1942,525,unclosed_code_fence;near_num_predict_char_risk,multiple_code_fences_used_longest,
qwen2.5-coder:32b,no_review,crn-012920,2145,270,unclosed_code_fence;near_num_predict_char_risk,multiple_code_fences_used_longest,
qwen2.5-coder:32b,no_review,crn-006600,2993,388,unclosed_code_fence;near_num_predict_char_risk,multiple_code_fences_used_longest,
qwen2.5-coder:32b,no_review,crn-007695,2711,687,unclosed_code_fence;near_num_predict_char_risk,multiple_code_fences_used_longest,
qwen2.5-coder:32b,no_review,crn-014557,2247,391,near_num_predict_char_risk,multiple_code_fences_used_longest,
qwen2.5-coder:32b,no_review,crn-011066,2231,290,unclosed_code_fence;near_num_predict_char_risk,multiple_code_fences_used_longest,
qwen2.5-coder:32b,no_review,crn-011142,2063,1681,unclosed_code_fence;near_num_predict_char_risk,extracted_from_code_fence,
qwen2.5-coder:32b,no_review,crn-012567,1987,560,unclosed_code_fence;near_num_predict_char_risk,multiple_code_fences_used_longest,
qwen2.5-coder:32b,no_review,crn-008616,2192,514,unclosed_code_fence;near_num_predict_char_risk,multiple_code_fences_used_longest,
qwen2.5-coder:32b,no_review,crn-011123,2144,438,unclosed_code_fence;near_num_predict_char_risk,multiple_code_fences_used_longest,
qwen2.5-coder:32b,no_review,crn-002419,2015,253,unclosed_code_fence;near_num_predict_char_risk,multiple_code_fences_used_longest,
qwen2.5-coder:32b,no_review,crn-007233,2085,553,unclosed_code_fence;near_num_predict_char_risk,multiple_code_fences_used_longest,
qwen2.5-coder:32b,no_review,crn-014315,1987,567,unclosed_code_fence;near_num_predict_char_risk,multiple_code_fences_used_longest,
qwen2.5-coder:32b,no_review,crn-011846,2093,451,unclosed_code_fence;near_num_predict_char_risk,multiple_code_fences_used_longest,
qwen2.5-coder:32b,no_review,crn-010732,2135,263,near_num_predict_char_risk,multiple_code_fences_used_longest,
qwen2.5-coder:32b,no_review,crn-003151,1852,226,near_num_predict_char_risk,multiple_code_fences_used_longest,
qwen2.5-coder:32b,no_review,crn-007403,2577,750,unclosed_code_fence;near_num_predict_char_risk,multiple_code_fences_used_longest,
qwen2.5-coder:32b,no_review,crn-012973,2701,335,unclosed_code_fence;near_num_predict_char_risk,multiple_code_fences_used_longest,
qwen2.5-coder:32b,no_review,crn-009976,2068,505,unclosed_code_fence;near_num_predict_char_risk,multiple_code_fences_used_longest,
qwen2.5-coder:32b,no_review,crn-006393,1830,330,unclosed_code_fence;near_num_predict_char_risk,multiple_code_fences_used_longest,
qwen2.5-coder:32b,no_review,crn-012746,1916,482,unclosed_code_fence;near_num_predict_char_risk,multiple_code_fences_used_longest,
qwen2.5-coder:32b,no_review,crn-002934,2271,256,unclosed_code_fence;near_num_predict_char_risk,multiple_code_fences_used_longest,
qwen2.5-coder:32b,no_review,crn-005304,1947,886,unclosed_code_fence;near_num_predict_char_risk,extracted_from_code_fence,
qwen2.5-coder:32b,no_review,crn-013905,2285,542,unclosed_code_fence;near_num_predict_char_risk,multiple_code_fences_used_longest,
qwen2.5-coder:32b,no_review,crn-012713,1883,289,unclosed_code_fence;near_num_predict_char_risk,multiple_code_fences_used_longest,
qwen2.5-coder:32b,no_review,crn-001921,2118,245,unclosed_code_fence;near_num_predict_char_risk,multiple_code_fences_used_longest,
qwen2.5-coder:32b,no_review,crn-007163,2059,234,near_num_predict_char_risk,multiple_code_fences_used_longest,
qwen2.5-coder:32b,no_review,crn-010382,2388,327,unclosed_code_fence;near_num_predict_char_risk,multiple_code_fences_used_longest,
qwen2.5-coder:32b,no_review,crn-001393,2076,697,unclosed_code_fence;near_num_predict_char_risk,multiple_code_fences_used_longest,
qwen2.5-coder:32b,no_review,crn-001181,1605,754,unclosed_code_fence,extracted_from_code_fence,
qwen2.5-coder:32b,no_review,crn-000981,2176,414,unclosed_code_fence;near_num_predict_char_risk,multiple_code_fences_used_longest,
qwen2.5-coder:32b,no_review,crn-010477,2153,492,near_num_predict_char_risk,multiple_code_fences_used_longest,
qwen2.5-coder:32b,no_review,crn-010320,1647,474,unclosed_code_fence,multiple_code_fences_used_longest,
qwen2.5-coder:32b,no_review,crn-007820,1830,543,near_num_predict_char_risk,multiple_code_fences_used_longest,
qwen2.5-coder:32b,no_review,crn-014235,1970,504,near_num_predict_char_risk,multiple_code_fences_used_longest,
qwen2.5-coder:32b,no_review,crn-008017,1899,336,unclosed_code_fence;near_num_predict_char_risk,multiple_code_fences_used_longest,
qwen2.5-coder:32b,no_review,crn-013030,1959,704,near_num_predict_char_risk,multiple_code_fences_used_longest,
qwen2.5-coder:32b,no_review,crn-013485,2930,336,unclosed_code_fence;near_num_predict_char_risk,multiple_code_fences_used_longest,
qwen2.5-coder:32b,no_review,crn-008022,1895,131,unclosed_code_fence;near_num_predict_char_risk,multiple_code_fences_used_longest,
qwen2.5-coder:32b,no_review,crn-007676,2756,738,unclosed_code_fence;near_num_predict_char_risk,multiple_code_fences_used_longest,
qwen2.5-coder:32b,no_review,crn-008647,2049,308,unclosed_code_fence;near_num_predict_char_risk,multiple_code_fences_used_longest,
qwen2.5-coder:32b,no_review,crn-006352,2387,346,near_num_predict_char_risk,multiple_code_fences_used_longest,
qwen2.5-coder:32b,no_review,crn-011363,1742,430,unclosed_code_fence,multiple_code_fences_used_longest,
qwen2.5-coder:32b,no_review,crn-013291,1877,645,near_num_predict_char_risk,multiple_code_fences_used_longest,
qwen2.5-coder:32b,no_review,crn-000117,2377,392,unclosed_code_fence;near_num_predict_char_risk,multiple_code_fences_used_longest,
qwen2.5-coder:32b,no_review,crn-000563,2728,554,unclosed_code_fence;near_num_predict_char_risk,multiple_code_fences_used_longest,
qwen2.5-coder:32b,no_review,crn-007559,2601,446,unclosed_code_fence;near_num_predict_char_risk,multiple_code_fences_used_longest,
qwen2.5-coder:32b,no_review,crn-012447,2427,618,unclosed_code_fence;near_num_predict_char_risk,multiple_code_fences_used_longest,
qwen2.5-coder:32b,no_review,crn-010456,2187,593,near_num_predict_char_risk,multiple_code_fences_used_longest,
qwen2.5-coder:32b,no_review,crn-007959,1992,533,unclosed_code_fence;near_num_predict_char_risk,multiple_code_fences_used_longest,
qwen2.5-coder:32b,no_review,crn-009807,2652,325,near_num_predict_char_risk,multiple_code_fences_used_longest,
qwen2.5-coder:32b,no_review,crn-001019,2049,336,unclosed_code_fence;near_num_predict_char_risk,multiple_code_fences_used_longest,
qwen2.5-coder:32b,no_review,crn-012085,1988,435,unclosed_code_fence;near_num_predict_char_risk,multiple_code_fences_used_longest,
qwen2.5-coder:32b,no_review,crn-007912,2350,767,unclosed_code_fence;near_num_predict_char_risk,multiple_code_fences_used_longest,
qwen2.5-coder:32b,no_review,crn-000979,2423,212,near_num_predict_char_risk,multiple_code_fences_used_longest,
qwen2.5-coder:32b,no_review,crn-004889,2409,485,unclosed_code_fence;near_num_predict_char_risk,multiple_code_fences_used_longest,
qwen2.5-coder:32b,no_review,crn-004229,2367,789,unclosed_code_fence;near_num_predict_char_risk,multiple_code_fences_used_longest,
qwen2.5-coder:32b,no_review,crn-011996,2303,476,unclosed_code_fence;near_num_predict_char_risk,multiple_code_fences_used_longest,
qwen2.5-coder:32b,no_review,crn-006890,2371,737,unclosed_code_fence;near_num_predict_char_risk,multiple_code_fences_used_longest,
qwen2.5-coder:32b,no_review,crn-013956,2162,342,unclosed_code_fence;near_num_predict_char_risk,multiple_code_fences_used_longest,
qwen2.5-coder:32b,no_review,crn-013396,1712,376,unclosed_code_fence,multiple_code_fences_used_longest,
qwen2.5-coder:32b,no_review,crn-012346,1847,569,near_num_predict_char_risk,multiple_code_fences_used_longest,
qwen2.5-coder:32b,no_review,crn-000629,2791,379,unclosed_code_fence;near_num_predict_char_risk,multiple_code_fences_used_longest,
qwen2.5-coder:32b,no_review,crn-003794,1744,862,unclosed_code_fence,extracted_from_code_fence,
qwen2.5-coder:32b,no_review,crn-000937,1932,450,unclosed_code_fence;near_num_predict_char_risk,multiple_code_fences_used_longest,
qwen2.5-coder:32b,no_review,crn-009138,1986,362,unclosed_code_fence;near_num_predict_char_risk,multiple_code_fences_used_longest,
qwen2.5-coder:32b,no_review,crn-012527,2528,224,near_num_predict_char_risk,multiple_code_fences_used_longest,
qwen2.5-coder:32b,no_review,crn-011321,1959,455,unclosed_code_fence;near_num_predict_char_risk,multiple_code_fences_used_longest,
qwen2.5-coder:32b,no_review,crn-010328,2510,576,unclosed_code_fence;near_num_predict_char_risk,multiple_code_fences_used_longest,
qwen2.5-coder:32b,no_review,crn-003072,2156,277,unclosed_code_fence;near_num_predict_char_risk,multiple_code_fences_used_longest,
qwen2.5-coder:32b,no_review,crn-004267,2088,461,unclosed_code_fence;near_num_predict_char_risk,multiple_code_fences_used_longest,
qwen2.5-coder:32b,no_review,crn-013542,2431,524,unclosed_code_fence;near_num_predict_char_risk,multiple_code_fences_used_longest,
qwen2.5-coder:32b,no_review,crn-009886,2296,287,unclosed_code_fence;near_num_predict_char_risk,multiple_code_fences_used_longest,
qwen2.5-coder:32b,no_review,crn-011698,2032,696,unclosed_code_fence;near_num_predict_char_risk,multiple_code_fences_used_longest,
qwen2.5-coder:32b,no_review,crn-009269,2042,463,unclosed_code_fence;near_num_predict_char_risk,multiple_code_fences_used_longest,
qwen2.5-coder:32b,no_review,crn-014456,1963,311,unclosed_code_fence;near_num_predict_char_risk,multiple_code_fences_used_longest,
qwen2.5-coder:32b,no_review,crn-014302,1994,413,near_num_predict_char_risk,multiple_code_fences_used_longest,
qwen2.5-coder:32b,no_review,crn-005242,1801,650,near_num_predict_char_risk,multiple_code_fences_used_longest,
qwen2.5-coder:32b,no_review,crn-001205,2422,620,unclosed_code_fence;near_num_predict_char_risk,multiple_code_fences_used_longest,
qwen2.5-coder:32b,no_review,crn-008610,1781,351,unclosed_code_fence,multiple_code_fences_used_longest,
qwen2.5-coder:32b,no_review,crn-009022,1959,492,unclosed_code_fence;near_num_predict_char_risk,multiple_code_fences_used_longest,
qwen2.5-coder:32b,no_review,crn-011495,1779,355,unclosed_code_fence,multiple_code_fences_used_longest,
qwen2.5-coder:32b,no_review,crn-005722,2577,501,unclosed_code_fence;near_num_predict_char_risk,multiple_code_fences_used_longest,
qwen2.5-coder:32b,no_review,crn-007972,1945,444,unclosed_code_fence;near_num_predict_char_risk,multiple_code_fences_used_longest,
qwen2.5-coder:32b,no_review,crn-009954,1924,564,near_num_predict_char_risk,multiple_code_fences_used_longest,
qwen2.5-coder:32b,no_review,crn-003959,2338,263,unclosed_code_fence;near_num_predict_char_risk,multiple_code_fences_used_longest,
qwen2.5-coder:32b,no_review,crn-014534,2217,900,near_num_predict_char_risk,multiple_code_fences_used_longest,
qwen2.5-coder:32b,no_review,crn-004062,2034,759,unclosed_code_fence;near_num_predict_char_risk,multiple_code_fences_used_longest,
qwen2.5-coder:32b,no_review,crn-007500,2377,345,unclosed_code_fence;near_num_predict_char_risk,multiple_code_fences_used_longest,
qwen2.5-coder:32b,no_review,crn-014739,2405,496,unclosed_code_fence;near_num_predict_char_risk,multiple_code_fences_used_longest,
qwen2.5-coder:32b,no_review,crn-010700,2159,471,unclosed_code_fence;near_num_predict_char_risk,multiple_code_fences_used_longest,
qwen2.5-coder:32b,no_review,crn-007278,2256,379,unclosed_code_fence;near_num_predict_char_risk,multiple_code_fences_used_longest,
qwen2.5-coder:32b,no_review,crn-010355,1927,319,unclosed_code_fence;near_num_predict_char_risk,multiple_code_fences_used_longest,
qwen2.5-coder:32b,no_review,crn-002386,1931,480,unclosed_code_fence;near_num_predict_char_risk,multiple_code_fences_used_longest,
qwen2.5-coder:32b,no_review,crn-008762,1930,353,unclosed_code_fence;near_num_predict_char_risk,multiple_code_fences_used_longest,
qwen2.5-coder:32b,no_review,crn-004678,1884,537,unclosed_code_fence;near_num_predict_char_risk,multiple_code_fences_used_longest,
qwen2.5-coder:32b,no_review,crn-004579,2138,482,near_num_predict_char_risk,multiple_code_fences_used_longest,
qwen2.5-coder:32b,no_review,crn-000054,2113,870,near_num_predict_char_risk,multiple_code_fences_used_longest,
qwen2.5-coder:32b,no_review,crn-013558,2235,491,near_num_predict_char_risk,multiple_code_fences_used_longest,
qwen2.5-coder:32b,no_review,crn-006232,2138,528,unclosed_code_fence;near_num_predict_char_risk,multiple_code_fences_used_longest,
qwen2.5-coder:32b,no_review,crn-014323,1933,285,unclosed_code_fence;near_num_predict_char_risk,multiple_code_fences_used_longest,
qwen2.5-coder:32b,no_review,crn-001183,1651,894,unclosed_code_fence,extracted_from_code_fence,
qwen2.5-coder:32b,no_review,crn-004840,2282,216,near_num_predict_char_risk,multiple_code_fences_used_longest,
qwen2.5-coder:32b,no_review,crn-008786,1869,372,unclosed_code_fence;near_num_predict_char_risk,multiple_code_fences_used_longest,
qwen2.5-coder:32b,no_review,crn-003661,2287,820,near_num_predict_char_risk,multiple_code_fences_used_longest,
qwen2.5-coder:32b,no_review,crn-004621,2014,194,unclosed_code_fence;near_num_predict_char_risk,multiple_code_fences_used_longest,
qwen2.5-coder:32b,no_review,crn-003672,2155,313,unclosed_code_fence;near_num_predict_char_risk,multiple_code_fences_used_longest,
qwen2.5-coder:32b,no_review,crn-006468,1962,228,near_num_predict_char_risk,multiple_code_fences_used_longest,
qwen2.5-coder:32b,no_review,crn-009674,2282,331,unclosed_code_fence;near_num_predict_char_risk,multiple_code_fences_used_longest,
qwen2.5-coder:32b,no_review,crn-006469,1962,228,near_num_predict_char_risk,multiple_code_fences_used_longest,
qwen2.5-coder:32b,no_review,crn-003273,1823,1020,unclosed_code_fence;near_num_predict_char_risk,extracted_from_code_fence,
qwen2.5-coder:32b,no_review,crn-002974,1820,266,unclosed_code_fence;near_num_predict_char_risk,multiple_code_fences_used_longest,
qwen2.5-coder:32b,no_review,crn-005492,2305,754,unclosed_code_fence;near_num_predict_char_risk,multiple_code_fences_used_longest,
qwen2.5-coder:32b,no_review,crn-007356,1870,327,unclosed_code_fence;near_num_predict_char_risk,multiple_code_fences_used_longest,
qwen2.5-coder:32b,no_review,crn-003248,179,178,unclosed_code_fence,no_code_fence_used_raw_text,
qwen2.5-coder:32b,no_review,crn-005533,1495,21,unclosed_code_fence,multiple_code_fences_used_longest,
qwen2.5-coder:32b,no_review,crn-008464,2562,669,unclosed_code_fence;near_num_predict_char_risk,multiple_code_fences_used_longest,
qwen2.5-coder:32b,no_review,crn-009511,2490,463,unclosed_code_fence;near_num_predict_char_risk,multiple_code_fences_used_longest,
qwen2.5-coder:32b,no_review,crn-009305,1549,375,unclosed_code_fence,multiple_code_fences_used_longest,
qwen2.5-coder:32b,no_review,crn-004809,1902,281,unclosed_code_fence;near_num_predict_char_risk,multiple_code_fences_used_longest,
qwen2.5-coder:32b,no_review,crn-005011,1998,539,unclosed_code_fence;near_num_predict_char_risk,multiple_code_fences_used_longest,
qwen2.5-coder:32b,no_review,crn-013512,589,588,unclosed_code_fence,no_code_fence_used_raw_text,
qwen2.5-coder:32b,no_review,crn-001819,2113,366,unclosed_code_fence;near_num_predict_char_risk,multiple_code_fences_used_longest,
qwen2.5-coder:32b,no_review,crn-007005,2413,494,unclosed_code_fence;near_num_predict_char_risk,multiple_code_fences_used_longest,
qwen2.5-coder:32b,no_review,crn-009322,2059,268,unclosed_code_fence;near_num_predict_char_risk,multiple_code_fences_used_longest,
qwen2.5-coder:32b,no_review,crn-012140,1742,348,unclosed_code_fence,multiple_code_fences_used_longest,
qwen2.5-coder:32b,no_review,crn-009040,1874,208,unclosed_code_fence;near_num_predict_char_risk,multiple_code_fences_used_longest,
qwen2.5-coder:32b,no_review,crn-010060,2157,665,near_num_predict_char_risk,multiple_code_fences_used_longest,
qwen2.5-coder:32b,no_review,crn-004179,1712,459,unclosed_code_fence,multiple_code_fences_used_longest,
qwen2.5-coder:32b,no_review,crn-011166,2246,488,unclosed_code_fence;near_num_predict_char_risk,multiple_code_fences_used_longest,
qwen2.5-coder:32b,no_review,crn-014819,2262,310,near_num_predict_char_risk,multiple_code_fences_used_longest,
qwen2.5-coder:32b,no_review,crn-010637,2072,438,unclosed_code_fence;near_num_predict_char_risk,multiple_code_fences_used_longest,
qwen2.5-coder:32b,no_review,crn-008600,1804,278,unclosed_code_fence;near_num_predict_char_risk,multiple_code_fences_used_longest,
qwen2.5-coder:32b,no_review,crn-009975,496,334,unclosed_code_fence,extracted_from_code_fence,
qwen2.5-coder:32b,no_review,crn-001000,2357,800,unclosed_code_fence;near_num_predict_char_risk,multiple_code_fences_used_longest,
qwen2.5-coder:32b,no_review,crn-012343,1643,386,unclosed_code_fence,multiple_code_fences_used_longest,
qwen2.5-coder:32b,no_review,crn-002833,1602,264,unclosed_code_fence,multiple_code_fences_used_longest,
qwen2.5-coder:32b,no_review,crn-014208,2326,444,unclosed_code_fence;near_num_predict_char_risk,multiple_code_fences_used_longest,
qwen2.5-coder:32b,no_review,crn-009017,2120,291,unclosed_code_fence;near_num_predict_char_risk,multiple_code_fences_used_longest,
qwen2.5-coder:32b,no_review,crn-000340,2742,270,near_num_predict_char_risk,multiple_code_fences_used_longest,
qwen2.5-coder:32b,no_review,crn-013680,2136,494,unclosed_code_fence;near_num_predict_char_risk,multiple_code_fences_used_longest,
qwen2.5-coder:32b,no_review,crn-014556,1748,483,unclosed_code_fence,multiple_code_fences_used_longest,
qwen2.5-coder:32b,no_review,crn-005488,2140,599,unclosed_code_fence;near_num_predict_char_risk,multiple_code_fences_used_longest,
qwen2.5-coder:32b,no_review,crn-007196,2311,313,unclosed_code_fence;near_num_predict_char_risk,multiple_code_fences_used_longest,
qwen2.5-coder:32b,no_review,crn-011287,2141,326,unclosed_code_fence;near_num_predict_char_risk,multiple_code_fences_used_longest,
qwen2.5-coder:32b,no_review,crn-010330,2420,700,unclosed_code_fence;near_num_predict_char_risk,multiple_code_fences_used_longest,
qwen2.5-coder:32b,no_review,crn-009499,2007,260,unclosed_code_fence;near_num_predict_char_risk,multiple_code_fences_used_longest,
qwen2.5-coder:32b,no_review,crn-002525,2107,541,unclosed_code_fence;near_num_predict_char_risk,multiple_code_fences_used_longest,
qwen2.5-coder:32b,no_review,crn-004519,2075,448,near_num_predict_char_risk,multiple_code_fences_used_longest,
qwen2.5-coder:32b,no_review,crn-004890,2115,879,unclosed_code_fence;near_num_predict_char_risk,multiple_code_fences_used_longest,
qwen2.5-coder:32b,no_review,crn-008424,2449,473,unclosed_code_fence;near_num_predict_char_risk,multiple_code_fences_used_longest,
qwen2.5-coder:32b,no_review,crn-005322,1895,368,unclosed_code_fence;near_num_predict_char_risk,multiple_code_fences_used_longest,
qwen2.5-coder:32b,no_review,crn-009880,2493,687,unclosed_code_fence;near_num_predict_char_risk,multiple_code_fences_used_longest,
qwen2.5-coder:32b,no_review,crn-010997,2123,311,unclosed_code_fence;near_num_predict_char_risk,multiple_code_fences_used_longest,
qwen2.5-coder:32b,no_review,crn-012956,2610,463,unclosed_code_fence;near_num_predict_char_risk,multiple_code_fences_used_longest,
qwen2.5-coder:32b,no_review,crn-008916,2005,931,unclosed_code_fence;near_num_predict_char_risk,multiple_code_fences_used_longest,
qwen2.5-coder:32b,no_review,crn-001917,1878,341,unclosed_code_fence;near_num_predict_char_risk,multiple_code_fences_used_longest,
qwen2.5-coder:32b,no_review,crn-000183,3468,419,unclosed_code_fence;near_num_predict_char_risk,multiple_code_fences_used_longest,
qwen2.5-coder:32b,no_review,crn-014408,1785,770,unclosed_code_fence,extracted_from_code_fence,
qwen2.5-coder:32b,no_review,crn-000921,1984,488,unclosed_code_fence;near_num_predict_char_risk,multiple_code_fences_used_longest,
qwen2.5-coder:32b,no_review,crn-002274,2071,580,unclosed_code_fence;near_num_predict_char_risk,multiple_code_fences_used_longest,
qwen2.5-coder:32b,no_review,crn-014187,2593,418,unclosed_code_fence;near_num_predict_char_risk,multiple_code_fences_used_longest,
qwen2.5-coder:32b,no_review,crn-012678,2452,452,unclosed_code_fence;near_num_predict_char_risk,multiple_code_fences_used_longest,
qwen2.5-coder:32b,no_review,crn-014013,2043,897,near_num_predict_char_risk,multiple_code_fences_used_longest,
qwen2.5-coder:32b,no_review,crn-005547,1785,900,unclosed_code_fence,multiple_code_fences_used_longest,
qwen2.5-coder:32b,no_review,crn-011543,2251,342,unclosed_code_fence;near_num_predict_char_risk,multiple_code_fences_used_longest,
qwen2.5-coder:32b,no_review,crn-005588,2582,598,unclosed_code_fence;near_num_predict_char_risk,multiple_code_fences_used_longest,
qwen2.5-coder:32b,no_review,crn-001010,2121,772,unclosed_code_fence;near_num_predict_char_risk,multiple_code_fences_used_longest,
qwen2.5-coder:32b,no_review,crn-008634,1907,503,unclosed_code_fence;near_num_predict_char_risk,multiple_code_fences_used_longest,
qwen2.5-coder:32b,no_review,crn-004148,604,603,unclosed_code_fence,no_code_fence_used_raw_text,
qwen2.5-coder:32b,no_review,crn-011525,1695,263,unclosed_code_fence,multiple_code_fences_used_longest,
qwen2.5-coder:32b,no_review,crn-005604,2664,540,unclosed_code_fence;near_num_predict_char_risk,multiple_code_fences_used_longest,
qwen2.5-coder:32b,no_review,crn-006141,2151,328,unclosed_code_fence;near_num_predict_char_risk,multiple_code_fences_used_longest,
qwen2.5-coder:32b,no_review,crn-006200,1908,512,unclosed_code_fence;near_num_predict_char_risk,multiple_code_fences_used_longest,
qwen2.5-coder:32b,no_review,crn-008879,1798,761,unclosed_code_fence;near_num_predict_char_risk,multiple_code_fences_used_longest,
qwen2.5-coder:32b,no_review,crn-012739,2303,255,unclosed_code_fence;near_num_predict_char_risk,multiple_code_fences_used_longest,
qwen2.5-coder:32b,no_review,crn-012266,1950,863,unclosed_code_fence;near_num_predict_char_risk,multiple_code_fences_used_longest,
qwen2.5-coder:32b,no_review,crn-006961,1703,127,unclosed_code_fence,multiple_code_fences_used_longest,
qwen2.5-coder:32b,no_review,crn-000337,2325,308,unclosed_code_fence;near_num_predict_char_risk,multiple_code_fences_used_longest,
qwen2.5-coder:32b,no_review,crn-005101,1997,489,unclosed_code_fence;near_num_predict_char_risk,multiple_code_fences_used_longest,
qwen2.5-coder:32b,no_review,crn-008819,2379,277,unclosed_code_fence;near_num_predict_char_risk,multiple_code_fences_used_longest,
qwen2.5-coder:32b,no_review,crn-012303,2169,888,unclosed_code_fence;near_num_predict_char_risk,extracted_from_code_fence,
qwen2.5-coder:32b,no_review,crn-012083,2104,228,near_num_predict_char_risk,multiple_code_fences_used_longest,
qwen2.5-coder:32b,no_review,crn-012219,2437,301,unclosed_code_fence;near_num_predict_char_risk,multiple_code_fences_used_longest,
qwen2.5-coder:32b,no_review,crn-010698,2159,471,unclosed_code_fence;near_num_predict_char_risk,multiple_code_fences_used_longest,
qwen2.5-coder:32b,no_review,crn-001526,2734,807,near_num_predict_char_risk,multiple_code_fences_used_longest,
qwen2.5-coder:32b,no_review,crn-003822,2115,408,unclosed_code_fence;near_num_predict_char_risk,multiple_code_fences_used_longest,
qwen2.5-coder:32b,no_review,crn-010280,2115,879,unclosed_code_fence;near_num_predict_char_risk,multiple_code_fences_used_longest,
qwen2.5-coder:32b,no_review,crn-004699,2014,319,unclosed_code_fence;near_num_predict_char_risk,multiple_code_fences_used_longest,
qwen2.5-coder:32b,no_review,crn-001336,2154,753,unclosed_code_fence;near_num_predict_char_risk,multiple_code_fences_used_longest,
qwen2.5-coder:32b,no_review,crn-000747,2474,224,unclosed_code_fence;near_num_predict_char_risk,multiple_code_fences_used_longest,
qwen2.5-coder:32b,no_review,crn-005335,2098,451,unclosed_code_fence;near_num_predict_char_risk,multiple_code_fences_used_longest,
qwen2.5-coder:32b,no_review,crn-010162,2365,268,unclosed_code_fence;near_num_predict_char_risk,multiple_code_fences_used_longest,
qwen2.5-coder:32b,no_review,crn-010257,2539,294,unclosed_code_fence;near_num_predict_char_risk,multiple_code_fences_used_longest,
qwen2.5-coder:32b,no_review,crn-014672,2439,680,unclosed_code_fence;near_num_predict_char_risk,multiple_code_fences_used_longest,
qwen2.5-coder:32b,no_review,crn-009260,2224,369,unclosed_code_fence;near_num_predict_char_risk,multiple_code_fences_used_longest,
qwen2.5-coder:32b,no_review,crn-000278,2566,426,unclosed_code_fence;near_num_predict_char_risk,multiple_code_fences_used_longest,
qwen2.5-coder:32b,no_review,crn-004153,1916,344,unclosed_code_fence;near_num_predict_char_risk,multiple_code_fences_used_longest,
qwen2.5-coder:32b,no_review,crn-004726,2199,370,unclosed_code_fence;near_num_predict_char_risk,multiple_code_fences_used_longest,
qwen2.5-coder:32b,no_review,crn-007341,2278,496,unclosed_code_fence;near_num_predict_char_risk,multiple_code_fences_used_longest,
qwen2.5-coder:32b,no_review,crn-003579,1847,509,near_num_predict_char_risk,multiple_code_fences_used_longest,
qwen2.5-coder:32b,no_review,crn-002044,2196,522,unclosed_code_fence;near_num_predict_char_risk,multiple_code_fences_used_longest,
qwen2.5-coder:32b,no_review,crn-003529,1612,224,unclosed_code_fence,multiple_code_fences_used_longest,
qwen2.5-coder:32b,no_review,crn-003813,2425,308,unclosed_code_fence;near_num_predict_char_risk,multiple_code_fences_used_longest,
qwen2.5-coder:32b,no_review,crn-013694,2320,631,unclosed_code_fence;near_num_predict_char_risk,multiple_code_fences_used_longest,
qwen2.5-coder:32b,no_review,crn-007069,2128,508,unclosed_code_fence;near_num_predict_char_risk,multiple_code_fences_used_longest,
qwen2.5-coder:32b,no_review,crn-004298,1866,261,unclosed_code_fence;near_num_predict_char_risk,multiple_code_fences_used_longest,
qwen2.5-coder:32b,no_review,crn-000712,2426,461,unclosed_code_fence;near_num_predict_char_risk,multiple_code_fences_used_longest,
qwen2.5-coder:32b,no_review,crn-011117,2366,425,unclosed_code_fence;near_num_predict_char_risk,multiple_code_fences_used_longest,
qwen2.5-coder:32b,no_review,crn-013175,1661,376,unclosed_code_fence,multiple_code_fences_used_longest,
qwen2.5-coder:32b,no_review,crn-010224,2441,320,unclosed_code_fence;near_num_predict_char_risk,multiple_code_fences_used_longest,
qwen2.5-coder:32b,no_review,crn-012549,1826,220,unclosed_code_fence;near_num_predict_char_risk,multiple_code_fences_used_longest,
qwen2.5-coder:32b,no_review,crn-011081,2154,405,unclosed_code_fence;near_num_predict_char_risk,multiple_code_fences_used_longest,
qwen2.5-coder:32b,no_review,crn-000265,2445,657,unclosed_code_fence;near_num_predict_char_risk,multiple_code_fences_used_longest,
qwen2.5-coder:32b,no_review,crn-002768,1915,235,unclosed_code_fence;near_num_predict_char_risk,multiple_code_fences_used_longest,
qwen2.5-coder:32b,no_review,crn-009527,1969,505,unclosed_code_fence;near_num_predict_char_risk,multiple_code_fences_used_longest,
qwen2.5-coder:32b,no_review,crn-007875,2201,446,unclosed_code_fence;near_num_predict_char_risk,multiple_code_fences_used_longest,
qwen2.5-coder:32b,no_review,crn-004823,1958,386,unclosed_code_fence;near_num_predict_char_risk,multiple_code_fences_used_longest,
qwen2.5-coder:32b,no_review,crn-011869,2150,302,unclosed_code_fence;near_num_predict_char_risk,multiple_code_fences_used_longest,
qwen2.5-coder:32b,no_review,crn-014710,2044,483,unclosed_code_fence;near_num_predict_char_risk,multiple_code_fences_used_longest,
qwen2.5-coder:32b,no_review,crn-001956,1605,529,unclosed_code_fence,multiple_code_fences_used_longest,
qwen2.5-coder:32b,no_review,crn-000906,690,689,unclosed_code_fence,no_code_fence_used_raw_text,
qwen2.5-coder:32b,no_review,crn-009801,1844,403,near_num_predict_char_risk,multiple_code_fences_used_longest,
qwen2.5-coder:32b,no_review,crn-008668,1973,394,unclosed_code_fence;near_num_predict_char_risk,multiple_code_fences_used_longest,
qwen2.5-coder:32b,no_review,crn-002687,1755,293,unclosed_code_fence,multiple_code_fences_used_longest,
qwen2.5-coder:32b,no_review,crn-007488,2681,577,unclosed_code_fence;near_num_predict_char_risk,multiple_code_fences_used_longest,
qwen2.5-coder:32b,no_review,crn-010976,2242,287,unclosed_code_fence;near_num_predict_char_risk,multiple_code_fences_used_longest,
qwen2.5-coder:32b,no_review,crn-012335,2289,566,unclosed_code_fence;near_num_predict_char_risk,multiple_code_fences_used_longest,
qwen2.5-coder:32b,no_review,crn-000859,2242,487,unclosed_code_fence;near_num_predict_char_risk,multiple_code_fences_used_longest,
qwen2.5-coder:32b,no_review,crn-007726,1839,430,unclosed_code_fence;near_num_predict_char_risk,multiple_code_fences_used_longest,
qwen2.5-coder:32b,no_review,crn-001729,2377,300,unclosed_code_fence;near_num_predict_char_risk,multiple_code_fences_used_longest,
qwen2.5-coder:32b,no_review,crn-000356,2362,547,unclosed_code_fence;near_num_predict_char_risk,multiple_code_fences_used_longest,
qwen2.5-coder:32b,no_review,crn-001319,1898,366,unclosed_code_fence;near_num_predict_char_risk,multiple_code_fences_used_longest,
qwen2.5-coder:32b,no_review,crn-013383,1727,318,unclosed_code_fence,multiple_code_fences_used_longest,
qwen2.5-coder:32b,no_review,crn-014120,2456,285,unclosed_code_fence;near_num_predict_char_risk,multiple_code_fences_used_longest,
qwen2.5-coder:32b,no_review,crn-000927,2064,487,unclosed_code_fence;near_num_predict_char_risk,multiple_code_fences_used_longest,
qwen2.5-coder:32b,no_review,crn-012481,2416,467,unclosed_code_fence;near_num_predict_char_risk,multiple_code_fences_used_longest,
qwen2.5-coder:32b,no_review,crn-011540,2275,328,unclosed_code_fence;near_num_predict_char_risk,multiple_code_fences_used_longest,
qwen2.5-coder:32b,no_review,crn-004594,2197,327,unclosed_code_fence;near_num_predict_char_risk,multiple_code_fences_used_longest,
qwen2.5-coder:32b,no_review,crn-000037,2645,243,unclosed_code_fence;near_num_predict_char_risk,multiple_code_fences_used_longest,
qwen2.5-coder:32b,no_review,crn-009956,2447,355,unclosed_code_fence;near_num_predict_char_risk,multiple_code_fences_used_longest,
qwen2.5-coder:32b,no_review,crn-005167,2002,627,near_num_predict_char_risk,multiple_code_fences_used_longest,
qwen2.5-coder:32b,no_review,crn-011474,1989,409,unclosed_code_fence;near_num_predict_char_risk,multiple_code_fences_used_longest,
qwen2.5-coder:32b,no_review,crn-013491,1878,418,near_num_predict_char_risk,multiple_code_fences_used_longest,
qwen2.5-coder:32b,no_review,crn-001440,1883,524,near_num_predict_char_risk,multiple_code_fences_used_longest,
qwen2.5-coder:32b,no_review,crn-001973,2832,365,unclosed_code_fence;near_num_predict_char_risk,multiple_code_fences_used_longest,
qwen2.5-coder:32b,no_review,crn-007007,1788,256,unclosed_code_fence,multiple_code_fences_used_longest,
qwen2.5-coder:32b,no_review,crn-011724,1999,244,unclosed_code_fence;near_num_predict_char_risk,multiple_code_fences_used_longest,
qwen2.5-coder:32b,no_review,crn-003427,866,364,unclosed_code_fence,extracted_from_code_fence,
qwen2.5-coder:32b,no_review,crn-012081,1950,281,unclosed_code_fence;near_num_predict_char_risk,multiple_code_fences_used_longest,
qwen2.5-coder:32b,no_review,crn-008367,2455,585,unclosed_code_fence;near_num_predict_char_risk,multiple_code_fences_used_longest,
qwen2.5-coder:32b,no_review,crn-000052,1936,870,near_num_predict_char_risk,multiple_code_fences_used_longest,
qwen2.5-coder:32b,no_review,crn-000059,2228,338,unclosed_code_fence;near_num_predict_char_risk,multiple_code_fences_used_longest,
qwen2.5-coder:32b,no_review,crn-000665,2882,876,unclosed_code_fence;near_num_predict_char_risk,multiple_code_fences_used_longest,
qwen2.5-coder:32b,no_review,crn-011146,2630,883,unclosed_code_fence;near_num_predict_char_risk,multiple_code_fences_used_longest,
qwen2.5-coder:32b,no_review,crn-002009,2051,1005,near_num_predict_char_risk,multiple_code_fences_used_longest,
qwen2.5-coder:32b,no_review,crn-009355,2117,391,unclosed_code_fence;near_num_predict_char_risk,multiple_code_fences_used_longest,
qwen2.5-coder:32b,no_review,crn-003047,1967,271,unclosed_code_fence;near_num_predict_char_risk,multiple_code_fences_used_longest,
qwen2.5-coder:32b,no_review,crn-007503,2478,758,unclosed_code_fence;near_num_predict_char_risk,multiple_code_fences_used_longest,
qwen2.5-coder:32b,no_review,crn-007509,2337,614,near_num_predict_char_risk,multiple_code_fences_used_longest,
qwen2.5-coder:32b,no_review,crn-004888,2482,291,unclosed_code_fence;near_num_predict_char_risk,multiple_code_fences_used_longest,
qwen2.5-coder:32b,no_review,crn-009146,2380,438,unclosed_code_fence;near_num_predict_char_risk,multiple_code_fences_used_longest,
qwen2.5-coder:32b,no_review,crn-004746,2036,444,unclosed_code_fence;near_num_predict_char_risk,multiple_code_fences_used_longest,
qwen2.5-coder:32b,no_review,crn-006889,2163,490,near_num_predict_char_risk,multiple_code_fences_used_longest,
qwen2.5-coder:32b,no_review,crn-004904,1969,218,near_num_predict_char_risk,multiple_code_fences_used_longest,
qwen2.5-coder:32b,no_review,crn-011207,2217,465,unclosed_code_fence;near_num_predict_char_risk,multiple_code_fences_used_longest,
qwen2.5-coder:32b,no_review,crn-011400,1869,753,unclosed_code_fence;near_num_predict_char_risk,multiple_code_fences_used_longest,
qwen2.5-coder:32b,no_review,crn-007262,1865,563,unclosed_code_fence;near_num_predict_char_risk,multiple_code_fences_used_longest,
qwen2.5-coder:32b,no_review,crn-013488,2667,596,unclosed_code_fence;near_num_predict_char_risk,multiple_code_fences_used_longest,
qwen2.5-coder:32b,no_review,crn-014942,2479,836,unclosed_code_fence;near_num_predict_char_risk,multiple_code_fences_used_longest,
qwen2.5-coder:32b,no_review,crn-001422,2008,239,unclosed_code_fence;near_num_predict_char_risk,multiple_code_fences_used_longest,
qwen2.5-coder:32b,no_review,crn-014921,2518,348,unclosed_code_fence;near_num_predict_char_risk,multiple_code_fences_used_longest,
qwen2.5-coder:32b,no_review,crn-005780,1908,306,near_num_predict_char_risk,multiple_code_fences_used_longest,
qwen2.5-coder:32b,no_review,crn-007009,2065,610,unclosed_code_fence;near_num_predict_char_risk,multiple_code_fences_used_longest,
qwen2.5-coder:32b,no_review,crn-008947,1626,315,unclosed_code_fence,multiple_code_fences_used_longest,
qwen2.5-coder:32b,no_review,crn-009806,2566,315,unclosed_code_fence;near_num_predict_char_risk,multiple_code_fences_used_longest,
qwen2.5-coder:32b,no_review,crn-005496,2040,463,unclosed_code_fence;near_num_predict_char_risk,multiple_code_fences_used_longest,
qwen2.5-coder:32b,no_review,crn-013702,2504,634,unclosed_code_fence;near_num_predict_char_risk,multiple_code_fences_used_longest,
qwen2.5-coder:32b,no_review,crn-000353,2497,723,unclosed_code_fence;near_num_predict_char_risk,multiple_code_fences_used_longest,
qwen2.5-coder:32b,no_review,crn-010748,2146,236,unclosed_code_fence;near_num_predict_char_risk,multiple_code_fences_used_longest,
qwen2.5-coder:32b,no_review,crn-000295,2814,817,near_num_predict_char_risk,multiple_code_fences_used_longest,
qwen2.5-coder:32b,no_review,crn-007280,2558,243,near_num_predict_char_risk,multiple_code_fences_used_longest,
qwen2.5-coder:32b,no_review,crn-007310,2715,629,unclosed_code_fence;near_num_predict_char_risk,multiple_code_fences_used_longest,
qwen2.5-coder:32b,no_review,crn-000325,2479,269,near_num_predict_char_risk,multiple_code_fences_used_longest,
qwen2.5-coder:32b,no_review,crn-001676,2438,228,unclosed_code_fence;near_num_predict_char_risk,multiple_code_fences_used_longest,
qwen2.5-coder:32b,no_review,crn-007703,2514,1145,unclosed_code_fence;near_num_predict_char_risk,extracted_from_code_fence,
qwen2.5-coder:32b,no_review,crn-009203,2081,608,unclosed_code_fence;near_num_predict_char_risk,multiple_code_fences_used_longest,
qwen2.5-coder:32b,no_review,crn-006932,1852,213,unclosed_code_fence;near_num_predict_char_risk,multiple_code_fences_used_longest,
qwen2.5-coder:32b,no_review,crn-003009,1642,352,unclosed_code_fence,multiple_code_fences_used_longest,
qwen2.5-coder:32b,no_review,crn-012831,1822,371,unclosed_code_fence;near_num_predict_char_risk,multiple_code_fences_used_longest,
qwen2.5-coder:32b,no_review,crn-004411,2002,393,unclosed_code_fence;near_num_predict_char_risk,multiple_code_fences_used_longest,
qwen2.5-coder:32b,no_review,crn-006428,2193,934,unclosed_code_fence;near_num_predict_char_risk,extracted_from_code_fence,
qwen2.5-coder:32b,no_review,crn-005681,2434,589,unclosed_code_fence;near_num_predict_char_risk,multiple_code_fences_used_longest,
qwen2.5-coder:32b,no_review,crn-008688,1822,243,unclosed_code_fence;near_num_predict_char_risk,multiple_code_fences_used_longest,
qwen2.5-coder:32b,no_review,crn-012538,1750,319,unclosed_code_fence,multiple_code_fences_used_longest,
qwen2.5-coder:32b,no_review,crn-009312,2064,175,unclosed_code_fence;near_num_predict_char_risk,multiple_code_fences_used_longest,
qwen2.5-coder:32b,no_review,crn-010214,2413,675,unclosed_code_fence;near_num_predict_char_risk,multiple_code_fences_used_longest,
qwen2.5-coder:32b,no_review,crn-003939,2443,432,near_num_predict_char_risk,multiple_code_fences_used_longest,
qwen2.5-coder:32b,no_review,crn-004042,1786,326,unclosed_code_fence,multiple_code_fences_used_longest,
qwen2.5-coder:32b,no_review,crn-010618,2143,746,unclosed_code_fence;near_num_predict_char_risk,multiple_code_fences_used_longest,
qwen2.5-coder:32b,no_review,crn-003222,2011,358,unclosed_code_fence;near_num_predict_char_risk,multiple_code_fences_used_longest,
qwen2.5-coder:32b,no_review,crn-005275,1882,385,unclosed_code_fence;near_num_predict_char_risk,multiple_code_fences_used_longest,
qwen2.5-coder:32b,no_review,crn-009987,2192,363,unclosed_code_fence;near_num_predict_char_risk,multiple_code_fences_used_longest,
qwen2.5-coder:32b,no_review,crn-007734,2059,303,unclosed_code_fence;near_num_predict_char_risk,multiple_code_fences_used_longest,
qwen2.5-coder:32b,no_review,crn-000580,2453,426,unclosed_code_fence;near_num_predict_char_risk,multiple_code_fences_used_longest,
qwen2.5-coder:32b,no_review,crn-000850,2354,317,unclosed_code_fence;near_num_predict_char_risk,multiple_code_fences_used_longest,
qwen2.5-coder:32b,no_review,crn-013615,2687,522,unclosed_code_fence;near_num_predict_char_risk,multiple_code_fences_used_longest,
qwen2.5-coder:32b,no_review,crn-005059,2246,501,unclosed_code_fence;near_num_predict_char_risk,multiple_code_fences_used_longest,
qwen2.5-coder:32b,no_review,crn-013665,1821,235,near_num_predict_char_risk,multiple_code_fences_used_longest,
qwen2.5-coder:32b,no_review,crn-006335,2037,244,unclosed_code_fence;near_num_predict_char_risk,multiple_code_fences_used_longest,
qwen2.5-coder:32b,no_review,crn-012284,1900,513,near_num_predict_char_risk,multiple_code_fences_used_longest,
qwen2.5-coder:32b,no_review,crn-001472,1887,202,unclosed_code_fence;near_num_predict_char_risk,multiple_code_fences_used_longest,
qwen2.5-coder:32b,no_review,crn-001655,2319,292,unclosed_code_fence;near_num_predict_char_risk,multiple_code_fences_used_longest,
qwen2.5-coder:32b,no_review,crn-004051,1919,886,unclosed_code_fence;near_num_predict_char_risk,extracted_from_code_fence,
qwen2.5-coder:32b,no_review,crn-013752,2545,646,unclosed_code_fence;near_num_predict_char_risk,multiple_code_fences_used_longest,
qwen2.5-coder:32b,no_review,crn-003631,2391,495,unclosed_code_fence;near_num_predict_char_risk,multiple_code_fences_used_longest,
qwen2.5-coder:32b,no_review,crn-001468,2177,651,unclosed_code_fence;near_num_predict_char_risk,multiple_code_fences_used_longest,
qwen2.5-coder:32b,no_review,crn-000496,2485,447,near_num_predict_char_risk,multiple_code_fences_used_longest,
qwen2.5-coder:32b,no_review,crn-013930,2575,906,unclosed_code_fence;near_num_predict_char_risk,multiple_code_fences_used_longest,
qwen2.5-coder:32b,no_review,crn-006435,2772,279,unclosed_code_fence;near_num_predict_char_risk,multiple_code_fences_used_longest,
qwen2.5-coder:32b,no_review,crn-005498,2215,389,unclosed_code_fence;near_num_predict_char_risk,multiple_code_fences_used_longest,
qwen2.5-coder:32b,no_review,crn-009463,2178,473,unclosed_code_fence;near_num_predict_char_risk,multiple_code_fences_used_longest,
qwen2.5-coder:32b,no_review,crn-002089,1868,460,near_num_predict_char_risk,multiple_code_fences_used_longest,
qwen2.5-coder:32b,no_review,crn-013447,2079,300,unclosed_code_fence;near_num_predict_char_risk,multiple_code_fences_used_longest,
qwen2.5-coder:32b,no_review,crn-006295,1997,1095,unclosed_code_fence;near_num_predict_char_risk,extracted_from_code_fence,
qwen2.5-coder:32b,no_review,crn-012755,2257,343,unclosed_code_fence;near_num_predict_char_risk,multiple_code_fences_used_longest,
qwen2.5-coder:32b,no_review,crn-010015,2420,604,unclosed_code_fence;near_num_predict_char_risk,multiple_code_fences_used_longest,
qwen2.5-coder:32b,no_review,crn-013870,2472,519,near_num_predict_char_risk,multiple_code_fences_used_longest,
qwen2.5-coder:32b,no_review,crn-000468,2473,416,unclosed_code_fence;near_num_predict_char_risk,multiple_code_fences_used_longest,
qwen2.5-coder:32b,no_review,crn-009770,2387,312,unclosed_code_fence;near_num_predict_char_risk,multiple_code_fences_used_longest,
qwen2.5-coder:32b,no_review,crn-005978,2470,737,unclosed_code_fence;near_num_predict_char_risk,multiple_code_fences_used_longest,
qwen2.5-coder:32b,no_review,crn-001811,2376,558,unclosed_code_fence;near_num_predict_char_risk,multiple_code_fences_used_longest,
qwen2.5-coder:32b,no_review,crn-003675,2012,837,near_num_predict_char_risk,multiple_code_fences_used_longest,
qwen2.5-coder:32b,no_review,crn-000855,2516,423,unclosed_code_fence;near_num_predict_char_risk,multiple_code_fences_used_longest,
qwen2.5-coder:32b,no_review,crn-011094,1897,284,unclosed_code_fence;near_num_predict_char_risk,multiple_code_fences_used_longest,
qwen2.5-coder:32b,no_review,crn-014112,2122,250,unclosed_code_fence;near_num_predict_char_risk,multiple_code_fences_used_longest,
qwen2.5-coder:32b,no_review,crn-011831,1632,814,unclosed_code_fence,extracted_from_code_fence,
qwen2.5-coder:32b,no_review,crn-013674,1967,603,near_num_predict_char_risk,multiple_code_fences_used_longest,
qwen2.5-coder:32b,no_review,crn-000069,2292,778,unclosed_code_fence;near_num_predict_char_risk,multiple_code_fences_used_longest,
qwen2.5-coder:32b,no_review,crn-004512,2457,108,unclosed_code_fence;near_num_predict_char_risk,multiple_code_fences_used_longest,
qwen2.5-coder:32b,no_review,crn-001994,1810,616,near_num_predict_char_risk,multiple_code_fences_used_longest,
qwen2.5-coder:32b,no_review,crn-011350,2205,668,near_num_predict_char_risk,multiple_code_fences_used_longest,
qwen2.5-coder:32b,no_review,crn-012263,2049,241,unclosed_code_fence;near_num_predict_char_risk,multiple_code_fences_used_longest,
qwen2.5-coder:32b,no_review,crn-005390,2371,513,unclosed_code_fence;near_num_predict_char_risk,multiple_code_fences_used_longest,
qwen2.5-coder:32b,no_review,crn-000809,2421,472,unclosed_code_fence;near_num_predict_char_risk,multiple_code_fences_used_longest,
qwen2.5-coder:32b,no_review,crn-002761,2089,717,unclosed_code_fence;near_num_predict_char_risk,multiple_code_fences_used_longest,
qwen2.5-coder:32b,no_review,crn-005371,2795,876,unclosed_code_fence;near_num_predict_char_risk,multiple_code_fences_used_longest,
qwen2.5-coder:32b,no_review,crn-002601,1928,529,near_num_predict_char_risk,multiple_code_fences_used_longest,
qwen2.5-coder:32b,no_review,crn-003698,2029,294,unclosed_code_fence;near_num_predict_char_risk,multiple_code_fences_used_longest,
qwen2.5-coder:32b,no_review,crn-000099,2616,362,unclosed_code_fence;near_num_predict_char_risk,multiple_code_fences_used_longest,
qwen2.5-coder:32b,no_review,crn-010021,1863,390,near_num_predict_char_risk,multiple_code_fences_used_longest,
qwen2.5-coder:32b,no_review,crn-001928,2370,441,unclosed_code_fence;near_num_predict_char_risk,multiple_code_fences_used_longest,
qwen2.5-coder:32b,no_review,crn-009939,2129,118,near_num_predict_char_risk,multiple_code_fences_used_longest,
qwen2.5-coder:32b,no_review,crn-008738,2617,443,unclosed_code_fence;near_num_predict_char_risk,multiple_code_fences_used_longest,
qwen2.5-coder:32b,no_review,crn-014010,1815,673,unclosed_code_fence;near_num_predict_char_risk,multiple_code_fences_used_longest,
qwen2.5-coder:32b,no_review,crn-013731,2173,869,near_num_predict_char_risk,multiple_code_fences_used_longest,
qwen2.5-coder:32b,no_review,crn-011603,1900,884,near_num_predict_char_risk,multiple_code_fences_used_longest,
qwen2.5-coder:32b,no_review,crn-006226,1806,507,unclosed_code_fence;near_num_predict_char_risk,multiple_code_fences_used_longest,
qwen2.5-coder:32b,no_review,crn-011115,2302,278,near_num_predict_char_risk,multiple_code_fences_used_longest,
qwen2.5-coder:32b,no_review,crn-006938,2049,286,unclosed_code_fence;near_num_predict_char_risk,multiple_code_fences_used_longest,
qwen2.5-coder:32b,no_review,crn-005442,2137,374,unclosed_code_fence;near_num_predict_char_risk,multiple_code_fences_used_longest,
qwen2.5-coder:32b,no_review,crn-006204,1941,389,unclosed_code_fence;near_num_predict_char_risk,multiple_code_fences_used_longest,
qwen2.5-coder:32b,no_review,crn-004085,1924,359,unclosed_code_fence;near_num_predict_char_risk,multiple_code_fences_used_longest,
qwen2.5-coder:32b,no_review,crn-014684,2544,535,unclosed_code_fence;near_num_predict_char_risk,multiple_code_fences_used_longest,
qwen2.5-coder:32b,no_review,crn-009198,2368,385,unclosed_code_fence;near_num_predict_char_risk,multiple_code_fences_used_longest,
qwen2.5-coder:32b,no_review,crn-012441,2245,473,unclosed_code_fence;near_num_predict_char_risk,multiple_code_fences_used_longest,
qwen2.5-coder:32b,no_review,crn-005775,2061,330,unclosed_code_fence;near_num_predict_char_risk,multiple_code_fences_used_longest,
qwen2.5-coder:32b,no_review,crn-006451,2117,278,unclosed_code_fence;near_num_predict_char_risk,multiple_code_fences_used_longest,
qwen2.5-coder:32b,no_review,crn-001447,2489,315,unclosed_code_fence;near_num_predict_char_risk,multiple_code_fences_used_longest,
qwen2.5-coder:32b,no_review,crn-013378,1899,283,unclosed_code_fence;near_num_predict_char_risk,multiple_code_fences_used_longest,
qwen2.5-coder:32b,no_review,crn-004976,2294,531,unclosed_code_fence;near_num_predict_char_risk,multiple_code_fences_used_longest,
qwen2.5-coder:32b,no_review,crn-002078,860,381,unclosed_code_fence,extracted_from_code_fence,
qwen2.5-coder:32b,no_review,crn-007018,1906,1321,unclosed_code_fence;near_num_predict_char_risk,extracted_from_code_fence,
qwen2.5-coder:32b,no_review,crn-001043,2729,363,unclosed_code_fence;near_num_predict_char_risk,multiple_code_fences_used_longest,
qwen2.5-coder:32b,no_review,crn-005144,2028,415,unclosed_code_fence;near_num_predict_char_risk,multiple_code_fences_used_longest,
qwen2.5-coder:32b,no_review,crn-006078,1910,422,unclosed_code_fence;near_num_predict_char_risk,multiple_code_fences_used_longest,
qwen2.5-coder:32b,no_review,crn-003899,2083,297,unclosed_code_fence;near_num_predict_char_risk,multiple_code_fences_used_longest,
qwen2.5-coder:32b,no_review,crn-002505,1528,178,unclosed_code_fence,multiple_code_fences_used_longest,
qwen2.5-coder:32b,no_review,crn-003470,2397,201,near_num_predict_char_risk,multiple_code_fences_used_longest,
qwen2.5-coder:32b,no_review,crn-003866,2308,471,unclosed_code_fence;near_num_predict_char_risk,multiple_code_fences_used_longest,
qwen2.5-coder:32b,no_review,crn-007731,2060,346,unclosed_code_fence;near_num_predict_char_risk,multiple_code_fences_used_longest,
qwen2.5-coder:32b,no_review,crn-009536,2584,593,unclosed_code_fence;near_num_predict_char_risk,multiple_code_fences_used_longest,
qwen2.5-coder:32b,no_review,crn-012112,2521,331,unclosed_code_fence;near_num_predict_char_risk,multiple_code_fences_used_longest,
qwen2.5-coder:32b,no_review,crn-011794,2263,380,unclosed_code_fence;near_num_predict_char_risk,multiple_code_fences_used_longest,
qwen2.5-coder:32b,no_review,crn-005196,2211,366,unclosed_code_fence;near_num_predict_char_risk,multiple_code_fences_used_longest,
qwen2.5-coder:32b,no_review,crn-003893,2097,254,unclosed_code_fence;near_num_predict_char_risk,multiple_code_fences_used_longest,
qwen2.5-coder:32b,no_review,crn-002022,2240,539,unclosed_code_fence;near_num_predict_char_risk,multiple_code_fences_used_longest,
qwen2.5-coder:32b,no_review,crn-005027,1995,653,unclosed_code_fence;near_num_predict_char_risk,multiple_code_fences_used_longest,
qwen2.5-coder:32b,no_review,crn-010950,2582,344,unclosed_code_fence;near_num_predict_char_risk,multiple_code_fences_used_longest,
qwen2.5-coder:32b,no_review,crn-012641,1948,363,unclosed_code_fence;near_num_predict_char_risk,multiple_code_fences_used_longest,
qwen2.5-coder:32b,no_review,crn-013631,2545,649,near_num_predict_char_risk,multiple_code_fences_used_longest,
qwen2.5-coder:32b,no_review,crn-004680,2043,296,unclosed_code_fence;near_num_predict_char_risk,multiple_code_fences_used_longest,
qwen2.5-coder:32b,no_review,crn-012056,2032,557,unclosed_code_fence;near_num_predict_char_risk,multiple_code_fences_used_longest,
qwen2.5-coder:32b,no_review,crn-008175,736,735,unclosed_code_fence,no_code_fence_used_raw_text,
qwen2.5-coder:32b,no_review,crn-010768,2044,340,unclosed_code_fence;near_num_predict_char_risk,multiple_code_fences_used_longest,
qwen2.5-coder:32b,no_review,crn-004133,1775,112,unclosed_code_fence,multiple_code_fences_used_longest,
qwen2.5-coder:32b,no_review,crn-010112,2881,518,unclosed_code_fence;near_num_predict_char_risk,multiple_code_fences_used_longest,
qwen2.5-coder:32b,no_review,crn-009729,2463,555,unclosed_code_fence;near_num_predict_char_risk,multiple_code_fences_used_longest,
qwen2.5-coder:32b,no_review,crn-003501,2135,649,unclosed_code_fence;near_num_predict_char_risk,multiple_code_fences_used_longest,
qwen2.5-coder:32b,no_review,crn-001863,2257,400,near_num_predict_char_risk,multiple_code_fences_used_longest,
qwen2.5-coder:32b,no_review,crn-003496,2110,575,unclosed_code_fence;near_num_predict_char_risk,multiple_code_fences_used_longest,
qwen2.5-coder:32b,no_review,crn-009263,1790,305,unclosed_code_fence,multiple_code_fences_used_longest,
qwen2.5-coder:32b,no_review,crn-005291,2032,313,unclosed_code_fence;near_num_predict_char_risk,multiple_code_fences_used_longest,
qwen2.5-coder:32b,no_review,crn-013981,2220,299,unclosed_code_fence;near_num_predict_char_risk,multiple_code_fences_used_longest,
qwen2.5-coder:32b,no_review,crn-009033,1890,291,unclosed_code_fence;near_num_predict_char_risk,multiple_code_fences_used_longest,
qwen2.5-coder:32b,no_review,crn-004010,1983,424,unclosed_code_fence;near_num_predict_char_risk,multiple_code_fences_used_longest,
qwen2.5-coder:32b,no_review,crn-005341,2213,263,unclosed_code_fence;near_num_predict_char_risk,multiple_code_fences_used_longest,
qwen2.5-coder:32b,no_review,crn-012952,1844,403,near_num_predict_char_risk,multiple_code_fences_used_longest,
qwen2.5-coder:32b,no_review,crn-014307,2053,204,unclosed_code_fence;near_num_predict_char_risk,multiple_code_fences_used_longest,
qwen2.5-coder:32b,no_review,crn-012017,2236,773,near_num_predict_char_risk,multiple_code_fences_used_longest,
qwen2.5-coder:32b,no_review,crn-004576,2232,482,near_num_predict_char_risk,multiple_code_fences_used_longest,
qwen2.5-coder:32b,no_review,crn-001553,2612,476,unclosed_code_fence;near_num_predict_char_risk,multiple_code_fences_used_longest,
qwen2.5-coder:32b,no_review,crn-010853,250,249,unclosed_code_fence,no_code_fence_used_raw_text,
qwen2.5-coder:32b,no_review,crn-014866,2426,771,unclosed_code_fence;near_num_predict_char_risk,multiple_code_fences_used_longest,
qwen2.5-coder:32b,no_review,crn-002325,1808,689,unclosed_code_fence;near_num_predict_char_risk,multiple_code_fences_used_longest,
qwen2.5-coder:32b,no_review,crn-000438,2078,459,unclosed_code_fence;near_num_predict_char_risk,multiple_code_fences_used_longest,
qwen2.5-coder:32b,no_review,crn-013003,1959,483,unclosed_code_fence;near_num_predict_char_risk,multiple_code_fences_used_longest,
qwen2.5-coder:32b,no_review,crn-000066,477,381,unclosed_code_fence,extracted_from_code_fence,
qwen2.5-coder:32b,no_review,crn-009043,2209,328,unclosed_code_fence;near_num_predict_char_risk,multiple_code_fences_used_longest,
qwen2.5-coder:32b,no_review,crn-002509,1876,598,unclosed_code_fence;near_num_predict_char_risk,multiple_code_fences_used_longest,
qwen2.5-coder:32b,no_review,crn-002608,1697,352,unclosed_code_fence,multiple_code_fences_used_longest,
qwen2.5-coder:32b,no_review,crn-013703,2504,634,unclosed_code_fence;near_num_predict_char_risk,multiple_code_fences_used_longest,
qwen2.5-coder:32b,no_review,crn-010607,1762,493,unclosed_code_fence,multiple_code_fences_used_longest,
qwen2.5-coder:32b,no_review,crn-012353,1635,234,unclosed_code_fence,multiple_code_fences_used_longest,
qwen2.5-coder:32b,no_review,crn-001145,2234,348,unclosed_code_fence;near_num_predict_char_risk,multiple_code_fences_used_longest,
qwen2.5-coder:32b,no_review,crn-001796,2229,806,unclosed_code_fence;near_num_predict_char_risk,multiple_code_fences_used_longest,
qwen2.5-coder:32b,no_review,crn-005438,2141,318,unclosed_code_fence;near_num_predict_char_risk,multiple_code_fences_used_longest,
qwen2.5-coder:32b,no_review,crn-008710,1796,486,near_num_predict_char_risk,multiple_code_fences_used_longest,
qwen2.5-coder:32b,no_review,crn-006356,2029,294,near_num_predict_char_risk,multiple_code_fences_used_longest,
qwen2.5-coder:32b,no_review,crn-006710,2131,382,unclosed_code_fence;near_num_predict_char_risk,multiple_code_fences_used_longest,
qwen2.5-coder:32b,no_review,crn-008160,2039,342,unclosed_code_fence;near_num_predict_char_risk,multiple_code_fences_used_longest,
qwen2.5-coder:32b,no_review,crn-008172,2644,897,unclosed_code_fence;near_num_predict_char_risk,multiple_code_fences_used_longest,
qwen2.5-coder:32b,no_review,crn-007838,2054,164,unclosed_code_fence;near_num_predict_char_risk,multiple_code_fences_used_longest,
qwen2.5-coder:32b,no_review,crn-004881,1762,441,unclosed_code_fence,multiple_code_fences_used_longest,
qwen2.5-coder:32b,no_review,crn-011763,1995,408,unclosed_code_fence;near_num_predict_char_risk,multiple_code_fences_used_longest,
qwen2.5-coder:32b,no_review,crn-005868,2127,485,unclosed_code_fence;near_num_predict_char_risk,multiple_code_fences_used_longest,
qwen2.5-coder:32b,no_review,crn-005517,2031,416,unclosed_code_fence;near_num_predict_char_risk,multiple_code_fences_used_longest,
qwen2.5-coder:32b,no_review,crn-010735,2123,287,unclosed_code_fence;near_num_predict_char_risk,multiple_code_fences_used_longest,
qwen2.5-coder:32b,no_review,crn-006466,2416,237,unclosed_code_fence;near_num_predict_char_risk,multiple_code_fences_used_longest,
qwen2.5-coder:32b,no_review,crn-011802,2275,386,unclosed_code_fence;near_num_predict_char_risk,multiple_code_fences_used_longest,
qwen2.5-coder:32b,no_review,crn-010120,2210,793,unclosed_code_fence;near_num_predict_char_risk,multiple_code_fences_used_longest,
qwen2.5-coder:32b,no_review,crn-011409,1771,518,unclosed_code_fence,multiple_code_fences_used_longest,
qwen2.5-coder:32b,no_review,crn-005116,2091,250,unclosed_code_fence;near_num_predict_char_risk,multiple_code_fences_used_longest,
qwen2.5-coder:32b,no_review,crn-001968,2288,322,unclosed_code_fence;near_num_predict_char_risk,multiple_code_fences_used_longest,
qwen2.5-coder:32b,no_review,crn-013376,1944,293,unclosed_code_fence;near_num_predict_char_risk,multiple_code_fences_used_longest,
qwen2.5-coder:32b,no_review,crn-003300,2047,322,unclosed_code_fence;near_num_predict_char_risk,multiple_code_fences_used_longest,
qwen2.5-coder:32b,no_review,crn-004581,2298,421,unclosed_code_fence;near_num_predict_char_risk,multiple_code_fences_used_longest,
qwen2.5-coder:32b,no_review,crn-000880,2733,217,unclosed_code_fence;near_num_predict_char_risk,multiple_code_fences_used_longest,
qwen2.5-coder:32b,no_review,crn-008968,2139,1051,unclosed_code_fence;near_num_predict_char_risk,extracted_from_code_fence,
qwen2.5-coder:32b,no_review,crn-004735,2065,339,unclosed_code_fence;near_num_predict_char_risk,multiple_code_fences_used_longest,
qwen2.5-coder:32b,no_review,crn-002326,1757,663,unclosed_code_fence,multiple_code_fences_used_longest,
qwen2.5-coder:32b,no_review,crn-003800,2166,595,unclosed_code_fence;near_num_predict_char_risk,multiple_code_fences_used_longest,
qwen2.5-coder:32b,no_review,crn-010822,2003,389,unclosed_code_fence;near_num_predict_char_risk,multiple_code_fences_used_longest,
qwen2.5-coder:32b,no_review,crn-012581,1978,235,unclosed_code_fence;near_num_predict_char_risk,multiple_code_fences_used_longest,
qwen2.5-coder:32b,no_review,crn-011053,2367,433,unclosed_code_fence;near_num_predict_char_risk,multiple_code_fences_used_longest,
qwen2.5-coder:32b,no_review,crn-007272,2137,317,unclosed_code_fence;near_num_predict_char_risk,multiple_code_fences_used_longest,
qwen2.5-coder:32b,no_review,crn-010620,2143,746,unclosed_code_fence;near_num_predict_char_risk,multiple_code_fences_used_longest,
qwen2.5-coder:32b,no_review,crn-009963,2326,470,near_num_predict_char_risk,multiple_code_fences_used_longest,
qwen2.5-coder:32b,no_review,crn-011014,2705,543,unclosed_code_fence;near_num_predict_char_risk,multiple_code_fences_used_longest,
qwen2.5-coder:32b,no_review,crn-012040,2201,308,unclosed_code_fence;near_num_predict_char_risk,multiple_code_fences_used_longest,
qwen2.5-coder:32b,no_review,crn-009888,2660,271,unclosed_code_fence;near_num_predict_char_risk,multiple_code_fences_used_longest,
qwen2.5-coder:32b,no_review,crn-014813,2214,886,unclosed_code_fence;near_num_predict_char_risk,multiple_code_fences_used_longest,
qwen2.5-coder:32b,no_review,crn-006671,2223,569,unclosed_code_fence;near_num_predict_char_risk,multiple_code_fences_used_longest,
qwen2.5-coder:32b,no_review,crn-006250,1899,711,unclosed_code_fence;near_num_predict_char_risk,multiple_code_fences_used_longest,
qwen2.5-coder:32b,no_review,crn-006891,2362,737,unclosed_code_fence;near_num_predict_char_risk,multiple_code_fences_used_longest,
qwen2.5-coder:32b,no_review,crn-004885,1449,225,unclosed_code_fence,multiple_code_fences_used_longest,
qwen2.5-coder:32b,no_review,crn-005186,2460,388,unclosed_code_fence;near_num_predict_char_risk,multiple_code_fences_used_longest,
qwen2.5-coder:32b,no_review,crn-009505,2352,412,unclosed_code_fence;near_num_predict_char_risk,multiple_code_fences_used_longest,
qwen2.5-coder:32b,no_review,crn-003656,1919,383,unclosed_code_fence;near_num_predict_char_risk,multiple_code_fences_used_longest,
qwen2.5-coder:32b,no_review,crn-011548,2117,427,unclosed_code_fence;near_num_predict_char_risk,multiple_code_fences_used_longest,
qwen2.5-coder:32b,no_review,crn-002625,2408,485,unclosed_code_fence;near_num_predict_char_risk,multiple_code_fences_used_longest,
qwen2.5-coder:32b,no_review,crn-012823,1811,273,unclosed_code_fence;near_num_predict_char_risk,multiple_code_fences_used_longest,
qwen2.5-coder:32b,no_review,crn-011359,2182,623,near_num_predict_char_risk,multiple_code_fences_used_longest,
qwen2.5-coder:32b,no_review,crn-012154,2044,489,unclosed_code_fence;near_num_predict_char_risk,multiple_code_fences_used_longest,
qwen2.5-coder:32b,no_review,crn-012862,1970,536,unclosed_code_fence;near_num_predict_char_risk,multiple_code_fences_used_longest,
qwen2.5-coder:32b,no_review,crn-000127,2463,244,unclosed_code_fence;near_num_predict_char_risk,multiple_code_fences_used_longest,
qwen2.5-coder:32b,no_review,crn-006368,2035,527,unclosed_code_fence;near_num_predict_char_risk,multiple_code_fences_used_longest,
qwen2.5-coder:32b,no_review,crn-004384,2294,330,unclosed_code_fence;near_num_predict_char_risk,multiple_code_fences_used_longest,
qwen2.5-coder:32b,no_review,crn-011683,1772,408,unclosed_code_fence,multiple_code_fences_used_longest,
qwen2.5-coder:32b,no_review,crn-009493,2258,626,unclosed_code_fence;near_num_predict_char_risk,multiple_code_fences_used_longest,
qwen2.5-coder:32b,no_review,crn-008071,2442,324,unclosed_code_fence;near_num_predict_char_risk,multiple_code_fences_used_longest,
qwen2.5-coder:32b,no_review,crn-005428,2477,377,unclosed_code_fence;near_num_predict_char_risk,multiple_code_fences_used_longest,
qwen2.5-coder:32b,no_review,crn-007971,1525,493,unclosed_code_fence,multiple_code_fences_used_longest,
qwen2.5-coder:32b,no_review,crn-004898,2045,316,unclosed_code_fence;near_num_predict_char_risk,multiple_code_fences_used_longest,
qwen2.5-coder:32b,no_review,crn-000363,868,226,unclosed_code_fence,extracted_from_code_fence,
qwen2.5-coder:32b,no_review,crn-014898,2289,455,unclosed_code_fence;near_num_predict_char_risk,multiple_code_fences_used_longest,
qwen2.5-coder:32b,no_review,crn-010760,2227,403,near_num_predict_char_risk,multiple_code_fences_used_longest,
qwen2.5-coder:32b,no_review,crn-003192,2320,258,unclosed_code_fence;near_num_predict_char_risk,multiple_code_fences_used_longest,
qwen2.5-coder:32b,no_review,crn-000302,2059,378,unclosed_code_fence;near_num_predict_char_risk,multiple_code_fences_used_longest,
qwen2.5-coder:32b,no_review,crn-001092,1852,240,unclosed_code_fence;near_num_predict_char_risk,multiple_code_fences_used_longest,
qwen2.5-coder:32b,no_review,crn-012765,2189,371,unclosed_code_fence;near_num_predict_char_risk,multiple_code_fences_used_longest,
qwen2.5-coder:32b,no_review,crn-004251,2219,274,unclosed_code_fence;near_num_predict_char_risk,multiple_code_fences_used_longest,
qwen2.5-coder:32b,no_review,crn-006776,2003,295,unclosed_code_fence;near_num_predict_char_risk,multiple_code_fences_used_longest,
qwen2.5-coder:32b,no_review,crn-001570,179,178,unclosed_code_fence,no_code_fence_used_raw_text,
qwen2.5-coder:32b,no_review,crn-004313,2172,312,unclosed_code_fence;near_num_predict_char_risk,multiple_code_fences_used_longest,
qwen2.5-coder:32b,no_review,crn-007612,2207,456,unclosed_code_fence;near_num_predict_char_risk,multiple_code_fences_used_longest,
qwen2.5-coder:32b,no_review,crn-003976,1965,249,unclosed_code_fence;near_num_predict_char_risk,multiple_code_fences_used_longest,
qwen2.5-coder:32b,no_review,crn-004168,1913,604,unclosed_code_fence;near_num_predict_char_risk,multiple_code_fences_used_longest,
qwen2.5-coder:32b,no_review,crn-010789,2314,248,near_num_predict_char_risk,multiple_code_fences_used_longest,
qwen2.5-coder:32b,no_review,crn-003724,1756,331,unclosed_code_fence,multiple_code_fences_used_longest,
qwen2.5-coder:32b,no_review,crn-014524,2182,374,unclosed_code_fence;near_num_predict_char_risk,multiple_code_fences_used_longest,
qwen2.5-coder:32b,no_review,crn-004094,1714,341,unclosed_code_fence,multiple_code_fences_used_longest,
qwen2.5-coder:32b,no_review,crn-010282,2087,606,unclosed_code_fence;near_num_predict_char_risk,multiple_code_fences_used_longest,
qwen2.5-coder:32b,no_review,crn-002591,2030,339,unclosed_code_fence;near_num_predict_char_risk,multiple_code_fences_used_longest,
qwen2.5-coder:32b,no_review,crn-007070,1806,533,unclosed_code_fence;near_num_predict_char_risk,multiple_code_fences_used_longest,
qwen2.5-coder:32b,no_review,crn-000961,2219,316,unclosed_code_fence;near_num_predict_char_risk,multiple_code_fences_used_longest,
qwen2.5-coder:32b,no_review,crn-005162,2102,417,unclosed_code_fence;near_num_predict_char_risk,multiple_code_fences_used_longest,
qwen2.5-coder:32b,no_review,crn-011757,2151,301,near_num_predict_char_risk,multiple_code_fences_used_longest,
qwen2.5-coder:32b,no_review,crn-010603,2222,256,unclosed_code_fence;near_num_predict_char_risk,multiple_code_fences_used_longest,
qwen2.5-coder:32b,no_review,crn-000546,1904,464,near_num_predict_char_risk,multiple_code_fences_used_longest,
qwen2.5-coder:32b,no_review,crn-006561,1718,185,unclosed_code_fence,multiple_code_fences_used_longest,
qwen2.5-coder:32b,no_review,crn-011039,2166,359,unclosed_code_fence;near_num_predict_char_risk,multiple_code_fences_used_longest,
qwen2.5-coder:32b,no_review,crn-010662,2251,293,unclosed_code_fence;near_num_predict_char_risk,multiple_code_fences_used_longest,
qwen2.5-coder:32b,no_review,crn-011626,1868,293,near_num_predict_char_risk,multiple_code_fences_used_longest,
qwen2.5-coder:32b,no_review,crn-014801,2150,445,unclosed_code_fence;near_num_predict_char_risk,multiple_code_fences_used_longest,
qwen2.5-coder:32b,no_review,crn-014537,1819,476,unclosed_code_fence;near_num_predict_char_risk,multiple_code_fences_used_longest,
qwen2.5-coder:32b,no_review,crn-012179,2599,605,unclosed_code_fence;near_num_predict_char_risk,multiple_code_fences_used_longest,
qwen2.5-coder:32b,no_review,crn-009719,2157,572,near_num_predict_char_risk,multiple_code_fences_used_longest,
qwen2.5-coder:32b,no_review,crn-007551,3069,374,unclosed_code_fence;near_num_predict_char_risk,multiple_code_fences_used_longest,
qwen2.5-coder:32b,no_review,crn-005540,1959,493,unclosed_code_fence;near_num_predict_char_risk,multiple_code_fences_used_longest,
qwen2.5-coder:32b,no_review,crn-009895,2042,311,unclosed_code_fence;near_num_predict_char_risk,multiple_code_fences_used_longest,
qwen2.5-coder:32b,no_review,crn-010284,1778,296,unclosed_code_fence,multiple_code_fences_used_longest,
qwen2.5-coder:32b,no_review,crn-007917,2564,235,unclosed_code_fence;near_num_predict_char_risk,multiple_code_fences_used_longest,
qwen2.5-coder:32b,no_review,crn-005076,2100,347,unclosed_code_fence;near_num_predict_char_risk,multiple_code_fences_used_longest,
qwen2.5-coder:32b,no_review,crn-009248,2116,496,unclosed_code_fence;near_num_predict_char_risk,multiple_code_fences_used_longest,
qwen2.5-coder:32b,no_review,crn-005653,1815,381,unclosed_code_fence;near_num_predict_char_risk,multiple_code_fences_used_longest,
qwen2.5-coder:32b,no_review,crn-000050,2664,329,unclosed_code_fence;near_num_predict_char_risk,multiple_code_fences_used_longest,
qwen2.5-coder:32b,no_review,crn-008695,2465,350,unclosed_code_fence;near_num_predict_char_risk,multiple_code_fences_used_longest,
qwen2.5-coder:32b,no_review,crn-008664,1913,289,unclosed_code_fence;near_num_predict_char_risk,multiple_code_fences_used_longest,
qwen2.5-coder:32b,no_review,crn-012334,2302,210,near_num_predict_char_risk,multiple_code_fences_used_longest,
qwen2.5-coder:32b,no_review,crn-005687,2427,654,near_num_predict_char_risk,multiple_code_fences_used_longest,
qwen2.5-coder:32b,no_review,crn-009315,2036,555,unclosed_code_fence;near_num_predict_char_risk,multiple_code_fences_used_longest,
qwen2.5-coder:32b,no_review,crn-014140,2000,262,near_num_predict_char_risk,multiple_code_fences_used_longest,
qwen2.5-coder:32b,no_review,crn-001597,2466,449,unclosed_code_fence;near_num_predict_char_risk,multiple_code_fences_used_longest,
qwen2.5-coder:32b,no_review,crn-001920,2052,465,unclosed_code_fence;near_num_predict_char_risk,multiple_code_fences_used_longest,
qwen2.5-coder:32b,no_review,crn-002141,2195,411,unclosed_code_fence;near_num_predict_char_risk,multiple_code_fences_used_longest,
qwen2.5-coder:32b,no_review,crn-009127,2311,420,unclosed_code_fence;near_num_predict_char_risk,multiple_code_fences_used_longest,
qwen2.5-coder:32b,no_review,crn-013150,1018,1017,unclosed_code_fence,no_code_fence_used_raw_text,
qwen2.5-coder:32b,no_review,crn-008297,2699,308,unclosed_code_fence;near_num_predict_char_risk,multiple_code_fences_used_longest,
qwen2.5-coder:32b,no_review,crn-013333,1963,366,unclosed_code_fence;near_num_predict_char_risk,multiple_code_fences_used_longest,
qwen2.5-coder:32b,no_review,crn-004707,2435,451,unclosed_code_fence;near_num_predict_char_risk,multiple_code_fences_used_longest,
qwen2.5-coder:32b,no_review,crn-004321,1934,462,unclosed_code_fence;near_num_predict_char_risk,multiple_code_fences_used_longest,
qwen2.5-coder:32b,no_review,crn-013024,1774,480,unclosed_code_fence,multiple_code_fences_used_longest,
qwen2.5-coder:32b,no_review,crn-003879,2301,300,unclosed_code_fence;near_num_predict_char_risk,multiple_code_fences_used_longest,
qwen2.5-coder:32b,no_review,crn-007397,1822,860,near_num_predict_char_risk,multiple_code_fences_used_longest,
qwen2.5-coder:32b,no_review,crn-007678,2415,614,unclosed_code_fence;near_num_predict_char_risk,multiple_code_fences_used_longest,
qwen2.5-coder:32b,no_review,crn-014020,2292,591,unclosed_code_fence;near_num_predict_char_risk,multiple_code_fences_used_longest,
qwen2.5-coder:32b,no_review,crn-010979,1970,248,near_num_predict_char_risk,multiple_code_fences_used_longest,
qwen2.5-coder:32b,no_review,crn-005036,1795,245,unclosed_code_fence;near_num_predict_char_risk,multiple_code_fences_used_longest,
qwen2.5-coder:32b,no_review,crn-007585,2492,538,unclosed_code_fence;near_num_predict_char_risk,multiple_code_fences_used_longest,
qwen2.5-coder:32b,no_review,crn-012681,2165,637,unclosed_code_fence;near_num_predict_char_risk,multiple_code_fences_used_longest,
qwen2.5-coder:32b,no_review,crn-010832,2005,664,unclosed_code_fence;near_num_predict_char_risk,multiple_code_fences_used_longest,
qwen2.5-coder:32b,no_review,crn-008889,2065,796,unclosed_code_fence;near_num_predict_char_risk,multiple_code_fences_used_longest,
qwen2.5-coder:32b,no_review,crn-000454,2541,471,unclosed_code_fence;near_num_predict_char_risk,multiple_code_fences_used_longest,
qwen2.5-coder:32b,no_review,crn-014211,2105,986,unclosed_code_fence;near_num_predict_char_risk,extracted_from_code_fence,
qwen2.5-coder:32b,no_review,crn-002018,2721,507,unclosed_code_fence;near_num_predict_char_risk,multiple_code_fences_used_longest,
qwen2.5-coder:32b,no_review,crn-003377,2165,554,unclosed_code_fence;near_num_predict_char_risk,multiple_code_fences_used_longest,
qwen2.5-coder:32b,no_review,crn-008183,2493,401,near_num_predict_char_risk,multiple_code_fences_used_longest,
qwen2.5-coder:32b,no_review,crn-008251,2600,261,unclosed_code_fence;near_num_predict_char_risk,multiple_code_fences_used_longest,
qwen2.5-coder:32b,no_review,crn-010343,1750,553,unclosed_code_fence,multiple_code_fences_used_longest,
qwen2.5-coder:32b,no_review,crn-007924,1941,315,near_num_predict_char_risk,multiple_code_fences_used_longest,
qwen2.5-coder:32b,no_review,crn-011648,2189,288,unclosed_code_fence;near_num_predict_char_risk,multiple_code_fences_used_longest,
qwen2.5-coder:32b,no_review,crn-003677,2213,592,unclosed_code_fence;near_num_predict_char_risk,multiple_code_fences_used_longest,
qwen2.5-coder:32b,no_review,crn-013980,2499,300,unclosed_code_fence;near_num_predict_char_risk,multiple_code_fences_used_longest,
qwen2.5-coder:32b,no_review,crn-001192,2404,437,unclosed_code_fence;near_num_predict_char_risk,multiple_code_fences_used_longest,
qwen2.5-coder:32b,no_review,crn-013723,2486,424,near_num_predict_char_risk,multiple_code_fences_used_longest,
qwen2.5-coder:32b,no_review,crn-009339,2268,344,unclosed_code_fence;near_num_predict_char_risk,multiple_code_fences_used_longest,
qwen2.5-coder:32b,no_review,crn-012201,1933,601,near_num_predict_char_risk,multiple_code_fences_used_longest,
qwen2.5-coder:32b,no_review,crn-001320,425,424,unclosed_code_fence,no_code_fence_used_raw_text,
qwen2.5-coder:32b,no_review,crn-003134,2135,866,unclosed_code_fence;near_num_predict_char_risk,multiple_code_fences_used_longest,
qwen2.5-coder:32b,no_review,crn-005991,1878,225,unclosed_code_fence;near_num_predict_char_risk,multiple_code_fences_used_longest,
qwen2.5-coder:32b,no_review,crn-014418,2332,913,unclosed_code_fence;near_num_predict_char_risk,multiple_code_fences_used_longest,
qwen2.5-coder:32b,no_review,crn-000939,2169,268,unclosed_code_fence;near_num_predict_char_risk,multiple_code_fences_used_longest,
qwen2.5-coder:32b,no_review,crn-009893,2160,667,unclosed_code_fence;near_num_predict_char_risk,multiple_code_fences_used_longest,
qwen2.5-coder:32b,no_review,crn-005921,1719,286,unclosed_code_fence,multiple_code_fences_used_longest,
qwen2.5-coder:32b,no_review,crn-009342,2304,272,unclosed_code_fence;near_num_predict_char_risk,multiple_code_fences_used_longest,
qwen2.5-coder:32b,no_review,crn-007476,1797,649,near_num_predict_char_risk,multiple_code_fences_used_longest,
qwen2.5-coder:32b,no_review,crn-010572,2145,257,unclosed_code_fence;near_num_predict_char_risk,multiple_code_fences_used_longest,
qwen2.5-coder:32b,no_review,crn-014824,2533,296,unclosed_code_fence;near_num_predict_char_risk,multiple_code_fences_used_longest,
qwen2.5-coder:32b,no_review,crn-002666,2176,357,unclosed_code_fence;near_num_predict_char_risk,multiple_code_fences_used_longest,
qwen2.5-coder:32b,no_review,crn-007370,2615,500,near_num_predict_char_risk,multiple_code_fences_used_longest,
qwen2.5-coder:32b,no_review,crn-012827,2339,650,unclosed_code_fence;near_num_predict_char_risk,multiple_code_fences_used_longest,
qwen2.5-coder:32b,no_review,crn-004825,1958,386,unclosed_code_fence;near_num_predict_char_risk,multiple_code_fences_used_longest,
qwen2.5-coder:32b,no_review,crn-002962,2122,313,unclosed_code_fence;near_num_predict_char_risk,multiple_code_fences_used_longest,
qwen2.5-coder:32b,no_review,crn-013701,2424,492,unclosed_code_fence;near_num_predict_char_risk,multiple_code_fences_used_longest,
qwen2.5-coder:32b,no_review,crn-004853,1654,188,unclosed_code_fence,multiple_code_fences_used_longest,
qwen2.5-coder:32b,no_review,crn-009610,1960,374,unclosed_code_fence;near_num_predict_char_risk,multiple_code_fences_used_longest,
qwen2.5-coder:32b,no_review,crn-004800,2103,373,near_num_predict_char_risk,multiple_code_fences_used_longest,
qwen2.5-coder:32b,no_review,crn-013500,2172,612,unclosed_code_fence;near_num_predict_char_risk,multiple_code_fences_used_longest,
qwen2.5-coder:32b,no_review,crn-013505,2510,283,unclosed_code_fence;near_num_predict_char_risk,multiple_code_fences_used_longest,
qwen2.5-coder:32b,no_review,crn-012417,2206,416,unclosed_code_fence;near_num_predict_char_risk,multiple_code_fences_used_longest,
qwen2.5-coder:32b,no_review,crn-013760,2490,655,unclosed_code_fence;near_num_predict_char_risk,multiple_code_fences_used_longest,
qwen2.5-coder:32b,no_review,crn-011969,2268,747,unclosed_code_fence;near_num_predict_char_risk,multiple_code_fences_used_longest,
qwen2.5-coder:32b,no_review,crn-007240,2524,588,unclosed_code_fence;near_num_predict_char_risk,multiple_code_fences_used_longest,
qwen2.5-coder:32b,no_review,crn-010629,2560,497,unclosed_code_fence;near_num_predict_char_risk,multiple_code_fences_used_longest,
qwen2.5-coder:32b,no_review,crn-004447,2875,465,unclosed_code_fence;near_num_predict_char_risk,multiple_code_fences_used_longest,
qwen2.5-coder:32b,no_review,crn-006736,1961,952,unclosed_code_fence;near_num_predict_char_risk,extracted_from_code_fence,
qwen2.5-coder:32b,no_review,crn-008592,2000,297,unclosed_code_fence;near_num_predict_char_risk,multiple_code_fences_used_longest,
qwen2.5-coder:32b,no_review,crn-008622,1948,317,unclosed_code_fence;near_num_predict_char_risk,multiple_code_fences_used_longest,
qwen2.5-coder:32b,no_review,crn-009398,1661,298,unclosed_code_fence,multiple_code_fences_used_longest,
qwen2.5-coder:32b,no_review,crn-011847,2715,441,unclosed_code_fence;near_num_predict_char_risk,multiple_code_fences_used_longest,
qwen2.5-coder:32b,no_review,crn-008310,2422,291,unclosed_code_fence;near_num_predict_char_risk,multiple_code_fences_used_longest,
qwen2.5-coder:32b,no_review,crn-000432,1915,477,near_num_predict_char_risk,multiple_code_fences_used_longest,
qwen2.5-coder:32b,no_review,crn-002169,2322,453,unclosed_code_fence;near_num_predict_char_risk,multiple_code_fences_used_longest,
qwen2.5-coder:32b,no_review,crn-004511,2468,735,unclosed_code_fence;near_num_predict_char_risk,multiple_code_fences_used_longest,
qwen2.5-coder:32b,no_review,crn-006779,1860,890,near_num_predict_char_risk,multiple_code_fences_used_longest,
qwen2.5-coder:32b,no_review,crn-005000,2453,280,near_num_predict_char_risk,multiple_code_fences_used_longest,
qwen2.5-coder:32b,no_review,crn-012246,2350,385,unclosed_code_fence;near_num_predict_char_risk,multiple_code_fences_used_longest,
qwen2.5-coder:32b,no_review,crn-014448,1770,240,unclosed_code_fence,multiple_code_fences_used_longest,
qwen2.5-coder:32b,no_review,crn-002229,1985,531,near_num_predict_char_risk,multiple_code_fences_used_longest,
qwen2.5-coder:32b,no_review,crn-003961,2303,476,unclosed_code_fence;near_num_predict_char_risk,multiple_code_fences_used_longest,
qwen2.5-coder:32b,no_review,crn-006879,1795,267,unclosed_code_fence;near_num_predict_char_risk,multiple_code_fences_used_longest,
qwen2.5-coder:32b,no_review,crn-006300,1982,964,unclosed_code_fence;near_num_predict_char_risk,extracted_from_code_fence,
qwen2.5-coder:32b,no_review,crn-009568,1759,874,unclosed_code_fence,extracted_from_code_fence,
qwen2.5-coder:32b,no_review,crn-006381,1820,422,unclosed_code_fence;near_num_predict_char_risk,multiple_code_fences_used_longest,
qwen2.5-coder:32b,no_review,crn-005859,1968,311,unclosed_code_fence;near_num_predict_char_risk,multiple_code_fences_used_longest,
qwen2.5-coder:32b,no_review,crn-005495,2163,588,unclosed_code_fence;near_num_predict_char_risk,multiple_code_fences_used_longest,
qwen2.5-coder:32b,no_review,crn-005025,2117,578,unclosed_code_fence;near_num_predict_char_risk,multiple_code_fences_used_longest,
qwen2.5-coder:32b,no_review,crn-000355,2481,457,unclosed_code_fence;near_num_predict_char_risk,multiple_code_fences_used_longest,
qwen2.5-coder:32b,no_review,crn-008255,2234,323,near_num_predict_char_risk,multiple_code_fences_used_longest,
qwen2.5-coder:32b,no_review,crn-014814,2214,886,unclosed_code_fence;near_num_predict_char_risk,multiple_code_fences_used_longest,
qwen2.5-coder:32b,no_review,crn-006370,1948,349,near_num_predict_char_risk,multiple_code_fences_used_longest,
qwen2.5-coder:32b,no_review,crn-009819,2330,429,unclosed_code_fence;near_num_predict_char_risk,multiple_code_fences_used_longest,
qwen2.5-coder:32b,no_review,crn-000304,2450,509,near_num_predict_char_risk,multiple_code_fences_used_longest,
qwen2.5-coder:32b,no_review,crn-003442,2326,248,near_num_predict_char_risk,multiple_code_fences_used_longest,
qwen2.5-coder:32b,no_review,crn-005029,1826,543,unclosed_code_fence;near_num_predict_char_risk,multiple_code_fences_used_longest,
qwen2.5-coder:32b,no_review,crn-001837,1932,408,unclosed_code_fence;near_num_predict_char_risk,multiple_code_fences_used_longest,
qwen2.5-coder:32b,no_review,crn-010797,1930,229,near_num_predict_char_risk,multiple_code_fences_used_longest,
qwen2.5-coder:32b,no_review,crn-001855,1997,413,unclosed_code_fence;near_num_predict_char_risk,multiple_code_fences_used_longest,
qwen2.5-coder:32b,no_review,crn-001416,2112,770,unclosed_code_fence;near_num_predict_char_risk,multiple_code_fences_used_longest,
qwen2.5-coder:32b,no_review,crn-013541,2431,524,unclosed_code_fence;near_num_predict_char_risk,multiple_code_fences_used_longest,
qwen2.5-coder:32b,no_review,crn-010650,2262,399,unclosed_code_fence;near_num_predict_char_risk,multiple_code_fences_used_longest,
qwen2.5-coder:32b,no_review,crn-012826,2350,560,near_num_predict_char_risk,multiple_code_fences_used_longest,
qwen2.5-coder:32b,no_review,crn-005764,1914,423,unclosed_code_fence;near_num_predict_char_risk,multiple_code_fences_used_longest,
qwen2.5-coder:32b,no_review,crn-011186,1931,779,unclosed_code_fence;near_num_predict_char_risk,multiple_code_fences_used_longest,
qwen2.5-coder:32b,no_review,crn-006818,2388,425,unclosed_code_fence;near_num_predict_char_risk,multiple_code_fences_used_longest,
qwen2.5-coder:32b,no_review,crn-005328,2368,171,unclosed_code_fence;near_num_predict_char_risk,multiple_code_fences_used_longest,
qwen2.5-coder:32b,no_review,crn-001180,1648,494,unclosed_code_fence,multiple_code_fences_used_longest,
qwen2.5-coder:32b,no_review,crn-004057,1504,274,unclosed_code_fence,multiple_code_fences_used_longest,
qwen2.5-coder:32b,no_review,crn-008926,1576,204,unclosed_code_fence,multiple_code_fences_used_longest,
qwen2.5-coder:32b,no_review,crn-012504,2210,693,unclosed_code_fence;near_num_predict_char_risk,multiple_code_fences_used_longest,
qwen2.5-coder:32b,no_review,crn-002150,2437,593,unclosed_code_fence;near_num_predict_char_risk,multiple_code_fences_used_longest,
qwen2.5-coder:32b,no_review,crn-006582,2199,692,unclosed_code_fence;near_num_predict_char_risk,multiple_code_fences_used_longest,
qwen2.5-coder:32b,no_review,crn-010886,1954,414,near_num_predict_char_risk,multiple_code_fences_used_longest,
qwen2.5-coder:32b,no_review,crn-006501,2330,351,near_num_predict_char_risk,multiple_code_fences_used_longest,
qwen2.5-coder:32b,no_review,crn-008976,2072,795,unclosed_code_fence;near_num_predict_char_risk,multiple_code_fences_used_longest,
qwen2.5-coder:32b,no_review,crn-014931,2364,510,unclosed_code_fence;near_num_predict_char_risk,multiple_code_fences_used_longest,
qwen2.5-coder:32b,no_review,crn-013776,2543,511,unclosed_code_fence;near_num_predict_char_risk,multiple_code_fences_used_longest,
qwen2.5-coder:32b,no_review,crn-005510,1998,466,unclosed_code_fence;near_num_predict_char_risk,multiple_code_fences_used_longest,
qwen2.5-coder:32b,no_review,crn-004951,2150,396,near_num_predict_char_risk,multiple_code_fences_used_longest,
qwen2.5-coder:32b,no_review,crn-014080,1742,534,unclosed_code_fence,multiple_code_fences_used_longest,
qwen2.5-coder:32b,no_review,crn-010651,2607,536,unclosed_code_fence;near_num_predict_char_risk,multiple_code_fences_used_longest,
qwen2.5-coder:32b,no_review,crn-008633,1907,1054,unclosed_code_fence;near_num_predict_char_risk,extracted_from_code_fence,
qwen2.5-coder:32b,no_review,crn-010272,2176,374,unclosed_code_fence;near_num_predict_char_risk,multiple_code_fences_used_longest,
qwen2.5-coder:32b,no_review,crn-002572,1678,415,unclosed_code_fence,multiple_code_fences_used_longest,
qwen2.5-coder:32b,no_review,crn-003657,2118,290,unclosed_code_fence;near_num_predict_char_risk,multiple_code_fences_used_longest,
qwen2.5-coder:32b,no_review,crn-008533,2987,566,unclosed_code_fence;near_num_predict_char_risk,multiple_code_fences_used_longest,
qwen2.5-coder:32b,no_review,crn-000270,3068,631,unclosed_code_fence;near_num_predict_char_risk,multiple_code_fences_used_longest,
qwen2.5-coder:32b,no_review,crn-004686,2507,395,unclosed_code_fence;near_num_predict_char_risk,multiple_code_fences_used_longest,
qwen2.5-coder:32b,no_review,crn-010816,1996,334,unclosed_code_fence;near_num_predict_char_risk,multiple_code_fences_used_longest,
qwen2.5-coder:32b,no_review,crn-008848,882,880,unclosed_code_fence,no_code_fence_used_raw_text,
qwen2.5-coder:32b,no_review,crn-007375,2375,432,unclosed_code_fence;near_num_predict_char_risk,multiple_code_fences_used_longest,
qwen2.5-coder:32b,no_review,crn-011714,1967,433,near_num_predict_char_risk,multiple_code_fences_used_longest,
qwen2.5-coder:32b,no_review,crn-005349,2136,293,unclosed_code_fence;near_num_predict_char_risk,multiple_code_fences_used_longest,
qwen2.5-coder:32b,no_review,crn-005193,2361,318,unclosed_code_fence;near_num_predict_char_risk,multiple_code_fences_used_longest,
qwen2.5-coder:32b,no_review,crn-012515,2251,256,unclosed_code_fence;near_num_predict_char_risk,multiple_code_fences_used_longest,
qwen2.5-coder:32b,no_review,crn-014744,2470,372,unclosed_code_fence;near_num_predict_char_risk,multiple_code_fences_used_longest,
qwen2.5-coder:32b,no_review,crn-013013,2034,842,near_num_predict_char_risk,multiple_code_fences_used_longest,
qwen2.5-coder:32b,no_review,crn-007040,1959,205,unclosed_code_fence;near_num_predict_char_risk,multiple_code_fences_used_longest,
qwen2.5-coder:32b,no_review,crn-008564,2454,461,unclosed_code_fence;near_num_predict_char_risk,multiple_code_fences_used_longest,
qwen2.5-coder:32b,no_review,crn-000999,2341,370,unclosed_code_fence;near_num_predict_char_risk,multiple_code_fences_used_longest,
qwen2.5-coder:32b,no_review,crn-001168,487,57,unclosed_code_fence,extracted_from_code_fence,
qwen2.5-coder:32b,no_review,crn-000217,2671,650,unclosed_code_fence;near_num_predict_char_risk,multiple_code_fences_used_longest,
qwen2.5-coder:32b,no_review,crn-000808,2127,531,unclosed_code_fence;near_num_predict_char_risk,multiple_code_fences_used_longest,
qwen2.5-coder:32b,no_review,crn-009540,1825,323,unclosed_code_fence;near_num_predict_char_risk,multiple_code_fences_used_longest,
qwen2.5-coder:32b,no_review,crn-013417,2363,305,unclosed_code_fence;near_num_predict_char_risk,multiple_code_fences_used_longest,
qwen2.5-coder:32b,no_review,crn-012519,2116,651,unclosed_code_fence;near_num_predict_char_risk,multiple_code_fences_used_longest,
qwen2.5-coder:32b,no_review,crn-006002,2311,617,unclosed_code_fence;near_num_predict_char_risk,multiple_code_fences_used_longest,
qwen2.5-coder:32b,no_review,crn-000309,702,701,unclosed_code_fence,no_code_fence_used_raw_text,
qwen2.5-coder:32b,no_review,crn-007407,2626,343,near_num_predict_char_risk,multiple_code_fences_used_longest,
qwen2.5-coder:32b,no_review,crn-007722,2058,238,unclosed_code_fence;near_num_predict_char_risk,multiple_code_fences_used_longest,
qwen2.5-coder:32b,no_review,crn-005333,2440,300,unclosed_code_fence;near_num_predict_char_risk,multiple_code_fences_used_longest,
qwen2.5-coder:32b,no_review,crn-003074,1709,347,unclosed_code_fence,multiple_code_fences_used_longest,
qwen2.5-coder:32b,no_review,crn-014225,1144,406,unclosed_code_fence,multiple_code_fences_used_longest,
qwen2.5-coder:32b,no_review,crn-007211,1877,1035,unclosed_code_fence;near_num_predict_char_risk,extracted_from_code_fence,
qwen2.5-coder:32b,no_review,crn-006227,1853,588,unclosed_code_fence;near_num_predict_char_risk,multiple_code_fences_used_longest,
qwen2.5-coder:32b,no_review,crn-008907,2147,428,unclosed_code_fence;near_num_predict_char_risk,multiple_code_fences_used_longest,
qwen2.5-coder:32b,no_review,crn-008243,2463,187,unclosed_code_fence;near_num_predict_char_risk,multiple_code_fences_used_longest,
qwen2.5-coder:32b,no_review,crn-000692,2442,713,unclosed_code_fence;near_num_predict_char_risk,multiple_code_fences_used_longest,
qwen2.5-coder:32b,no_review,crn-011672,2264,358,unclosed_code_fence;near_num_predict_char_risk,multiple_code_fences_used_longest,
qwen2.5-coder:32b,no_review,crn-012412,2602,317,near_num_predict_char_risk,multiple_code_fences_used_longest,
qwen2.5-coder:32b,no_review,crn-005323,2509,281,unclosed_code_fence;near_num_predict_char_risk,multiple_code_fences_used_longest,
qwen2.5-coder:32b,no_review,crn-013264,1440,540,unclosed_code_fence,multiple_code_fences_used_longest,
qwen2.5-coder:32b,no_review,crn-004072,1999,673,unclosed_code_fence;near_num_predict_char_risk,multiple_code_fences_used_longest,
qwen2.5-coder:32b,no_review,crn-003165,2145,690,unclosed_code_fence;near_num_predict_char_risk,multiple_code_fences_used_longest,
qwen2.5-coder:32b,no_review,crn-006470,2012,273,unclosed_code_fence;near_num_predict_char_risk,multiple_code_fences_used_longest,
qwen2.5-coder:32b,no_review,crn-000922,2179,494,near_num_predict_char_risk,multiple_code_fences_used_longest,
qwen2.5-coder:32b,no_review,crn-013765,1925,634,near_num_predict_char_risk,multiple_code_fences_used_longest,
qwen2.5-coder:32b,no_review,crn-006122,2055,309,unclosed_code_fence;near_num_predict_char_risk,multiple_code_fences_used_longest,
qwen2.5-coder:32b,no_review,crn-003580,1847,509,near_num_predict_char_risk,multiple_code_fences_used_longest,
qwen2.5-coder:32b,no_review,crn-008139,2393,750,unclosed_code_fence;near_num_predict_char_risk,multiple_code_fences_used_longest,
qwen2.5-coder:32b,no_review,crn-008854,2288,321,unclosed_code_fence;near_num_predict_char_risk,multiple_code_fences_used_longest,
qwen2.5-coder:32b,no_review,crn-010091,1972,386,unclosed_code_fence;near_num_predict_char_risk,multiple_code_fences_used_longest,
qwen2.5-coder:32b,no_review,crn-003093,2006,453,unclosed_code_fence;near_num_predict_char_risk,multiple_code_fences_used_longest,
qwen2.5-coder:32b,no_review,crn-007463,1926,630,near_num_predict_char_risk,multiple_code_fences_used_longest,
qwen2.5-coder:32b,no_review,crn-003947,493,153,unclosed_code_fence,multiple_code_fences_used_longest,
qwen2.5-coder:32b,no_review,crn-001308,2071,390,unclosed_code_fence;near_num_predict_char_risk,multiple_code_fences_used_longest,
qwen2.5-coder:32b,no_review,crn-011352,2133,506,unclosed_code_fence;near_num_predict_char_risk,multiple_code_fences_used_longest,
qwen2.5-coder:32b,no_review,crn-003636,2058,439,unclosed_code_fence;near_num_predict_char_risk,multiple_code_fences_used_longest,
qwen2.5-coder:32b,no_review,crn-014122,2297,1135,near_num_predict_char_risk,multiple_code_fences_used_longest,
qwen2.5-coder:32b,no_review,crn-011222,2245,297,unclosed_code_fence;near_num_predict_char_risk,multiple_code_fences_used_longest,
qwen2.5-coder:32b,no_review,crn-007868,1837,275,unclosed_code_fence;near_num_predict_char_risk,multiple_code_fences_used_longest,
qwen2.5-coder:32b,no_review,crn-008112,2238,258,unclosed_code_fence;near_num_predict_char_risk,multiple_code_fences_used_longest,
qwen2.5-coder:32b,no_review,crn-007735,2209,453,unclosed_code_fence;near_num_predict_char_risk,multiple_code_fences_used_longest,
qwen2.5-coder:32b,no_review,crn-005669,1775,350,unclosed_code_fence,multiple_code_fences_used_longest,
qwen2.5-coder:32b,no_review,crn-008627,1848,642,unclosed_code_fence;near_num_predict_char_risk,multiple_code_fences_used_longest,
qwen2.5-coder:32b,no_review,crn-013681,2522,741,near_num_predict_char_risk,multiple_code_fences_used_longest,
qwen2.5-coder:32b,no_review,crn-011801,2275,386,unclosed_code_fence;near_num_predict_char_risk,multiple_code_fences_used_longest,
qwen2.5-coder:32b,no_review,crn-012548,2300,338,unclosed_code_fence;near_num_predict_char_risk,multiple_code_fences_used_longest,
qwen2.5-coder:32b,no_review,crn-010615,2066,767,unclosed_code_fence;near_num_predict_char_risk,multiple_code_fences_used_longest,
qwen2.5-coder:32b,no_review,crn-004489,2352,309,unclosed_code_fence;near_num_predict_char_risk,multiple_code_fences_used_longest,
qwen2.5-coder:32b,no_review,crn-010395,2561,269,near_num_predict_char_risk,multiple_code_fences_used_longest,
qwen2.5-coder:32b,no_review,crn-000579,2453,426,unclosed_code_fence;near_num_predict_char_risk,multiple_code_fences_used_longest,
qwen2.5-coder:32b,no_review,crn-002812,2142,315,unclosed_code_fence;near_num_predict_char_risk,multiple_code_fences_used_longest,
qwen2.5-coder:32b,no_review,crn-004076,2053,405,unclosed_code_fence;near_num_predict_char_risk,multiple_code_fences_used_longest,
qwen2.5-coder:32b,no_review,crn-005098,1728,602,unclosed_code_fence,multiple_code_fences_used_longest,
qwen2.5-coder:32b,no_review,crn-001700,2486,374,unclosed_code_fence;near_num_predict_char_risk,multiple_code_fences_used_longest,
qwen2.5-coder:32b,no_review,crn-014442,2115,310,unclosed_code_fence;near_num_predict_char_risk,multiple_code_fences_used_longest,
qwen2.5-coder:32b,no_review,crn-004145,2040,507,unclosed_code_fence;near_num_predict_char_risk,multiple_code_fences_used_longest,
qwen2.5-coder:32b,no_review,crn-012208,2235,520,near_num_predict_char_risk,multiple_code_fences_used_longest,
qwen2.5-coder:32b,no_review,crn-005221,2040,678,unclosed_code_fence;near_num_predict_char_risk,multiple_code_fences_used_longest,
qwen2.5-coder:32b,no_review,crn-001307,2326,502,unclosed_code_fence;near_num_predict_char_risk,multiple_code_fences_used_longest,
qwen2.5-coder:32b,no_review,crn-006673,2484,282,unclosed_code_fence;near_num_predict_char_risk,multiple_code_fences_used_longest,
qwen2.5-coder:32b,no_review,crn-002762,2080,644,unclosed_code_fence;near_num_predict_char_risk,multiple_code_fences_used_longest,
qwen2.5-coder:32b,no_review,crn-007366,2374,1157,unclosed_code_fence;near_num_predict_char_risk,extracted_from_code_fence,
qwen2.5-coder:32b,no_review,crn-005356,2554,649,unclosed_code_fence;near_num_predict_char_risk,multiple_code_fences_used_longest,
qwen2.5-coder:32b,no_review,crn-004689,2617,512,unclosed_code_fence;near_num_predict_char_risk,multiple_code_fences_used_longest,
qwen2.5-coder:32b,no_review,crn-009011,2150,521,unclosed_code_fence;near_num_predict_char_risk,multiple_code_fences_used_longest,
qwen2.5-coder:32b,no_review,crn-009678,2362,494,near_num_predict_char_risk,multiple_code_fences_used_longest,
qwen2.5-coder:32b,no_review,crn-003552,2112,399,unclosed_code_fence;near_num_predict_char_risk,multiple_code_fences_used_longest,
qwen2.5-coder:32b,no_review,crn-002693,1833,175,unclosed_code_fence;near_num_predict_char_risk,multiple_code_fences_used_longest,
qwen2.5-coder:32b,no_review,crn-004134,2275,200,unclosed_code_fence;near_num_predict_char_risk,multiple_code_fences_used_longest,
qwen2.5-coder:32b,no_review,crn-011810,2124,317,unclosed_code_fence;near_num_predict_char_risk,multiple_code_fences_used_longest,
qwen2.5-coder:32b,no_review,crn-008801,1986,271,unclosed_code_fence;near_num_predict_char_risk,multiple_code_fences_used_longest,
qwen2.5-coder:32b,no_review,crn-001648,2350,432,unclosed_code_fence;near_num_predict_char_risk,multiple_code_fences_used_longest,
qwen2.5-coder:32b,no_review,crn-013962,2164,724,unclosed_code_fence;near_num_predict_char_risk,multiple_code_fences_used_longest,
qwen2.5-coder:32b,no_review,crn-013711,2324,250,unclosed_code_fence;near_num_predict_char_risk,multiple_code_fences_used_longest,
qwen2.5-coder:32b,no_review,crn-007770,2179,710,unclosed_code_fence;near_num_predict_char_risk,multiple_code_fences_used_longest,
qwen2.5-coder:32b,no_review,crn-004439,1687,414,unclosed_code_fence,multiple_code_fences_used_longest,
qwen2.5-coder:32b,no_review,crn-010519,1993,347,unclosed_code_fence;near_num_predict_char_risk,multiple_code_fences_used_longest,
qwen2.5-coder:32b,no_review,crn-004278,2365,265,unclosed_code_fence;near_num_predict_char_risk,multiple_code_fences_used_longest,
qwen2.5-coder:32b,no_review,crn-009239,1978,631,unclosed_code_fence;near_num_predict_char_risk,multiple_code_fences_used_longest,
qwen2.5-coder:32b,no_review,crn-002115,2199,676,near_num_predict_char_risk,multiple_code_fences_used_longest,
qwen2.5-coder:32b,no_review,crn-003660,2229,444,unclosed_code_fence;near_num_predict_char_risk,multiple_code_fences_used_longest,
qwen2.5-coder:32b,no_review,crn-004617,1912,223,near_num_predict_char_risk,multiple_code_fences_used_longest,
qwen2.5-coder:32b,no_review,crn-005197,2152,529,unclosed_code_fence;near_num_predict_char_risk,multiple_code_fences_used_longest,
qwen2.5-coder:32b,no_review,crn-012937,2063,342,unclosed_code_fence;near_num_predict_char_risk,multiple_code_fences_used_longest,
qwen2.5-coder:32b,no_review,crn-010583,2348,371,unclosed_code_fence;near_num_predict_char_risk,multiple_code_fences_used_longest,
qwen2.5-coder:32b,no_review,crn-013384,1727,318,unclosed_code_fence,multiple_code_fences_used_longest,
qwen2.5-coder:32b,no_review,crn-005870,2134,601,unclosed_code_fence;near_num_predict_char_risk,multiple_code_fences_used_longest,
qwen2.5-coder:32b,no_review,crn-004114,2311,710,unclosed_code_fence;near_num_predict_char_risk,multiple_code_fences_used_longest,
qwen2.5-coder:32b,no_review,crn-012842,2250,429,unclosed_code_fence;near_num_predict_char_risk,multiple_code_fences_used_longest,
qwen2.5-coder:32b,no_review,crn-004372,1727,658,unclosed_code_fence,multiple_code_fences_used_longest,
qwen2.5-coder:32b,no_review,crn-011032,1863,329,unclosed_code_fence;near_num_predict_char_risk,multiple_code_fences_used_longest,
qwen2.5-coder:32b,no_review,crn-011412,2100,581,unclosed_code_fence;near_num_predict_char_risk,multiple_code_fences_used_longest,
qwen2.5-coder:32b,no_review,crn-005638,1993,347,unclosed_code_fence;near_num_predict_char_risk,multiple_code_fences_used_longest,
qwen2.5-coder:32b,no_review,crn-006578,2415,519,unclosed_code_fence;near_num_predict_char_risk,multiple_code_fences_used_longest,
qwen2.5-coder:32b,no_review,crn-009642,2071,857,unclosed_code_fence;near_num_predict_char_risk,multiple_code_fences_used_longest,
qwen2.5-coder:32b,no_review,crn-008829,1825,581,near_num_predict_char_risk,multiple_code_fences_used_longest,
qwen2.5-coder:32b,no_review,crn-003789,2147,396,unclosed_code_fence;near_num_predict_char_risk,multiple_code_fences_used_longest,
qwen2.5-coder:32b,no_review,crn-004247,2290,518,unclosed_code_fence;near_num_predict_char_risk,multiple_code_fences_used_longest,
qwen2.5-coder:32b,no_review,crn-007949,1918,795,unclosed_code_fence;near_num_predict_char_risk,multiple_code_fences_used_longest,
qwen2.5-coder:32b,no_review,crn-011800,2199,692,unclosed_code_fence;near_num_predict_char_risk,multiple_code_fences_used_longest,
qwen2.5-coder:32b,no_review,crn-014799,2218,502,unclosed_code_fence;near_num_predict_char_risk,multiple_code_fences_used_longest,
qwen2.5-coder:32b,no_review,crn-004008,2261,329,unclosed_code_fence;near_num_predict_char_risk,multiple_code_fences_used_longest,
qwen2.5-coder:32b,no_review,crn-006216,1852,627,unclosed_code_fence;near_num_predict_char_risk,multiple_code_fences_used_longest,
qwen2.5-coder:32b,no_review,crn-007298,2023,254,unclosed_code_fence;near_num_predict_char_risk,multiple_code_fences_used_longest,
qwen2.5-coder:32b,no_review,crn-011653,1977,589,unclosed_code_fence;near_num_predict_char_risk,multiple_code_fences_used_longest,
qwen2.5-coder:32b,no_review,crn-001931,2028,613,unclosed_code_fence;near_num_predict_char_risk,multiple_code_fences_used_longest,
qwen2.5-coder:32b,no_review,crn-005602,3457,433,unclosed_code_fence;near_num_predict_char_risk,multiple_code_fences_used_longest,
qwen2.5-coder:32b,no_review,crn-001193,2398,452,unclosed_code_fence;near_num_predict_char_risk,multiple_code_fences_used_longest,
qwen2.5-coder:32b,no_review,crn-006712,2117,304,unclosed_code_fence;near_num_predict_char_risk,multiple_code_fences_used_longest,
qwen2.5-coder:32b,no_review,crn-005728,1806,588,near_num_predict_char_risk,multiple_code_fences_used_longest,
qwen2.5-coder:32b,no_review,crn-013829,2590,591,unclosed_code_fence;near_num_predict_char_risk,multiple_code_fences_used_longest,
qwen2.5-coder:32b,no_review,crn-011410,2002,495,unclosed_code_fence;near_num_predict_char_risk,multiple_code_fences_used_longest,
qwen2.5-coder:32b,no_review,crn-006586,2749,813,unclosed_code_fence;near_num_predict_char_risk,multiple_code_fences_used_longest,
qwen2.5-coder:32b,no_review,crn-014136,2017,626,near_num_predict_char_risk,multiple_code_fences_used_longest,
qwen2.5-coder:32b,no_review,crn-011251,2003,529,unclosed_code_fence;near_num_predict_char_risk,multiple_code_fences_used_longest,
qwen2.5-coder:32b,no_review,crn-008589,1620,333,unclosed_code_fence,multiple_code_fences_used_longest,
qwen2.5-coder:32b,no_review,crn-011426,2778,410,unclosed_code_fence;near_num_predict_char_risk,multiple_code_fences_used_longest,
qwen2.5-coder:32b,no_review,crn-000856,2516,423,unclosed_code_fence;near_num_predict_char_risk,multiple_code_fences_used_longest,
qwen2.5-coder:32b,no_review,crn-010364,2261,128,unclosed_code_fence;near_num_predict_char_risk,multiple_code_fences_used_longest,
qwen2.5-coder:32b,no_review,crn-005054,2476,478,unclosed_code_fence;near_num_predict_char_risk,multiple_code_fences_used_longest,
qwen2.5-coder:32b,no_review,crn-013299,1528,227,unclosed_code_fence,multiple_code_fences_used_longest,
qwen2.5-coder:32b,no_review,crn-012532,1950,598,near_num_predict_char_risk,multiple_code_fences_used_longest,
qwen2.5-coder:32b,no_review,crn-004305,2136,473,unclosed_code_fence;near_num_predict_char_risk,multiple_code_fences_used_longest,
qwen2.5-coder:32b,no_review,crn-012411,2225,414,unclosed_code_fence;near_num_predict_char_risk,multiple_code_fences_used_longest,
qwen2.5-coder:32b,no_review,crn-004667,1879,505,unclosed_code_fence;near_num_predict_char_risk,multiple_code_fences_used_longest,
qwen2.5-coder:32b,no_review,crn-011748,1909,248,unclosed_code_fence;near_num_predict_char_risk,multiple_code_fences_used_longest,
qwen2.5-coder:32b,no_review,crn-010959,2458,407,unclosed_code_fence;near_num_predict_char_risk,multiple_code_fences_used_longest,
qwen2.5-coder:32b,no_review,crn-008759,2167,525,unclosed_code_fence;near_num_predict_char_risk,multiple_code_fences_used_longest,
qwen2.5-coder:32b,no_review,crn-009986,2054,680,unclosed_code_fence;near_num_predict_char_risk,multiple_code_fences_used_longest,
qwen2.5-coder:32b,no_review,crn-001589,2733,852,unclosed_code_fence;near_num_predict_char_risk,multiple_code_fences_used_longest,
qwen2.5-coder:32b,no_review,crn-008316,2234,676,unclosed_code_fence;near_num_predict_char_risk,multiple_code_fences_used_longest,
qwen2.5-coder:32b,no_review,crn-006234,2107,355,unclosed_code_fence;near_num_predict_char_risk,multiple_code_fences_used_longest,
qwen2.5-coder:32b,no_review,crn-010462,2160,588,unclosed_code_fence;near_num_predict_char_risk,multiple_code_fences_used_longest,
qwen2.5-coder:32b,no_review,crn-002109,2106,280,unclosed_code_fence;near_num_predict_char_risk,multiple_code_fences_used_longest,
qwen2.5-coder:32b,no_review,crn-000370,2084,360,unclosed_code_fence;near_num_predict_char_risk,multiple_code_fences_used_longest,
qwen2.5-coder:32b,no_review,crn-012427,2273,352,unclosed_code_fence;near_num_predict_char_risk,multiple_code_fences_used_longest,
qwen2.5-coder:32b,no_review,crn-007942,1880,240,unclosed_code_fence;near_num_predict_char_risk,multiple_code_fences_used_longest,
qwen2.5-coder:32b,no_review,crn-006835,2143,712,unclosed_code_fence;near_num_predict_char_risk,multiple_code_fences_used_longest,
qwen2.5-coder:32b,no_review,crn-003795,1924,388,unclosed_code_fence;near_num_predict_char_risk,multiple_code_fences_used_longest,
qwen2.5-coder:32b,no_review,crn-008483,2413,566,unclosed_code_fence;near_num_predict_char_risk,multiple_code_fences_used_longest,
qwen2.5-coder:32b,no_review,crn-012176,2569,628,unclosed_code_fence;near_num_predict_char_risk,multiple_code_fences_used_longest,
qwen2.5-coder:32b,no_review,crn-006203,2205,363,near_num_predict_char_risk,multiple_code_fences_used_longest,
qwen2.5-coder:32b,no_review,crn-004144,1945,402,unclosed_code_fence;near_num_predict_char_risk,multiple_code_fences_used_longest,
qwen2.5-coder:32b,no_review,crn-008971,2018,168,unclosed_code_fence;near_num_predict_char_risk,multiple_code_fences_used_longest,
qwen2.5-coder:32b,no_review,crn-004338,1939,280,unclosed_code_fence;near_num_predict_char_risk,multiple_code_fences_used_longest,
qwen2.5-coder:32b,no_review,crn-014607,1958,321,unclosed_code_fence;near_num_predict_char_risk,multiple_code_fences_used_longest,
qwen2.5-coder:32b,no_review,crn-008595,1723,265,unclosed_code_fence,multiple_code_fences_used_longest,
qwen2.5-coder:32b,no_review,crn-001704,2424,290,unclosed_code_fence;near_num_predict_char_risk,multiple_code_fences_used_longest,
qwen2.5-coder:32b,no_review,crn-007743,1915,465,unclosed_code_fence;near_num_predict_char_risk,multiple_code_fences_used_longest,
qwen2.5-coder:32b,no_review,crn-003857,1978,446,unclosed_code_fence;near_num_predict_char_risk,multiple_code_fences_used_longest,
qwen2.5-coder:32b,no_review,crn-010265,1956,1319,unclosed_code_fence;near_num_predict_char_risk,extracted_from_code_fence,
qwen2.5-coder:32b,no_review,crn-003819,2145,358,unclosed_code_fence;near_num_predict_char_risk,multiple_code_fences_used_longest,
qwen2.5-coder:32b,no_review,crn-014181,2409,259,near_num_predict_char_risk,multiple_code_fences_used_longest,
qwen2.5-coder:32b,no_review,crn-007354,2180,794,unclosed_code_fence;near_num_predict_char_risk,multiple_code_fences_used_longest,
qwen2.5-coder:32b,no_review,crn-002734,2076,378,unclosed_code_fence;near_num_predict_char_risk,multiple_code_fences_used_longest,
qwen2.5-coder:32b,no_review,crn-000176,2731,692,unclosed_code_fence;near_num_predict_char_risk,multiple_code_fences_used_longest,
qwen2.5-coder:32b,no_review,crn-005998,2190,978,unclosed_code_fence;near_num_predict_char_risk,multiple_code_fences_used_longest,
qwen2.5-coder:32b,no_review,crn-001494,1834,156,near_num_predict_char_risk,multiple_code_fences_used_longest,
qwen2.5-coder:32b,no_review,crn-008415,2617,1272,unclosed_code_fence;near_num_predict_char_risk,extracted_from_code_fence,
qwen2.5-coder:32b,no_review,crn-013908,2252,443,near_num_predict_char_risk,multiple_code_fences_used_longest,
qwen2.5-coder:32b,no_review,crn-006471,1959,198,unclosed_code_fence;near_num_predict_char_risk,multiple_code_fences_used_longest,
qwen2.5-coder:32b,no_review,crn-008957,1819,382,near_num_predict_char_risk,multiple_code_fences_used_longest,
qwen2.5-coder:32b,no_review,crn-009994,2357,677,unclosed_code_fence;near_num_predict_char_risk,multiple_code_fences_used_longest,
qwen2.5-coder:32b,no_review,crn-001261,2184,555,unclosed_code_fence;near_num_predict_char_risk,multiple_code_fences_used_longest,
qwen2.5-coder:32b,no_review,crn-004336,1859,584,unclosed_code_fence;near_num_predict_char_risk,multiple_code_fences_used_longest,
qwen2.5-coder:32b,no_review,crn-005914,1946,455,near_num_predict_char_risk,multiple_code_fences_used_longest,
qwen2.5-coder:32b,no_review,crn-005926,2712,396,unclosed_code_fence;near_num_predict_char_risk,multiple_code_fences_used_longest,
qwen2.5-coder:32b,no_review,crn-007060,2029,395,unclosed_code_fence;near_num_predict_char_risk,multiple_code_fences_used_longest,
qwen2.5-coder:32b,no_review,crn-005409,2246,598,unclosed_code_fence;near_num_predict_char_risk,multiple_code_fences_used_longest,
qwen2.5-coder:32b,no_review,crn-013550,2357,598,near_num_predict_char_risk,multiple_code_fences_used_longest,
qwen2.5-coder:32b,no_review,crn-001651,2498,407,unclosed_code_fence;near_num_predict_char_risk,multiple_code_fences_used_longest,
qwen2.5-coder:32b,no_review,crn-004130,2064,279,unclosed_code_fence;near_num_predict_char_risk,multiple_code_fences_used_longest,
qwen2.5-coder:32b,no_review,crn-004790,2271,271,near_num_predict_char_risk,multiple_code_fences_used_longest,
qwen2.5-coder:32b,no_review,crn-010296,1247,1246,unclosed_code_fence,no_code_fence_used_raw_text,
qwen2.5-coder:32b,no_review,crn-001206,2422,620,unclosed_code_fence;near_num_predict_char_risk,multiple_code_fences_used_longest,
qwen2.5-coder:32b,no_review,crn-009348,2168,319,unclosed_code_fence;near_num_predict_char_risk,multiple_code_fences_used_longest,
qwen2.5-coder:32b,no_review,crn-003639,1930,264,unclosed_code_fence;near_num_predict_char_risk,multiple_code_fences_used_longest,
qwen2.5-coder:32b,no_review,crn-008450,2146,373,unclosed_code_fence;near_num_predict_char_risk,multiple_code_fences_used_longest,
qwen2.5-coder:32b,no_review,crn-008853,2049,358,unclosed_code_fence;near_num_predict_char_risk,multiple_code_fences_used_longest,
qwen2.5-coder:32b,no_review,crn-010303,2569,598,unclosed_code_fence;near_num_predict_char_risk,multiple_code_fences_used_longest,
qwen2.5-coder:32b,no_review,crn-013311,1988,424,unclosed_code_fence;near_num_predict_char_risk,multiple_code_fences_used_longest,
qwen2.5-coder:32b,no_review,crn-014104,2506,315,unclosed_code_fence;near_num_predict_char_risk,multiple_code_fences_used_longest,
qwen2.5-coder:32b,no_review,crn-014808,2524,444,unclosed_code_fence;near_num_predict_char_risk,multiple_code_fences_used_longest,
qwen2.5-coder:32b,no_review,crn-014114,1923,531,near_num_predict_char_risk,multiple_code_fences_used_longest,
qwen2.5-coder:32b,no_review,crn-001584,2260,372,unclosed_code_fence;near_num_predict_char_risk,multiple_code_fences_used_longest,
qwen2.5-coder:32b,no_review,crn-005278,2201,1146,unclosed_code_fence;near_num_predict_char_risk,multiple_code_fences_used_longest,
qwen2.5-coder:32b,no_review,crn-006181,236,235,unclosed_code_fence,no_code_fence_used_raw_text,
qwen2.5-coder:32b,no_review,crn-000407,2564,535,unclosed_code_fence;near_num_predict_char_risk,multiple_code_fences_used_longest,
qwen2.5-coder:32b,no_review,crn-010820,1858,458,unclosed_code_fence;near_num_predict_char_risk,multiple_code_fences_used_longest,
qwen2.5-coder:32b,no_review,crn-013382,1727,318,unclosed_code_fence,multiple_code_fences_used_longest,
qwen2.5-coder:32b,no_review,crn-005288,1920,236,unclosed_code_fence;near_num_predict_char_risk,multiple_code_fences_used_longest,
qwen2.5-coder:32b,no_review,crn-004017,2394,292,unclosed_code_fence;near_num_predict_char_risk,multiple_code_fences_used_longest,
qwen2.5-coder:32b,no_review,crn-009250,1890,561,unclosed_code_fence;near_num_predict_char_risk,multiple_code_fences_used_longest,
qwen2.5-coder:32b,no_review,crn-010869,1360,148,unclosed_code_fence,multiple_code_fences_used_longest,
qwen2.5-coder:32b,no_review,crn-004839,2201,447,unclosed_code_fence;near_num_predict_char_risk,multiple_code_fences_used_longest,
qwen2.5-coder:32b,no_review,crn-010292,2434,676,unclosed_code_fence;near_num_predict_char_risk,multiple_code_fences_used_longest,
qwen2.5-coder:32b,no_review,crn-012865,1849,268,unclosed_code_fence;near_num_predict_char_risk,multiple_code_fences_used_longest,
qwen2.5-coder:32b,no_review,crn-013713,2284,410,near_num_predict_char_risk,multiple_code_fences_used_longest,
qwen2.5-coder:32b,no_review,crn-008329,2001,507,unclosed_code_fence;near_num_predict_char_risk,multiple_code_fences_used_longest,
qwen2.5-coder:32b,no_review,crn-011654,2174,287,unclosed_code_fence;near_num_predict_char_risk,multiple_code_fences_used_longest,
qwen2.5-coder:32b,no_review,crn-008661,1999,624,unclosed_code_fence;near_num_predict_char_risk,multiple_code_fences_used_longest,
qwen2.5-coder:32b,no_review,crn-001202,2286,620,near_num_predict_char_risk,multiple_code_fences_used_longest,
qwen2.5-coder:32b,no_review,crn-005903,2197,535,unclosed_code_fence;near_num_predict_char_risk,multiple_code_fences_used_longest,
qwen2.5-coder:32b,no_review,crn-011551,2258,674,unclosed_code_fence;near_num_predict_char_risk,multiple_code_fences_used_longest,
qwen2.5-coder:32b,no_review,crn-010404,2096,504,unclosed_code_fence;near_num_predict_char_risk,multiple_code_fences_used_longest,
qwen2.5-coder:32b,no_review,crn-002533,2213,274,unclosed_code_fence;near_num_predict_char_risk,multiple_code_fences_used_longest,
qwen2.5-coder:32b,no_review,crn-005445,2161,993,unclosed_code_fence;near_num_predict_char_risk,multiple_code_fences_used_longest,
qwen2.5-coder:32b,no_review,crn-009598,2324,353,unclosed_code_fence;near_num_predict_char_risk,multiple_code_fences_used_longest,
qwen2.5-coder:32b,no_review,crn-009173,2108,284,unclosed_code_fence;near_num_predict_char_risk,multiple_code_fences_used_longest,
qwen2.5-coder:32b,no_review,crn-000669,2391,531,near_num_predict_char_risk,multiple_code_fences_used_longest,
qwen2.5-coder:32b,no_review,crn-007063,2036,454,unclosed_code_fence;near_num_predict_char_risk,multiple_code_fences_used_longest,
qwen2.5-coder:32b,no_review,crn-001969,2288,322,unclosed_code_fence;near_num_predict_char_risk,multiple_code_fences_used_longest,
qwen2.5-coder:32b,no_review,crn-011364,2293,335,unclosed_code_fence;near_num_predict_char_risk,multiple_code_fences_used_longest,
qwen2.5-coder:32b,no_review,crn-003187,1839,210,unclosed_code_fence;near_num_predict_char_risk,multiple_code_fences_used_longest,
qwen2.5-coder:32b,no_review,crn-013627,2650,450,unclosed_code_fence;near_num_predict_char_risk,multiple_code_fences_used_longest,
qwen2.5-coder:32b,no_review,crn-013927,2059,345,unclosed_code_fence;near_num_predict_char_risk,multiple_code_fences_used_longest,
qwen2.5-coder:32b,no_review,crn-005152,2517,250,unclosed_code_fence;near_num_predict_char_risk,multiple_code_fences_used_longest,
qwen2.5-coder:32b,no_review,crn-006289,2070,650,unclosed_code_fence;near_num_predict_char_risk,multiple_code_fences_used_longest,
qwen2.5-coder:32b,no_review,crn-000773,2592,268,near_num_predict_char_risk,multiple_code_fences_used_longest,
qwen2.5-coder:32b,no_review,crn-014919,2482,441,unclosed_code_fence;near_num_predict_char_risk,multiple_code_fences_used_longest,
qwen2.5-coder:32b,no_review,crn-009259,1970,249,unclosed_code_fence;near_num_predict_char_risk,multiple_code_fences_used_longest,
qwen2.5-coder:32b,no_review,crn-012785,2183,265,unclosed_code_fence;near_num_predict_char_risk,multiple_code_fences_used_longest,
qwen2.5-coder:32b,no_review,crn-010509,2818,475,unclosed_code_fence;near_num_predict_char_risk,multiple_code_fences_used_longest,
qwen2.5-coder:32b,no_review,crn-011990,2079,213,near_num_predict_char_risk,multiple_code_fences_used_longest,
qwen2.5-coder:32b,no_review,crn-000417,2079,354,near_num_predict_char_risk,multiple_code_fences_used_longest,
qwen2.5-coder:32b,no_review,crn-000212,2494,228,near_num_predict_char_risk,multiple_code_fences_used_longest,
qwen2.5-coder:32b,no_review,crn-001904,2148,491,unclosed_code_fence;near_num_predict_char_risk,multiple_code_fences_used_longest,
qwen2.5-coder:32b,no_review,crn-005311,2230,532,unclosed_code_fence;near_num_predict_char_risk,multiple_code_fences_used_longest,
qwen2.5-coder:32b,no_review,crn-011694,1709,295,unclosed_code_fence,multiple_code_fences_used_longest,
qwen2.5-coder:32b,no_review,crn-014765,2134,268,unclosed_code_fence;near_num_predict_char_risk,multiple_code_fences_used_longest,
qwen2.5-coder:32b,no_review,crn-004927,1831,462,unclosed_code_fence;near_num_predict_char_risk,multiple_code_fences_used_longest,
qwen2.5-coder:32b,no_review,crn-008446,2253,1007,unclosed_code_fence;near_num_predict_char_risk,extracted_from_code_fence,
qwen2.5-coder:32b,no_review,crn-007464,1911,625,near_num_predict_char_risk,multiple_code_fences_used_longest,
qwen2.5-coder:32b,no_review,crn-006560,1730,190,unclosed_code_fence,multiple_code_fences_used_longest,
qwen2.5-coder:32b,no_review,crn-004508,2549,640,unclosed_code_fence;near_num_predict_char_risk,multiple_code_fences_used_longest,
qwen2.5-coder:32b,no_review,crn-010693,1978,488,unclosed_code_fence;near_num_predict_char_risk,multiple_code_fences_used_longest,
qwen2.5-coder:32b,no_review,crn-001709,1978,421,unclosed_code_fence;near_num_predict_char_risk,multiple_code_fences_used_longest,
qwen2.5-coder:32b,no_review,crn-009533,1906,778,unclosed_code_fence;near_num_predict_char_risk,multiple_code_fences_used_longest,
qwen2.5-coder:32b,no_review,crn-009709,2064,264,unclosed_code_fence;near_num_predict_char_risk,multiple_code_fences_used_longest,
qwen2.5-coder:32b,no_review,crn-009640,2705,347,unclosed_code_fence;near_num_predict_char_risk,multiple_code_fences_used_longest,
qwen2.5-coder:32b,no_review,crn-007539,2592,858,unclosed_code_fence;near_num_predict_char_risk,multiple_code_fences_used_longest,
qwen2.5-coder:32b,no_review,crn-002032,2354,436,near_num_predict_char_risk,multiple_code_fences_used_longest,
qwen2.5-coder:32b,no_review,crn-000765,2084,844,near_num_predict_char_risk,multiple_code_fences_used_longest,
qwen2.5-coder:32b,no_review,crn-007534,2819,492,unclosed_code_fence;near_num_predict_char_risk,multiple_code_fences_used_longest,
qwen2.5-coder:32b,no_review,crn-011319,2183,532,unclosed_code_fence;near_num_predict_char_risk,multiple_code_fences_used_longest,
qwen2.5-coder:32b,no_review,crn-012512,2454,488,unclosed_code_fence;near_num_predict_char_risk,multiple_code_fences_used_longest,
qwen2.5-coder:32b,no_review,crn-002315,1984,611,unclosed_code_fence;near_num_predict_char_risk,multiple_code_fences_used_longest,
qwen2.5-coder:32b,no_review,crn-008120,2593,386,unclosed_code_fence;near_num_predict_char_risk,multiple_code_fences_used_longest,
qwen2.5-coder:32b,no_review,crn-002706,2007,246,unclosed_code_fence;near_num_predict_char_risk,multiple_code_fences_used_longest,
qwen2.5-coder:32b,no_review,crn-009859,1832,201,unclosed_code_fence;near_num_predict_char_risk,multiple_code_fences_used_longest,
qwen2.5-coder:32b,no_review,crn-003655,1910,387,unclosed_code_fence;near_num_predict_char_risk,multiple_code_fences_used_longest,
qwen2.5-coder:32b,no_review,crn-007519,2188,443,unclosed_code_fence;near_num_predict_char_risk,multiple_code_fences_used_longest,
qwen2.5-coder:32b,no_review,crn-000294,2401,359,unclosed_code_fence;near_num_predict_char_risk,multiple_code_fences_used_longest,
qwen2.5-coder:32b,no_review,crn-009442,2443,835,unclosed_code_fence;near_num_predict_char_risk,multiple_code_fences_used_longest,
qwen2.5-coder:32b,no_review,crn-012672,2119,848,unclosed_code_fence;near_num_predict_char_risk,multiple_code_fences_used_longest,
qwen2.5-coder:32b,no_review,crn-006241,2103,879,near_num_predict_char_risk,multiple_code_fences_used_longest,
qwen2.5-coder:32b,no_review,crn-013650,2689,743,unclosed_code_fence;near_num_predict_char_risk,multiple_code_fences_used_longest,
qwen2.5-coder:32b,no_review,crn-010619,2143,746,unclosed_code_fence;near_num_predict_char_risk,multiple_code_fences_used_longest,
qwen2.5-coder:32b,no_review,crn-011318,2106,683,near_num_predict_char_risk,multiple_code_fences_used_longest,
qwen2.5-coder:32b,no_review,crn-007736,1856,262,unclosed_code_fence;near_num_predict_char_risk,multiple_code_fences_used_longest,
qwen2.5-coder:32b,no_review,crn-002586,1952,304,unclosed_code_fence;near_num_predict_char_risk,multiple_code_fences_used_longest,
qwen2.5-coder:32b,no_review,crn-006343,2256,483,unclosed_code_fence;near_num_predict_char_risk,multiple_code_fences_used_longest,
qwen2.5-coder:32b,no_review,crn-007948,1996,623,unclosed_code_fence;near_num_predict_char_risk,multiple_code_fences_used_longest,
qwen2.5-coder:32b,no_review,crn-008557,2691,447,near_num_predict_char_risk,multiple_code_fences_used_longest,
qwen2.5-coder:32b,no_review,crn-005574,2214,415,unclosed_code_fence;near_num_predict_char_risk,multiple_code_fences_used_longest,
qwen2.5-coder:32b,no_review,crn-008651,1957,617,unclosed_code_fence;near_num_predict_char_risk,multiple_code_fences_used_longest,
qwen2.5-coder:32b,no_review,crn-010954,2694,512,unclosed_code_fence;near_num_predict_char_risk,multiple_code_fences_used_longest,
qwen2.5-coder:32b,no_review,crn-011183,2098,260,unclosed_code_fence;near_num_predict_char_risk,multiple_code_fences_used_longest,
qwen2.5-coder:32b,no_review,crn-006858,2136,365,unclosed_code_fence;near_num_predict_char_risk,multiple_code_fences_used_longest,
qwen2.5-coder:32b,no_review,crn-001712,3053,388,unclosed_code_fence;near_num_predict_char_risk,multiple_code_fences_used_longest,
qwen2.5-coder:32b,no_review,crn-002627,1960,590,unclosed_code_fence;near_num_predict_char_risk,multiple_code_fences_used_longest,
qwen2.5-coder:32b,no_review,crn-001866,1858,413,unclosed_code_fence;near_num_predict_char_risk,multiple_code_fences_used_longest,
qwen2.5-coder:32b,no_review,crn-007887,1798,275,unclosed_code_fence;near_num_predict_char_risk,multiple_code_fences_used_longest,
qwen2.5-coder:32b,no_review,crn-006357,2029,294,near_num_predict_char_risk,multiple_code_fences_used_longest,
qwen2.5-coder:32b,no_review,crn-004479,2384,431,unclosed_code_fence;near_num_predict_char_risk,multiple_code_fences_used_longest,
qwen2.5-coder:32b,no_review,crn-010926,2469,786,unclosed_code_fence;near_num_predict_char_risk,multiple_code_fences_used_longest,
qwen2.5-coder:32b,no_review,crn-005894,2241,202,near_num_predict_char_risk,multiple_code_fences_used_longest,
qwen2.5-coder:32b,no_review,crn-007214,2022,738,unclosed_code_fence;near_num_predict_char_risk,multiple_code_fences_used_longest,
qwen2.5-coder:32b,no_review,crn-000755,2568,436,unclosed_code_fence;near_num_predict_char_risk,multiple_code_fences_used_longest,
qwen2.5-coder:32b,no_review,crn-005938,2381,444,unclosed_code_fence;near_num_predict_char_risk,multiple_code_fences_used_longest,
qwen2.5-coder:32b,no_review,crn-000824,2051,1055,near_num_predict_char_risk,multiple_code_fences_used_longest,
qwen2.5-coder:32b,no_review,crn-013265,1883,574,near_num_predict_char_risk,multiple_code_fences_used_longest,
qwen2.5-coder:32b,no_review,crn-004880,1762,441,unclosed_code_fence,multiple_code_fences_used_longest,
qwen2.5-coder:32b,no_review,crn-013960,2164,724,unclosed_code_fence;near_num_predict_char_risk,multiple_code_fences_used_longest,
qwen2.5-coder:32b,no_review,crn-008436,2102,656,near_num_predict_char_risk,multiple_code_fences_used_longest,
qwen2.5-coder:32b,no_review,crn-000211,1791,296,unclosed_code_fence,multiple_code_fences_used_longest,
qwen2.5-coder:32b,no_review,crn-007927,2458,407,unclosed_code_fence;near_num_predict_char_risk,multiple_code_fences_used_longest,
qwen2.5-coder:32b,no_review,crn-003420,2175,349,unclosed_code_fence;near_num_predict_char_risk,multiple_code_fences_used_longest,
qwen2.5-coder:32b,no_review,crn-009034,2171,363,unclosed_code_fence;near_num_predict_char_risk,multiple_code_fences_used_longest,
qwen2.5-coder:32b,no_review,crn-006755,2127,198,unclosed_code_fence;near_num_predict_char_risk,multiple_code_fences_used_longest,
qwen2.5-coder:32b,no_review,crn-003322,2162,244,unclosed_code_fence;near_num_predict_char_risk,multiple_code_fences_used_longest,
qwen2.5-coder:32b,no_review,crn-008624,1972,332,unclosed_code_fence;near_num_predict_char_risk,multiple_code_fences_used_longest,
qwen2.5-coder:32b,no_review,crn-009915,1963,372,unclosed_code_fence;near_num_predict_char_risk,multiple_code_fences_used_longest,
qwen2.5-coder:32b,no_review,crn-013174,2439,308,unclosed_code_fence;near_num_predict_char_risk,multiple_code_fences_used_longest,
qwen2.5-coder:32b,no_review,crn-007323,2354,618,unclosed_code_fence;near_num_predict_char_risk,multiple_code_fences_used_longest,
qwen2.5-coder:32b,no_review,crn-001911,1976,315,unclosed_code_fence;near_num_predict_char_risk,multiple_code_fences_used_longest,
qwen2.5-coder:32b,no_review,crn-000326,2240,596,unclosed_code_fence;near_num_predict_char_risk,multiple_code_fences_used_longest,
qwen2.5-coder:32b,no_review,crn-012773,1883,753,near_num_predict_char_risk,multiple_code_fences_used_longest,
qwen2.5-coder:32b,no_review,crn-000789,1850,379,unclosed_code_fence;near_num_predict_char_risk,multiple_code_fences_used_longest,
qwen2.5-coder:32b,no_review,crn-010815,1996,334,unclosed_code_fence;near_num_predict_char_risk,multiple_code_fences_used_longest,
qwen2.5-coder:32b,no_review,crn-000800,2102,467,unclosed_code_fence;near_num_predict_char_risk,multiple_code_fences_used_longest,
qwen2.5-coder:32b,no_review,crn-000616,2508,562,unclosed_code_fence;near_num_predict_char_risk,multiple_code_fences_used_longest,
qwen2.5-coder:32b,no_review,crn-010850,1929,255,unclosed_code_fence;near_num_predict_char_risk,multiple_code_fences_used_longest,
qwen2.5-coder:32b,no_review,crn-003697,2029,294,unclosed_code_fence;near_num_predict_char_risk,multiple_code_fences_used_longest,
qwen2.5-coder:32b,no_review,crn-000316,2106,205,near_num_predict_char_risk,multiple_code_fences_used_longest,
qwen2.5-coder:32b,no_review,crn-013942,2552,658,unclosed_code_fence;near_num_predict_char_risk,multiple_code_fences_used_longest,
qwen2.5-coder:32b,no_review,crn-008577,2416,1126,unclosed_code_fence;near_num_predict_char_risk,multiple_code_fences_used_longest,
qwen2.5-coder:32b,no_review,crn-001695,2217,397,unclosed_code_fence;near_num_predict_char_risk,multiple_code_fences_used_longest,
qwen2.5-coder:32b,no_review,crn-004099,2369,958,unclosed_code_fence;near_num_predict_char_risk,multiple_code_fences_used_longest,
qwen2.5-coder:32b,no_review,crn-013555,2226,677,unclosed_code_fence;near_num_predict_char_risk,multiple_code_fences_used_longest,
qwen2.5-coder:32b,no_review,crn-011484,2301,1377,unclosed_code_fence;near_num_predict_char_risk,extracted_from_code_fence,
qwen2.5-coder:32b,no_review,crn-008074,1967,184,near_num_predict_char_risk,multiple_code_fences_used_longest,
qwen2.5-coder:32b,no_review,crn-013659,2620,1081,unclosed_code_fence;near_num_predict_char_risk,multiple_code_fences_used_longest,
qwen2.5-coder:32b,no_review,crn-004507,2531,419,unclosed_code_fence;near_num_predict_char_risk,multiple_code_fences_used_longest,
qwen2.5-coder:32b,no_review,crn-012366,2453,540,unclosed_code_fence;near_num_predict_char_risk,multiple_code_fences_used_longest,
qwen2.5-coder:32b,no_review,crn-014520,2191,695,unclosed_code_fence;near_num_predict_char_risk,multiple_code_fences_used_longest,
qwen2.5-coder:32b,no_review,crn-005479,2308,471,unclosed_code_fence;near_num_predict_char_risk,multiple_code_fences_used_longest,
qwen2.5-coder:32b,no_review,crn-003298,2400,282,unclosed_code_fence;near_num_predict_char_risk,multiple_code_fences_used_longest,
qwen2.5-coder:32b,no_review,crn-000889,2901,704,unclosed_code_fence;near_num_predict_char_risk,multiple_code_fences_used_longest,
qwen2.5-coder:32b,no_review,crn-006291,1910,1288,unclosed_code_fence;near_num_predict_char_risk,extracted_from_code_fence,
qwen2.5-coder:32b,no_review,crn-014586,2258,637,unclosed_code_fence;near_num_predict_char_risk,multiple_code_fences_used_longest,
qwen2.5-coder:32b,no_review,crn-011416,1769,534,unclosed_code_fence,multiple_code_fences_used_longest,
qwen2.5-coder:32b,no_review,crn-007645,2596,296,unclosed_code_fence;near_num_predict_char_risk,multiple_code_fences_used_longest,
qwen2.5-coder:32b,no_review,crn-005458,2083,404,unclosed_code_fence;near_num_predict_char_risk,multiple_code_fences_used_longest,
qwen2.5-coder:32b,no_review,crn-005531,2165,513,unclosed_code_fence;near_num_predict_char_risk,multiple_code_fences_used_longest,
qwen2.5-coder:32b,no_review,crn-011102,1924,227,unclosed_code_fence;near_num_predict_char_risk,multiple_code_fences_used_longest,
qwen2.5-coder:32b,no_review,crn-002110,2410,321,unclosed_code_fence;near_num_predict_char_risk,multiple_code_fences_used_longest,
qwen2.5-coder:32b,no_review,crn-011671,2055,402,unclosed_code_fence;near_num_predict_char_risk,multiple_code_fences_used_longest,
qwen2.5-coder:32b,no_review,crn-013423,2356,295,unclosed_code_fence;near_num_predict_char_risk,multiple_code_fences_used_longest,
qwen2.5-coder:32b,no_review,crn-012101,2397,284,unclosed_code_fence;near_num_predict_char_risk,multiple_code_fences_used_longest,
qwen2.5-coder:32b,no_review,crn-014548,2371,586,unclosed_code_fence;near_num_predict_char_risk,multiple_code_fences_used_longest,
qwen2.5-coder:32b,no_review,crn-010177,2363,655,unclosed_code_fence;near_num_predict_char_risk,multiple_code_fences_used_longest,
qwen2.5-coder:32b,no_review,crn-006899,1787,170,unclosed_code_fence,multiple_code_fences_used_longest,
qwen2.5-coder:32b,no_review,crn-010836,2020,339,near_num_predict_char_risk,multiple_code_fences_used_longest,
qwen2.5-coder:32b,no_review,crn-013982,1473,386,unclosed_code_fence,extracted_from_code_fence,
qwen2.5-coder:32b,no_review,crn-001050,2557,241,unclosed_code_fence;near_num_predict_char_risk,multiple_code_fences_used_longest,
qwen2.5-coder:32b,no_review,crn-014292,2381,482,unclosed_code_fence;near_num_predict_char_risk,multiple_code_fences_used_longest,
qwen2.5-coder:32b,no_review,crn-001689,2404,338,unclosed_code_fence;near_num_predict_char_risk,multiple_code_fences_used_longest,
qwen2.5-coder:32b,no_review,crn-006548,1937,360,unclosed_code_fence;near_num_predict_char_risk,multiple_code_fences_used_longest,
qwen2.5-coder:32b,no_review,crn-008583,1750,319,unclosed_code_fence,multiple_code_fences_used_longest,
qwen2.5-coder:32b,no_review,crn-012751,2369,417,unclosed_code_fence;near_num_predict_char_risk,multiple_code_fences_used_longest,
qwen2.5-coder:32b,no_review,crn-005748,1890,856,unclosed_code_fence;near_num_predict_char_risk,multiple_code_fences_used_longest,
qwen2.5-coder:32b,no_review,crn-004537,2265,310,unclosed_code_fence;near_num_predict_char_risk,multiple_code_fences_used_longest,
qwen2.5-coder:32b,no_review,crn-007816,1666,341,unclosed_code_fence,multiple_code_fences_used_longest,
qwen2.5-coder:32b,no_review,crn-000148,2019,416,unclosed_code_fence;near_num_predict_char_risk,multiple_code_fences_used_longest,
qwen2.5-coder:32b,no_review,crn-003710,693,294,unclosed_code_fence,extracted_from_code_fence,
qwen2.5-coder:32b,no_review,crn-004434,2473,380,unclosed_code_fence;near_num_predict_char_risk,multiple_code_fences_used_longest,
qwen2.5-coder:32b,no_review,crn-002686,1844,321,near_num_predict_char_risk,multiple_code_fences_used_longest,
qwen2.5-coder:32b,no_review,crn-010299,2240,275,unclosed_code_fence;near_num_predict_char_risk,multiple_code_fences_used_longest,
qwen2.5-coder:32b,no_review,crn-012502,2312,370,unclosed_code_fence;near_num_predict_char_risk,multiple_code_fences_used_longest,
qwen2.5-coder:32b,no_review,crn-002043,2454,593,unclosed_code_fence;near_num_predict_char_risk,multiple_code_fences_used_longest,
qwen2.5-coder:32b,no_review,crn-007652,2086,898,near_num_predict_char_risk,multiple_code_fences_used_longest,
qwen2.5-coder:32b,no_review,crn-014170,2142,464,unclosed_code_fence;near_num_predict_char_risk,multiple_code_fences_used_longest,
qwen2.5-coder:32b,no_review,crn-003305,2427,346,unclosed_code_fence;near_num_predict_char_risk,multiple_code_fences_used_longest,
qwen2.5-coder:32b,no_review,crn-010457,2270,399,unclosed_code_fence;near_num_predict_char_risk,multiple_code_fences_used_longest,
qwen2.5-coder:32b,no_review,crn-013169,1954,298,unclosed_code_fence;near_num_predict_char_risk,multiple_code_fences_used_longest,
qwen2.5-coder:32b,no_review,crn-013397,2307,531,unclosed_code_fence;near_num_predict_char_risk,multiple_code_fences_used_longest,
qwen2.5-coder:32b,no_review,crn-001473,2642,487,unclosed_code_fence;near_num_predict_char_risk,multiple_code_fences_used_longest,
qwen2.5-coder:32b,no_review,crn-006870,2664,718,unclosed_code_fence;near_num_predict_char_risk,multiple_code_fences_used_longest,
qwen2.5-coder:32b,no_review,crn-004440,2193,399,unclosed_code_fence;near_num_predict_char_risk,multiple_code_fences_used_longest,
qwen2.5-coder:32b,no_review,crn-002215,1882,222,unclosed_code_fence;near_num_predict_char_risk,multiple_code_fences_used_longest,
qwen2.5-coder:32b,no_review,crn-001621,1956,906,unclosed_code_fence;near_num_predict_char_risk,extracted_from_code_fence,
qwen2.5-coder:32b,no_review,crn-005567,1893,281,unclosed_code_fence;near_num_predict_char_risk,multiple_code_fences_used_longest,
qwen2.5-coder:32b,no_review,crn-000334,2357,437,unclosed_code_fence;near_num_predict_char_risk,multiple_code_fences_used_longest,
qwen2.5-coder:32b,no_review,crn-006623,1848,586,near_num_predict_char_risk,multiple_code_fences_used_longest,
qwen2.5-coder:32b,no_review,crn-005461,1992,456,unclosed_code_fence;near_num_predict_char_risk,multiple_code_fences_used_longest,
qwen2.5-coder:32b,no_review,crn-002838,2320,436,unclosed_code_fence;near_num_predict_char_risk,multiple_code_fences_used_longest,
qwen2.5-coder:32b,no_review,crn-011921,1686,351,unclosed_code_fence,multiple_code_fences_used_longest,
qwen2.5-coder:32b,no_review,crn-009426,2209,329,unclosed_code_fence;near_num_predict_char_risk,multiple_code_fences_used_longest,
qwen2.5-coder:32b,no_review,crn-010501,2194,331,unclosed_code_fence;near_num_predict_char_risk,multiple_code_fences_used_longest,
qwen2.5-coder:32b,no_review,crn-006774,2017,251,unclosed_code_fence;near_num_predict_char_risk,multiple_code_fences_used_longest,
qwen2.5-coder:32b,no_review,crn-005668,1775,350,unclosed_code_fence,multiple_code_fences_used_longest,
qwen2.5-coder:32b,no_review,crn-001743,2235,490,unclosed_code_fence;near_num_predict_char_risk,multiple_code_fences_used_longest,
qwen2.5-coder:32b,no_review,crn-007552,2633,413,unclosed_code_fence;near_num_predict_char_risk,multiple_code_fences_used_longest,
qwen2.5-coder:32b,no_review,crn-005373,2633,429,unclosed_code_fence;near_num_predict_char_risk,multiple_code_fences_used_longest,
qwen2.5-coder:32b,no_review,crn-014127,2138,208,unclosed_code_fence;near_num_predict_char_risk,multiple_code_fences_used_longest,
qwen2.5-coder:32b,no_review,crn-004248,2149,450,unclosed_code_fence;near_num_predict_char_risk,multiple_code_fences_used_longest,
qwen2.5-coder:32b,no_review,crn-012734,2485,284,unclosed_code_fence;near_num_predict_char_risk,multiple_code_fences_used_longest,
qwen2.5-coder:32b,no_review,crn-002437,1750,326,unclosed_code_fence,multiple_code_fences_used_longest,
qwen2.5-coder:32b,no_review,crn-009412,636,635,unclosed_code_fence,no_code_fence_used_raw_text,
qwen2.5-coder:32b,no_review,crn-009417,1404,542,unclosed_code_fence,extracted_from_code_fence,
qwen2.5-coder:32b,no_review,crn-008520,2431,584,unclosed_code_fence;near_num_predict_char_risk,multiple_code_fences_used_longest,
qwen2.5-coder:32b,no_review,crn-000572,2522,641,unclosed_code_fence;near_num_predict_char_risk,multiple_code_fences_used_longest,
qwen2.5-coder:32b,no_review,crn-013656,2041,417,unclosed_code_fence;near_num_predict_char_risk,multiple_code_fences_used_longest,
qwen2.5-coder:32b,no_review,crn-003883,2403,609,unclosed_code_fence;near_num_predict_char_risk,multiple_code_fences_used_longest,
qwen2.5-coder:32b,no_review,crn-008826,2072,485,unclosed_code_fence;near_num_predict_char_risk,multiple_code_fences_used_longest,
qwen2.5-coder:32b,no_review,crn-009124,2644,344,unclosed_code_fence;near_num_predict_char_risk,multiple_code_fences_used_longest,
qwen2.5-coder:32b,no_review,crn-008924,2138,505,unclosed_code_fence;near_num_predict_char_risk,multiple_code_fences_used_longest,
qwen2.5-coder:32b,no_review,crn-003728,2402,250,unclosed_code_fence;near_num_predict_char_risk,multiple_code_fences_used_longest,
qwen2.5-coder:32b,no_review,crn-001504,2584,370,unclosed_code_fence;near_num_predict_char_risk,multiple_code_fences_used_longest,
qwen2.5-coder:32b,no_review,crn-012314,2492,440,unclosed_code_fence;near_num_predict_char_risk,multiple_code_fences_used_longest,
qwen2.5-coder:32b,no_review,crn-005082,895,375,unclosed_code_fence,extracted_from_code_fence,
qwen2.5-coder:32b,no_review,crn-007763,2192,322,unclosed_code_fence;near_num_predict_char_risk,multiple_code_fences_used_longest,
qwen2.5-coder:32b,no_review,crn-001906,2083,337,unclosed_code_fence;near_num_predict_char_risk,multiple_code_fences_used_longest,
qwen2.5-coder:32b,no_review,crn-011348,2205,668,near_num_predict_char_risk,multiple_code_fences_used_longest,
qwen2.5-coder:32b,no_review,crn-009890,2552,437,unclosed_code_fence;near_num_predict_char_risk,multiple_code_fences_used_longest,
qwen2.5-coder:32b,no_review,crn-007048,2252,1164,unclosed_code_fence;near_num_predict_char_risk,extracted_from_code_fence,
qwen2.5-coder:32b,no_review,crn-000817,2177,349,unclosed_code_fence;near_num_predict_char_risk,multiple_code_fences_used_longest,
qwen2.5-coder:32b,no_review,crn-004370,2490,644,unclosed_code_fence;near_num_predict_char_risk,multiple_code_fences_used_longest,
qwen2.5-coder:32b,no_review,crn-001671,2417,521,unclosed_code_fence;near_num_predict_char_risk,multiple_code_fences_used_longest,
qwen2.5-coder:32b,no_review,crn-002720,2218,261,unclosed_code_fence;near_num_predict_char_risk,multiple_code_fences_used_longest,
qwen2.5-coder:32b,no_review,crn-009015,2237,256,unclosed_code_fence;near_num_predict_char_risk,multiple_code_fences_used_longest,
qwen2.5-coder:32b,no_review,crn-012305,2302,360,unclosed_code_fence;near_num_predict_char_risk,multiple_code_fences_used_longest,
qwen2.5-coder:32b,no_review,crn-006189,1774,402,unclosed_code_fence,multiple_code_fences_used_longest,
qwen2.5-coder:32b,no_review,crn-002804,1892,248,unclosed_code_fence;near_num_predict_char_risk,multiple_code_fences_used_longest,
qwen2.5-coder:32b,no_review,crn-005635,2329,422,unclosed_code_fence;near_num_predict_char_risk,multiple_code_fences_used_longest,
qwen2.5-coder:32b,no_review,crn-001215,401,285,unclosed_code_fence,extracted_from_code_fence,
qwen2.5-coder:32b,no_review,crn-014849,2267,459,unclosed_code_fence;near_num_predict_char_risk,multiple_code_fences_used_longest,
qwen2.5-coder:32b,no_review,crn-007907,2237,336,unclosed_code_fence;near_num_predict_char_risk,multiple_code_fences_used_longest,
qwen2.5-coder:32b,no_review,crn-013976,2220,296,unclosed_code_fence;near_num_predict_char_risk,multiple_code_fences_used_longest,
qwen2.5-coder:32b,no_review,crn-008999,1836,616,unclosed_code_fence;near_num_predict_char_risk,multiple_code_fences_used_longest,
qwen2.5-coder:32b,no_review,crn-008131,2523,584,unclosed_code_fence;near_num_predict_char_risk,multiple_code_fences_used_longest,
qwen2.5-coder:32b,no_review,crn-006825,1849,924,unclosed_code_fence;near_num_predict_char_risk,extracted_from_code_fence,
qwen2.5-coder:32b,no_review,crn-012416,2720,694,unclosed_code_fence;near_num_predict_char_risk,multiple_code_fences_used_longest,
qwen2.5-coder:32b,no_review,crn-001464,2831,685,unclosed_code_fence;near_num_predict_char_risk,multiple_code_fences_used_longest,
qwen2.5-coder:32b,no_review,crn-001283,2014,415,near_num_predict_char_risk,multiple_code_fences_used_longest,
qwen2.5-coder:32b,no_review,crn-002318,2045,431,unclosed_code_fence;near_num_predict_char_risk,multiple_code_fences_used_longest,
qwen2.5-coder:32b,no_review,crn-003641,2373,591,unclosed_code_fence;near_num_predict_char_risk,multiple_code_fences_used_longest,
qwen2.5-coder:32b,no_review,crn-010074,2009,397,unclosed_code_fence;near_num_predict_char_risk,multiple_code_fences_used_longest,
qwen2.5-coder:32b,no_review,crn-012854,2029,655,unclosed_code_fence;near_num_predict_char_risk,multiple_code_fences_used_longest,
qwen2.5-coder:32b,no_review,crn-012406,2642,897,unclosed_code_fence;near_num_predict_char_risk,multiple_code_fences_used_longest,
qwen2.5-coder:32b,no_review,crn-009351,2133,430,unclosed_code_fence;near_num_predict_char_risk,multiple_code_fences_used_longest,
qwen2.5-coder:32b,no_review,crn-006237,1999,498,unclosed_code_fence;near_num_predict_char_risk,extracted_from_code_fence,
qwen2.5-coder:32b,no_review,crn-014938,2318,446,unclosed_code_fence;near_num_predict_char_risk,multiple_code_fences_used_longest,
qwen2.5-coder:32b,no_review,crn-005883,2147,320,unclosed_code_fence;near_num_predict_char_risk,multiple_code_fences_used_longest,
qwen2.5-coder:32b,no_review,crn-011684,2070,650,unclosed_code_fence;near_num_predict_char_risk,multiple_code_fences_used_longest,
qwen2.5-coder:32b,no_review,crn-001667,2283,439,unclosed_code_fence;near_num_predict_char_risk,multiple_code_fences_used_longest,
qwen2.5-coder:32b,no_review,crn-011153,2574,223,near_num_predict_char_risk,multiple_code_fences_used_longest,
qwen2.5-coder:32b,no_review,crn-006158,1757,490,unclosed_code_fence,multiple_code_fences_used_longest,
qwen2.5-coder:32b,no_review,crn-014487,2193,211,unclosed_code_fence;near_num_predict_char_risk,multiple_code_fences_used_longest,
qwen2.5-coder:32b,no_review,crn-006015,2193,260,unclosed_code_fence;near_num_predict_char_risk,multiple_code_fences_used_longest,
qwen2.5-coder:32b,no_review,crn-008675,1902,421,unclosed_code_fence;near_num_predict_char_risk,multiple_code_fences_used_longest,
qwen2.5-coder:32b,no_review,crn-001831,1927,379,unclosed_code_fence;near_num_predict_char_risk,multiple_code_fences_used_longest,
qwen2.5-coder:32b,no_review,crn-009665,2273,288,unclosed_code_fence;near_num_predict_char_risk,multiple_code_fences_used_longest,
qwen2.5-coder:32b,no_review,crn-013375,1466,258,unclosed_code_fence,multiple_code_fences_used_longest,
qwen2.5-coder:32b,no_review,crn-003318,2397,547,unclosed_code_fence;near_num_predict_char_risk,multiple_code_fences_used_longest,
qwen2.5-coder:32b,no_review,crn-010925,2375,291,near_num_predict_char_risk,multiple_code_fences_used_longest,
qwen2.5-coder:32b,no_review,crn-000329,2976,726,unclosed_code_fence;near_num_predict_char_risk,multiple_code_fences_used_longest,
qwen2.5-coder:32b,no_review,crn-011542,167,151,unclosed_code_fence,extracted_from_code_fence,
qwen2.5-coder:32b,no_review,crn-000625,2389,896,unclosed_code_fence;near_num_predict_char_risk,multiple_code_fences_used_longest,
qwen2.5-coder:32b,no_review,crn-005093,1747,235,unclosed_code_fence,multiple_code_fences_used_longest,
qwen2.5-coder:32b,no_review,crn-012262,1795,835,near_num_predict_char_risk,multiple_code_fences_used_longest,
qwen2.5-coder:32b,no_review,crn-005915,2343,353,unclosed_code_fence;near_num_predict_char_risk,multiple_code_fences_used_longest,
qwen2.5-coder:32b,no_review,crn-014098,2193,786,unclosed_code_fence;near_num_predict_char_risk,multiple_code_fences_used_longest,
qwen2.5-coder:32b,no_review,crn-014903,2399,664,unclosed_code_fence;near_num_predict_char_risk,multiple_code_fences_used_longest,
qwen2.5-coder:32b,no_review,crn-011570,2215,998,unclosed_code_fence;near_num_predict_char_risk,extracted_from_code_fence,
qwen2.5-coder:32b,no_review,crn-011639,1762,602,unclosed_code_fence,multiple_code_fences_used_longest,
qwen2.5-coder:32b,no_review,crn-008974,446,445,unclosed_code_fence,no_code_fence_used_raw_text,
qwen2.5-coder:32b,no_review,crn-014132,2435,488,unclosed_code_fence;near_num_predict_char_risk,multiple_code_fences_used_longest,
qwen2.5-coder:32b,no_review,crn-014713,1894,245,unclosed_code_fence;near_num_predict_char_risk,multiple_code_fences_used_longest,
qwen2.5-coder:32b,no_review,crn-011244,2487,415,unclosed_code_fence;near_num_predict_char_risk,multiple_code_fences_used_longest,
qwen2.5-coder:32b,no_review,crn-010392,1998,561,unclosed_code_fence;near_num_predict_char_risk,multiple_code_fences_used_longest,
qwen2.5-coder:32b,no_review,crn-014173,2303,314,unclosed_code_fence;near_num_predict_char_risk,multiple_code_fences_used_longest,
qwen2.5-coder:32b,no_review,crn-011935,1776,437,unclosed_code_fence,multiple_code_fences_used_longest,
qwen2.5-coder:32b,no_review,crn-008226,2411,258,unclosed_code_fence;near_num_predict_char_risk,multiple_code_fences_used_longest,
qwen2.5-coder:32b,no_review,crn-000571,2351,400,unclosed_code_fence;near_num_predict_char_risk,multiple_code_fences_used_longest,
qwen2.5-coder:32b,no_review,crn-014338,2485,584,unclosed_code_fence;near_num_predict_char_risk,multiple_code_fences_used_longest,
qwen2.5-coder:32b,no_review,crn-001517,1190,268,unclosed_code_fence,multiple_code_fences_used_longest,
qwen2.5-coder:32b,no_review,crn-001061,2482,590,unclosed_code_fence;near_num_predict_char_risk,multiple_code_fences_used_longest,
qwen2.5-coder:32b,no_review,crn-010384,2169,530,near_num_predict_char_risk,multiple_code_fences_used_longest,
qwen2.5-coder:32b,no_review,crn-010614,2066,767,unclosed_code_fence;near_num_predict_char_risk,multiple_code_fences_used_longest,
qwen2.5-coder:32b,no_review,crn-003663,2789,492,unclosed_code_fence;near_num_predict_char_risk,multiple_code_fences_used_longest,
qwen2.5-coder:32b,no_review,crn-009067,1751,746,unclosed_code_fence,multiple_code_fences_used_longest,
qwen2.5-coder:32b,no_review,crn-007453,2459,820,unclosed_code_fence;near_num_predict_char_risk,multiple_code_fences_used_longest,
qwen2.5-coder:32b,no_review,crn-004926,1679,308,unclosed_code_fence,multiple_code_fences_used_longest,
qwen2.5-coder:32b,no_review,crn-005865,2012,395,unclosed_code_fence;near_num_predict_char_risk,multiple_code_fences_used_longest,
qwen2.5-coder:32b,no_review,crn-010902,1768,292,unclosed_code_fence,multiple_code_fences_used_longest,
qwen2.5-coder:32b,no_review,crn-013093,1876,686,unclosed_code_fence;near_num_predict_char_risk,multiple_code_fences_used_longest,
qwen2.5-coder:32b,no_review,crn-002710,2068,292,near_num_predict_char_risk,multiple_code_fences_used_longest,
qwen2.5-coder:32b,no_review,crn-014446,2084,560,unclosed_code_fence;near_num_predict_char_risk,multiple_code_fences_used_longest,
qwen2.5-coder:32b,no_review,crn-011299,1892,344,unclosed_code_fence;near_num_predict_char_risk,multiple_code_fences_used_longest,
qwen2.5-coder:32b,no_review,crn-003850,2512,396,unclosed_code_fence;near_num_predict_char_risk,multiple_code_fences_used_longest,
qwen2.5-coder:32b,no_review,crn-007462,2210,519,unclosed_code_fence;near_num_predict_char_risk,multiple_code_fences_used_longest,
qwen2.5-coder:32b,no_review,crn-005241,2118,431,unclosed_code_fence;near_num_predict_char_risk,multiple_code_fences_used_longest,
qwen2.5-coder:32b,no_review,crn-005191,2137,625,unclosed_code_fence;near_num_predict_char_risk,multiple_code_fences_used_longest,
qwen2.5-coder:32b,no_review,crn-010500,2162,401,unclosed_code_fence;near_num_predict_char_risk,multiple_code_fences_used_longest,
qwen2.5-coder:32b,no_review,crn-014740,2335,432,unclosed_code_fence;near_num_predict_char_risk,multiple_code_fences_used_longest,
qwen2.5-coder:32b,no_review,crn-006140,1858,261,near_num_predict_char_risk,multiple_code_fences_used_longest,
qwen2.5-coder:32b,no_review,crn-004610,2340,640,unclosed_code_fence;near_num_predict_char_risk,multiple_code_fences_used_longest,
qwen2.5-coder:32b,no_review,crn-012233,2395,728,unclosed_code_fence;near_num_predict_char_risk,multiple_code_fences_used_longest,
qwen2.5-coder:32b,no_review,crn-010733,2135,263,near_num_predict_char_risk,multiple_code_fences_used_longest,
qwen2.5-coder:32b,no_review,crn-011706,2714,559,unclosed_code_fence;near_num_predict_char_risk,multiple_code_fences_used_longest,
qwen2.5-coder:32b,no_review,crn-000394,2482,361,unclosed_code_fence;near_num_predict_char_risk,multiple_code_fences_used_longest,
qwen2.5-coder:32b,no_review,crn-003218,2049,365,unclosed_code_fence;near_num_predict_char_risk,multiple_code_fences_used_longest,
qwen2.5-coder:32b,no_review,crn-008136,2489,620,unclosed_code_fence;near_num_predict_char_risk,multiple_code_fences_used_longest,
qwen2.5-coder:32b,no_review,crn-005009,2071,543,unclosed_code_fence;near_num_predict_char_risk,multiple_code_fences_used_longest,
qwen2.5-coder:32b,no_review,crn-009291,1809,759,unclosed_code_fence;near_num_predict_char_risk,multiple_code_fences_used_longest,
qwen2.5-coder:32b,no_review,crn-004807,1919,294,unclosed_code_fence;near_num_predict_char_risk,multiple_code_fences_used_longest,
qwen2.5-coder:32b,no_review,crn-013096,1816,446,unclosed_code_fence;near_num_predict_char_risk,multiple_code_fences_used_longest,
qwen2.5-coder:32b,no_review,crn-000133,2825,465,unclosed_code_fence;near_num_predict_char_risk,multiple_code_fences_used_longest,
qwen2.5-coder:32b,no_review,crn-013559,2654,670,near_num_predict_char_risk,multiple_code_fences_used_longest,
qwen2.5-coder:32b,no_review,crn-001426,2461,682,unclosed_code_fence;near_num_predict_char_risk,multiple_code_fences_used_longest,
qwen2.5-coder:32b,no_review,crn-006610,2609,590,unclosed_code_fence;near_num_predict_char_risk,multiple_code_fences_used_longest,
qwen2.5-coder:32b,no_review,crn-003678,2210,387,unclosed_code_fence;near_num_predict_char_risk,multiple_code_fences_used_longest,
qwen2.5-coder:32b,no_review,crn-006861,2518,612,unclosed_code_fence;near_num_predict_char_risk,multiple_code_fences_used_longest,
qwen2.5-coder:32b,no_review,crn-013519,2691,333,unclosed_code_fence;near_num_predict_char_risk,multiple_code_fences_used_longest,
qwen2.5-coder:32b,no_review,crn-013052,2339,469,unclosed_code_fence;near_num_predict_char_risk,multiple_code_fences_used_longest,
qwen2.5-coder:32b,no_review,crn-006912,2603,325,unclosed_code_fence;near_num_predict_char_risk,multiple_code_fences_used_longest,
qwen2.5-coder:32b,no_review,crn-007778,2083,687,unclosed_code_fence;near_num_predict_char_risk,multiple_code_fences_used_longest,
qwen2.5-coder:32b,no_review,crn-004202,2202,420,unclosed_code_fence;near_num_predict_char_risk,multiple_code_fences_used_longest,
qwen2.5-coder:32b,no_review,crn-006062,2210,331,near_num_predict_char_risk,multiple_code_fences_used_longest,
qwen2.5-coder:32b,no_review,crn-009341,2304,272,unclosed_code_fence;near_num_predict_char_risk,multiple_code_fences_used_longest,
qwen2.5-coder:32b,no_review,crn-012749,1993,258,unclosed_code_fence;near_num_predict_char_risk,multiple_code_fences_used_longest,
qwen2.5-coder:32b,no_review,crn-007502,2478,758,unclosed_code_fence;near_num_predict_char_risk,multiple_code_fences_used_longest,
qwen2.5-coder:32b,no_review,crn-008635,1988,607,unclosed_code_fence;near_num_predict_char_risk,multiple_code_fences_used_longest,
qwen2.5-coder:32b,no_review,crn-007077,1973,343,unclosed_code_fence;near_num_predict_char_risk,multiple_code_fences_used_longest,
qwen2.5-coder:32b,no_review,crn-002752,1910,273,unclosed_code_fence;near_num_predict_char_risk,multiple_code_fences_used_longest,
qwen2.5-coder:32b,no_review,crn-008621,1948,317,unclosed_code_fence;near_num_predict_char_risk,multiple_code_fences_used_longest,
qwen2.5-coder:32b,no_review,crn-000188,2325,291,unclosed_code_fence;near_num_predict_char_risk,multiple_code_fences_used_longest,
qwen2.5-coder:32b,no_review,crn-012936,2334,384,unclosed_code_fence;near_num_predict_char_risk,multiple_code_fences_used_longest,
qwen2.5-coder:32b,no_review,crn-010089,1874,587,unclosed_code_fence;near_num_predict_char_risk,multiple_code_fences_used_longest,
qwen2.5-coder:32b,no_review,crn-008841,2046,312,unclosed_code_fence;near_num_predict_char_risk,multiple_code_fences_used_longest,
qwen2.5-coder:32b,no_review,crn-002560,2668,298,near_num_predict_char_risk,multiple_code_fences_used_longest,
qwen2.5-coder:32b,no_review,crn-011485,2284,1365,unclosed_code_fence;near_num_predict_char_risk,extracted_from_code_fence,
qwen2.5-coder:32b,no_review,crn-001380,2660,463,unclosed_code_fence;near_num_predict_char_risk,multiple_code_fences_used_longest,
qwen2.5-coder:32b,no_review,crn-002516,2006,357,near_num_predict_char_risk,multiple_code_fences_used_longest,
qwen2.5-coder:32b,no_review,crn-014288,1881,566,near_num_predict_char_risk,multiple_code_fences_used_longest,
qwen2.5-coder:32b,no_review,crn-010554,2050,471,near_num_predict_char_risk,multiple_code_fences_used_longest,
qwen2.5-coder:32b,no_review,crn-005215,1774,273,unclosed_code_fence,multiple_code_fences_used_longest,
qwen2.5-coder:32b,no_review,crn-004872,2131,478,unclosed_code_fence;near_num_predict_char_risk,multiple_code_fences_used_longest,
qwen2.5-coder:32b,no_review,crn-014782,2127,448,unclosed_code_fence;near_num_predict_char_risk,multiple_code_fences_used_longest,
qwen2.5-coder:32b,no_review,crn-012418,2504,362,unclosed_code_fence;near_num_predict_char_risk,multiple_code_fences_used_longest,
qwen2.5-coder:32b,no_review,crn-001431,2214,460,unclosed_code_fence;near_num_predict_char_risk,multiple_code_fences_used_longest,
qwen2.5-coder:32b,no_review,crn-007292,2406,837,unclosed_code_fence;near_num_predict_char_risk,multiple_code_fences_used_longest,
qwen2.5-coder:32b,no_review,crn-010348,2198,308,unclosed_code_fence;near_num_predict_char_risk,multiple_code_fences_used_longest,
qwen2.5-coder:32b,no_review,crn-014329,2304,683,unclosed_code_fence;near_num_predict_char_risk,multiple_code_fences_used_longest,
qwen2.5-coder:32b,no_review,crn-007253,2230,631,unclosed_code_fence;near_num_predict_char_risk,multiple_code_fences_used_longest,
qwen2.5-coder:32b,no_review,crn-002705,2332,392,unclosed_code_fence;near_num_predict_char_risk,multiple_code_fences_used_longest,
qwen2.5-coder:32b,no_review,crn-010921,1992,564,unclosed_code_fence;near_num_predict_char_risk,multiple_code_fences_used_longest,
qwen2.5-coder:32b,no_review,crn-000141,2160,367,unclosed_code_fence;near_num_predict_char_risk,multiple_code_fences_used_longest,
qwen2.5-coder:32b,no_review,crn-009282,1727,631,unclosed_code_fence,multiple_code_fences_used_longest,
qwen2.5-coder:32b,no_review,crn-001125,2288,368,unclosed_code_fence;near_num_predict_char_risk,multiple_code_fences_used_longest,
qwen2.5-coder:32b,no_review,crn-010571,2161,398,unclosed_code_fence;near_num_predict_char_risk,multiple_code_fences_used_longest,
qwen2.5-coder:32b,no_review,crn-014486,2404,578,near_num_predict_char_risk,multiple_code_fences_used_longest,
qwen2.5-coder:32b,no_review,crn-007335,2493,653,unclosed_code_fence;near_num_predict_char_risk,multiple_code_fences_used_longest,
qwen2.5-coder:32b,no_review,crn-008563,3046,645,unclosed_code_fence;near_num_predict_char_risk,multiple_code_fences_used_longest,
qwen2.5-coder:32b,no_review,crn-013028,2286,287,unclosed_code_fence;near_num_predict_char_risk,multiple_code_fences_used_longest,
qwen2.5-coder:32b,no_review,crn-013148,1846,488,unclosed_code_fence;near_num_predict_char_risk,multiple_code_fences_used_longest,
qwen2.5-coder:32b,no_review,crn-001571,179,178,unclosed_code_fence,no_code_fence_used_raw_text,
qwen2.5-coder:32b,no_review,crn-012559,2016,624,unclosed_code_fence;near_num_predict_char_risk,multiple_code_fences_used_longest,
qwen2.5-coder:32b,no_review,crn-005035,2229,448,unclosed_code_fence;near_num_predict_char_risk,multiple_code_fences_used_longest,
qwen2.5-coder:32b,no_review,crn-010307,1993,993,unclosed_code_fence;near_num_predict_char_risk,multiple_code_fences_used_longest,
qwen2.5-coder:32b,no_review,crn-001361,2417,379,unclosed_code_fence;near_num_predict_char_risk,multiple_code_fences_used_longest,
qwen2.5-coder:32b,no_review,crn-001540,2309,633,unclosed_code_fence;near_num_predict_char_risk,multiple_code_fences_used_longest,
qwen2.5-coder:32b,no_review,crn-011790,1860,176,unclosed_code_fence;near_num_predict_char_risk,multiple_code_fences_used_longest,
qwen2.5-coder:32b,no_review,crn-007274,1906,225,near_num_predict_char_risk,multiple_code_fences_used_longest,
qwen2.5-coder:32b,no_review,crn-013399,2163,461,unclosed_code_fence;near_num_predict_char_risk,multiple_code_fences_used_longest,
qwen2.5-coder:32b,no_review,crn-010317,750,749,unclosed_code_fence,no_code_fence_used_raw_text,
qwen2.5-coder:32b,no_review,crn-014695,2321,330,unclosed_code_fence;near_num_predict_char_risk,multiple_code_fences_used_longest,
qwen2.5-coder:32b,no_review,crn-000756,2832,458,unclosed_code_fence;near_num_predict_char_risk,multiple_code_fences_used_longest,
qwen2.5-coder:32b,no_review,crn-008004,1631,147,unclosed_code_fence,multiple_code_fences_used_longest,
qwen2.5-coder:32b,no_review,crn-005565,2142,353,unclosed_code_fence;near_num_predict_char_risk,multiple_code_fences_used_longest,
qwen2.5-coder:32b,no_review,crn-005319,2175,304,unclosed_code_fence;near_num_predict_char_risk,multiple_code_fences_used_longest,
qwen2.5-coder:32b,no_review,crn-007082,2110,428,unclosed_code_fence;near_num_predict_char_risk,multiple_code_fences_used_longest,
qwen2.5-coder:32b,no_review,crn-006558,2264,458,unclosed_code_fence;near_num_predict_char_risk,multiple_code_fences_used_longest,
qwen2.5-coder:32b,no_review,crn-013170,1577,246,unclosed_code_fence,multiple_code_fences_used_longest,
qwen2.5-coder:32b,no_review,crn-010944,2140,483,unclosed_code_fence;near_num_predict_char_risk,multiple_code_fences_used_longest,
qwen2.5-coder:32b,no_review,crn-008500,2742,588,unclosed_code_fence;near_num_predict_char_risk,multiple_code_fences_used_longest,
qwen2.5-coder:32b,no_review,crn-001536,2753,817,unclosed_code_fence;near_num_predict_char_risk,multiple_code_fences_used_longest,
qwen2.5-coder:32b,no_review,crn-001246,2606,335,unclosed_code_fence;near_num_predict_char_risk,multiple_code_fences_used_longest,
qwen2.5-coder:32b,no_review,crn-006828,1855,181,unclosed_code_fence;near_num_predict_char_risk,multiple_code_fences_used_longest,
qwen2.5-coder:32b,no_review,crn-004428,2018,278,unclosed_code_fence;near_num_predict_char_risk,multiple_code_fences_used_longest,
qwen2.5-coder:32b,no_review,crn-004406,1855,417,near_num_predict_char_risk,multiple_code_fences_used_longest,
qwen2.5-coder:32b,no_review,crn-004768,2049,400,unclosed_code_fence;near_num_predict_char_risk,multiple_code_fences_used_longest,
qwen2.5-coder:32b,no_review,crn-004824,1958,386,unclosed_code_fence;near_num_predict_char_risk,multiple_code_fences_used_longest,
qwen2.5-coder:32b,no_review,crn-009835,2600,299,unclosed_code_fence;near_num_predict_char_risk,multiple_code_fences_used_longest,
qwen2.5-coder:32b,no_review,crn-009394,2407,256,unclosed_code_fence;near_num_predict_char_risk,multiple_code_fences_used_longest,
qwen2.5-coder:32b,no_review,crn-002295,1821,239,unclosed_code_fence;near_num_predict_char_risk,multiple_code_fences_used_longest,
qwen2.5-coder:32b,no_review,crn-007058,1959,321,unclosed_code_fence;near_num_predict_char_risk,multiple_code_fences_used_longest,
qwen2.5-coder:32b,no_review,crn-003460,2330,279,unclosed_code_fence;near_num_predict_char_risk,multiple_code_fences_used_longest,
qwen2.5-coder:32b,no_review,crn-003905,2086,665,unclosed_code_fence;near_num_predict_char_risk,multiple_code_fences_used_longest,
qwen2.5-coder:32b,no_review,crn-000532,277,276,unclosed_code_fence,no_code_fence_used_raw_text,
qwen2.5-coder:32b,no_review,crn-012982,2617,449,unclosed_code_fence;near_num_predict_char_risk,multiple_code_fences_used_longest,
qwen2.5-coder:32b,no_review,crn-001690,604,603,unclosed_code_fence,no_code_fence_used_raw_text,
qwen2.5-coder:32b,no_review,crn-008951,2473,256,unclosed_code_fence;near_num_predict_char_risk,multiple_code_fences_used_longest,
qwen2.5-coder:32b,no_review,crn-013277,2024,413,unclosed_code_fence;near_num_predict_char_risk,multiple_code_fences_used_longest,
qwen2.5-coder:32b,no_review,crn-011099,715,714,unclosed_code_fence,no_code_fence_used_raw_text,
qwen2.5-coder:32b,no_review,crn-009060,1946,333,unclosed_code_fence;near_num_predict_char_risk,multiple_code_fences_used_longest,
qwen2.5-coder:32b,no_review,crn-009321,2050,386,unclosed_code_fence;near_num_predict_char_risk,multiple_code_fences_used_longest,
qwen2.5-coder:32b,no_review,crn-007538,2398,481,unclosed_code_fence;near_num_predict_char_risk,multiple_code_fences_used_longest,
qwen2.5-coder:32b,no_review,crn-004757,1990,229,unclosed_code_fence;near_num_predict_char_risk,multiple_code_fences_used_longest,
qwen2.5-coder:32b,no_review,crn-011462,1788,679,unclosed_code_fence,extracted_from_code_fence,
qwen2.5-coder:32b,no_review,crn-002757,2174,379,unclosed_code_fence;near_num_predict_char_risk,multiple_code_fences_used_longest,
qwen2.5-coder:32b,no_review,crn-008059,2001,248,unclosed_code_fence;near_num_predict_char_risk,multiple_code_fences_used_longest,
qwen2.5-coder:32b,no_review,crn-009254,2029,575,unclosed_code_fence;near_num_predict_char_risk,multiple_code_fences_used_longest,
qwen2.5-coder:32b,no_review,crn-013779,2089,592,near_num_predict_char_risk,multiple_code_fences_used_longest,
qwen2.5-coder:32b,no_review,crn-004760,1703,581,unclosed_code_fence,multiple_code_fences_used_longest,
qwen2.5-coder:32b,no_review,crn-013533,2538,760,unclosed_code_fence;near_num_predict_char_risk,multiple_code_fences_used_longest,
qwen2.5-coder:32b,no_review,crn-002750,2187,362,unclosed_code_fence;near_num_predict_char_risk,multiple_code_fences_used_longest,
qwen2.5-coder:32b,no_review,crn-006974,2165,248,unclosed_code_fence;near_num_predict_char_risk,multiple_code_fences_used_longest,
qwen2.5-coder:32b,no_review,crn-013379,1806,475,near_num_predict_char_risk,multiple_code_fences_used_longest,
qwen2.5-coder:32b,no_review,crn-013754,2255,186,unclosed_code_fence;near_num_predict_char_risk,multiple_code_fences_used_longest,
qwen2.5-coder:32b,no_review,crn-011075,2393,442,unclosed_code_fence;near_num_predict_char_risk,multiple_code_fences_used_longest,
qwen2.5-coder:32b,no_review,crn-013494,2165,167,unclosed_code_fence;near_num_predict_char_risk,multiple_code_fences_used_longest,
qwen2.5-coder:32b,no_review,crn-013641,1930,368,unclosed_code_fence;near_num_predict_char_risk,multiple_code_fences_used_longest,
qwen2.5-coder:32b,no_review,crn-006472,2391,417,unclosed_code_fence;near_num_predict_char_risk,multiple_code_fences_used_longest,
qwen2.5-coder:32b,no_review,crn-014207,2580,605,unclosed_code_fence;near_num_predict_char_risk,multiple_code_fences_used_longest,
qwen2.5-coder:32b,no_review,crn-014869,2571,527,unclosed_code_fence;near_num_predict_char_risk,multiple_code_fences_used_longest,
qwen2.5-coder:32b,no_review,crn-007080,1825,279,unclosed_code_fence;near_num_predict_char_risk,multiple_code_fences_used_longest,
qwen2.5-coder:32b,no_review,crn-010553,1550,400,unclosed_code_fence,multiple_code_fences_used_longest,
qwen2.5-coder:32b,no_review,crn-003070,1945,565,unclosed_code_fence;near_num_predict_char_risk,multiple_code_fences_used_longest,
qwen2.5-coder:32b,no_review,crn-010375,2100,543,near_num_predict_char_risk,multiple_code_fences_used_longest,
qwen2.5-coder:32b,no_review,crn-003821,2115,408,unclosed_code_fence;near_num_predict_char_risk,multiple_code_fences_used_longest,
qwen2.5-coder:32b,no_review,crn-007028,1805,378,unclosed_code_fence;near_num_predict_char_risk,multiple_code_fences_used_longest,
qwen2.5-coder:32b,no_review,crn-013525,2480,178,near_num_predict_char_risk,multiple_code_fences_used_longest,
qwen2.5-coder:32b,no_review,crn-004949,2220,820,unclosed_code_fence;near_num_predict_char_risk,multiple_code_fences_used_longest,
qwen2.5-coder:32b,no_review,crn-001105,2090,516,near_num_predict_char_risk,multiple_code_fences_used_longest,
qwen2.5-coder:32b,no_review,crn-005255,1920,395,near_num_predict_char_risk,multiple_code_fences_used_longest,
qwen2.5-coder:32b,no_review,crn-007457,2044,489,unclosed_code_fence;near_num_predict_char_risk,multiple_code_fences_used_longest,
qwen2.5-coder:32b,no_review,crn-007850,2066,279,unclosed_code_fence;near_num_predict_char_risk,multiple_code_fences_used_longest,
qwen2.5-coder:32b,no_review,crn-005140,2136,150,unclosed_code_fence;near_num_predict_char_risk,multiple_code_fences_used_longest,
qwen2.5-coder:32b,no_review,crn-004870,2273,351,unclosed_code_fence;near_num_predict_char_risk,multiple_code_fences_used_longest,
qwen2.5-coder:32b,no_review,crn-007095,2836,352,unclosed_code_fence;near_num_predict_char_risk,multiple_code_fences_used_longest,
qwen2.5-coder:32b,no_review,crn-005462,1992,456,unclosed_code_fence;near_num_predict_char_risk,multiple_code_fences_used_longest,
qwen2.5-coder:32b,no_review,crn-010628,2088,411,unclosed_code_fence;near_num_predict_char_risk,multiple_code_fences_used_longest,
qwen2.5-coder:32b,no_review,crn-009281,2042,453,unclosed_code_fence;near_num_predict_char_risk,multiple_code_fences_used_longest,
qwen2.5-coder:32b,no_review,crn-013444,2173,386,near_num_predict_char_risk,multiple_code_fences_used_longest,
qwen2.5-coder:32b,no_review,crn-010834,2005,664,unclosed_code_fence;near_num_predict_char_risk,multiple_code_fences_used_longest,
qwen2.5-coder:32b,no_review,crn-012198,2796,215,near_num_predict_char_risk,multiple_code_fences_used_longest,
qwen2.5-coder:32b,no_review,crn-008849,2287,214,unclosed_code_fence;near_num_predict_char_risk,multiple_code_fences_used_longest,
qwen2.5-coder:32b,no_review,crn-008960,1949,512,unclosed_code_fence;near_num_predict_char_risk,multiple_code_fences_used_longest,
qwen2.5-coder:32b,no_review,crn-006895,2371,737,unclosed_code_fence;near_num_predict_char_risk,multiple_code_fences_used_longest,
qwen2.5-coder:32b,no_review,crn-007402,2462,674,unclosed_code_fence;near_num_predict_char_risk,multiple_code_fences_used_longest,
qwen2.5-coder:32b,no_review,crn-002540,1958,330,unclosed_code_fence;near_num_predict_char_risk,multiple_code_fences_used_longest,
qwen2.5-coder:32b,no_review,crn-011559,2139,378,unclosed_code_fence;near_num_predict_char_risk,multiple_code_fences_used_longest,
qwen2.5-coder:32b,no_review,crn-011090,2443,479,unclosed_code_fence;near_num_predict_char_risk,multiple_code_fences_used_longest,
qwen2.5-coder:32b,no_review,crn-006745,1683,371,unclosed_code_fence,multiple_code_fences_used_longest,
qwen2.5-coder:32b,no_review,crn-007609,2216,264,unclosed_code_fence;near_num_predict_char_risk,multiple_code_fences_used_longest,
qwen2.5-coder:32b,no_review,crn-014755,2141,507,unclosed_code_fence;near_num_predict_char_risk,multiple_code_fences_used_longest,
qwen2.5-coder:32b,no_review,crn-001879,1836,21,near_num_predict_char_risk,multiple_code_fences_used_longest,
qwen2.5-coder:32b,no_review,crn-006017,2147,452,unclosed_code_fence;near_num_predict_char_risk,multiple_code_fences_used_longest,
qwen2.5-coder:32b,no_review,crn-005369,2472,272,unclosed_code_fence;near_num_predict_char_risk,multiple_code_fences_used_longest,
qwen2.5-coder:32b,no_review,crn-007900,1206,174,unclosed_code_fence,multiple_code_fences_used_longest,
qwen2.5-coder:32b,no_review,crn-003307,1947,262,unclosed_code_fence;near_num_predict_char_risk,multiple_code_fences_used_longest,
qwen2.5-coder:32b,no_review,crn-005473,1979,785,near_num_predict_char_risk,multiple_code_fences_used_longest,
qwen2.5-coder:32b,no_review,crn-005953,2302,793,unclosed_code_fence;near_num_predict_char_risk,multiple_code_fences_used_longest,
qwen2.5-coder:32b,no_review,crn-007164,2059,234,near_num_predict_char_risk,multiple_code_fences_used_longest,
qwen2.5-coder:32b,no_review,crn-004547,2294,520,unclosed_code_fence;near_num_predict_char_risk,multiple_code_fences_used_longest,
qwen2.5-coder:32b,no_review,crn-008132,2256,303,unclosed_code_fence;near_num_predict_char_risk,multiple_code_fences_used_longest,
qwen2.5-coder:32b,no_review,crn-004963,2189,441,unclosed_code_fence;near_num_predict_char_risk,multiple_code_fences_used_longest,
qwen2.5-coder:32b,no_review,crn-006392,2212,534,unclosed_code_fence;near_num_predict_char_risk,multiple_code_fences_used_longest,
qwen2.5-coder:32b,no_review,crn-013677,2262,435,unclosed_code_fence;near_num_predict_char_risk,multiple_code_fences_used_longest,
qwen2.5-coder:32b,no_review,crn-007398,1822,860,near_num_predict_char_risk,multiple_code_fences_used_longest,
qwen2.5-coder:32b,no_review,crn-014476,2219,474,unclosed_code_fence;near_num_predict_char_risk,multiple_code_fences_used_longest,
qwen2.5-coder:32b,no_review,crn-005933,2292,416,unclosed_code_fence;near_num_predict_char_risk,multiple_code_fences_used_longest,
qwen2.5-coder:32b,no_review,crn-001510,2290,486,unclosed_code_fence;near_num_predict_char_risk,multiple_code_fences_used_longest,
qwen2.5-coder:32b,no_review,crn-001758,2393,242,unclosed_code_fence;near_num_predict_char_risk,multiple_code_fences_used_longest,
qwen2.5-coder:32b,no_review,crn-004416,1995,383,unclosed_code_fence;near_num_predict_char_risk,multiple_code_fences_used_longest,
qwen2.5-coder:32b,no_review,crn-001355,2144,406,unclosed_code_fence;near_num_predict_char_risk,multiple_code_fences_used_longest,
qwen2.5-coder:32b,no_review,crn-010885,1773,273,unclosed_code_fence,multiple_code_fences_used_longest,
qwen2.5-coder:32b,no_review,crn-013069,2090,491,unclosed_code_fence;near_num_predict_char_risk,multiple_code_fences_used_longest,
qwen2.5-coder:32b,no_review,crn-009114,2182,355,unclosed_code_fence;near_num_predict_char_risk,multiple_code_fences_used_longest,
qwen2.5-coder:32b,no_review,crn-000489,2463,287,unclosed_code_fence;near_num_predict_char_risk,multiple_code_fences_used_longest,
qwen2.5-coder:32b,no_review,crn-006541,2041,298,unclosed_code_fence;near_num_predict_char_risk,multiple_code_fences_used_longest,
qwen2.5-coder:32b,no_review,crn-005612,2599,601,unclosed_code_fence;near_num_predict_char_risk,multiple_code_fences_used_longest,
qwen2.5-coder:32b,no_review,crn-007204,1896,441,unclosed_code_fence;near_num_predict_char_risk,multiple_code_fences_used_longest,
qwen2.5-coder:32b,no_review,crn-001612,1896,615,near_num_predict_char_risk,multiple_code_fences_used_longest,
qwen2.5-coder:32b,no_review,crn-005701,2072,313,unclosed_code_fence;near_num_predict_char_risk,multiple_code_fences_used_longest,
qwen2.5-coder:32b,no_review,crn-008257,2551,568,unclosed_code_fence;near_num_predict_char_risk,multiple_code_fences_used_longest,
qwen2.5-coder:32b,no_review,crn-001295,1469,253,unclosed_code_fence,multiple_code_fences_used_longest,
qwen2.5-coder:32b,no_review,crn-002306,1757,298,unclosed_code_fence,multiple_code_fences_used_longest,
qwen2.5-coder:32b,no_review,crn-014581,1619,484,unclosed_code_fence,multiple_code_fences_used_longest,
qwen2.5-coder:32b,no_review,crn-000766,2297,1135,near_num_predict_char_risk,multiple_code_fences_used_longest,
qwen2.5-coder:32b,no_review,crn-011406,2127,361,unclosed_code_fence;near_num_predict_char_risk,multiple_code_fences_used_longest,
qwen2.5-coder:32b,no_review,crn-012091,2488,376,unclosed_code_fence;near_num_predict_char_risk,multiple_code_fences_used_longest,
qwen2.5-coder:32b,no_review,crn-007152,2212,246,unclosed_code_fence;near_num_predict_char_risk,multiple_code_fences_used_longest,
qwen2.5-coder:32b,no_review,crn-002824,1752,205,unclosed_code_fence,multiple_code_fences_used_longest,
qwen2.5-coder:32b,no_review,crn-007847,2305,190,unclosed_code_fence;near_num_predict_char_risk,multiple_code_fences_used_longest,
qwen2.5-coder:32b,no_review,crn-006251,1902,187,near_num_predict_char_risk,multiple_code_fences_used_longest,
qwen2.5-coder:32b,no_review,crn-004007,1859,359,unclosed_code_fence;near_num_predict_char_risk,multiple_code_fences_used_longest,
qwen2.5-coder:32b,no_review,crn-006150,1967,386,unclosed_code_fence;near_num_predict_char_risk,multiple_code_fences_used_longest,
qwen2.5-coder:32b,no_review,crn-012044,2499,382,unclosed_code_fence;near_num_predict_char_risk,multiple_code_fences_used_longest,
qwen2.5-coder:32b,no_review,crn-013620,2565,903,unclosed_code_fence;near_num_predict_char_risk,multiple_code_fences_used_longest,
qwen2.5-coder:32b,no_review,crn-010212,2014,319,unclosed_code_fence;near_num_predict_char_risk,multiple_code_fences_used_longest,
qwen2.5-coder:32b,no_review,crn-008644,1934,540,unclosed_code_fence;near_num_predict_char_risk,multiple_code_fences_used_longest,
qwen2.5-coder:32b,no_review,crn-007097,2438,468,near_num_predict_char_risk,multiple_code_fences_used_longest,
qwen2.5-coder:32b,no_review,crn-008281,2605,586,unclosed_code_fence;near_num_predict_char_risk,multiple_code_fences_used_longest,
qwen2.5-coder:32b,no_review,crn-004527,2289,523,unclosed_code_fence;near_num_predict_char_risk,multiple_code_fences_used_longest,
qwen2.5-coder:32b,no_review,crn-006781,1860,890,near_num_predict_char_risk,multiple_code_fences_used_longest,
qwen2.5-coder:32b,no_review,crn-008772,1939,295,unclosed_code_fence;near_num_predict_char_risk,multiple_code_fences_used_longest,
qwen2.5-coder:32b,no_review,crn-008046,2156,611,unclosed_code_fence;near_num_predict_char_risk,multiple_code_fences_used_longest,
qwen2.5-coder:32b,no_review,crn-010861,2039,564,unclosed_code_fence;near_num_predict_char_risk,multiple_code_fences_used_longest,
qwen2.5-coder:32b,no_review,crn-010159,1824,400,unclosed_code_fence;near_num_predict_char_risk,multiple_code_fences_used_longest,
qwen2.5-coder:32b,no_review,crn-010987,1999,224,unclosed_code_fence;near_num_predict_char_risk,multiple_code_fences_used_longest,
qwen2.5-coder:32b,no_review,crn-000152,1999,431,near_num_predict_char_risk,multiple_code_fences_used_longest,
qwen2.5-coder:32b,no_review,crn-003605,2005,619,unclosed_code_fence;near_num_predict_char_risk,multiple_code_fences_used_longest,
qwen2.5-coder:32b,no_review,crn-010391,1971,604,unclosed_code_fence;near_num_predict_char_risk,multiple_code_fences_used_longest,
qwen2.5-coder:32b,no_review,crn-011951,2172,660,unclosed_code_fence;near_num_predict_char_risk,multiple_code_fences_used_longest,
qwen2.5-coder:32b,no_review,crn-006798,1936,215,unclosed_code_fence;near_num_predict_char_risk,multiple_code_fences_used_longest,
qwen2.5-coder:32b,no_review,crn-008053,2833,718,unclosed_code_fence;near_num_predict_char_risk,multiple_code_fences_used_longest,
qwen2.5-coder:32b,no_review,crn-002790,1769,311,unclosed_code_fence,multiple_code_fences_used_longest,
qwen2.5-coder:32b,no_review,crn-007596,2235,520,near_num_predict_char_risk,multiple_code_fences_used_longest,
qwen2.5-coder:32b,no_review,crn-014714,2420,461,unclosed_code_fence;near_num_predict_char_risk,multiple_code_fences_used_longest,
qwen2.5-coder:32b,no_review,crn-005562,2099,236,unclosed_code_fence;near_num_predict_char_risk,multiple_code_fences_used_longest,
qwen2.5-coder:32b,no_review,crn-006261,2239,754,unclosed_code_fence;near_num_predict_char_risk,multiple_code_fences_used_longest,
qwen2.5-coder:32b,no_review,crn-005434,2211,330,near_num_predict_char_risk,multiple_code_fences_used_longest,
qwen2.5-coder:32b,no_review,crn-004866,2116,362,unclosed_code_fence;near_num_predict_char_risk,multiple_code_fences_used_longest,
qwen2.5-coder:32b,no_review,crn-011871,1827,131,unclosed_code_fence;near_num_predict_char_risk,multiple_code_fences_used_longest,
qwen2.5-coder:32b,no_review,crn-006823,1758,256,unclosed_code_fence,multiple_code_fences_used_longest,
qwen2.5-coder:32b,no_review,crn-005276,2230,583,unclosed_code_fence;near_num_predict_char_risk,multiple_code_fences_used_longest,
qwen2.5-coder:32b,no_review,crn-005929,2202,387,unclosed_code_fence;near_num_predict_char_risk,multiple_code_fences_used_longest,
qwen2.5-coder:32b,no_review,crn-005923,1866,244,unclosed_code_fence;near_num_predict_char_risk,multiple_code_fences_used_longest,
qwen2.5-coder:32b,no_review,crn-013975,2315,474,unclosed_code_fence;near_num_predict_char_risk,multiple_code_fences_used_longest,
qwen2.5-coder:32b,no_review,crn-011461,2248,266,unclosed_code_fence;near_num_predict_char_risk,multiple_code_fences_used_longest,
qwen2.5-coder:32b,no_review,crn-003997,2410,621,unclosed_code_fence;near_num_predict_char_risk,multiple_code_fences_used_longest,
qwen2.5-coder:32b,no_review,crn-004997,1736,564,unclosed_code_fence,multiple_code_fences_used_longest,
qwen2.5-coder:32b,no_review,crn-007906,1888,211,near_num_predict_char_risk,multiple_code_fences_used_longest,
qwen2.5-coder:32b,no_review,crn-013395,1861,388,unclosed_code_fence;near_num_predict_char_risk,multiple_code_fences_used_longest,
qwen2.5-coder:32b,no_review,crn-003099,2394,359,unclosed_code_fence;near_num_predict_char_risk,multiple_code_fences_used_longest,
qwen2.5-coder:32b,no_review,crn-011101,1823,382,near_num_predict_char_risk,multiple_code_fences_used_longest,
qwen2.5-coder:32b,no_review,crn-007414,2391,1015,unclosed_code_fence;near_num_predict_char_risk,multiple_code_fences_used_longest,
qwen2.5-coder:32b,no_review,crn-006803,2433,335,unclosed_code_fence;near_num_predict_char_risk,multiple_code_fences_used_longest,
qwen2.5-coder:32b,no_review,crn-002380,1766,292,unclosed_code_fence,multiple_code_fences_used_longest,
qwen2.5-coder:32b,no_review,crn-004957,2374,228,unclosed_code_fence;near_num_predict_char_risk,multiple_code_fences_used_longest,
qwen2.5-coder:32b,no_review,crn-003714,1834,423,unclosed_code_fence;near_num_predict_char_risk,multiple_code_fences_used_longest,
qwen2.5-coder:32b,no_review,crn-003029,1798,360,near_num_predict_char_risk,multiple_code_fences_used_longest,
qwen2.5-coder:32b,no_review,crn-013777,2333,513,near_num_predict_char_risk,multiple_code_fences_used_longest,
qwen2.5-coder:32b,no_review,crn-006863,2387,658,unclosed_code_fence;near_num_predict_char_risk,multiple_code_fences_used_longest,
qwen2.5-coder:32b,no_review,crn-011472,1709,951,unclosed_code_fence,extracted_from_code_fence,
qwen2.5-coder:32b,no_review,crn-005252,2712,313,near_num_predict_char_risk,multiple_code_fences_used_longest,
qwen2.5-coder:32b,no_review,crn-013135,1967,613,near_num_predict_char_risk,multiple_code_fences_used_longest,
qwen2.5-coder:32b,no_review,crn-002886,681,680,unclosed_code_fence,no_code_fence_used_raw_text,
qwen2.5-coder:32b,no_review,crn-011184,2082,527,unclosed_code_fence;near_num_predict_char_risk,multiple_code_fences_used_longest,
qwen2.5-coder:32b,no_review,crn-010314,2316,536,near_num_predict_char_risk,multiple_code_fences_used_longest,
qwen2.5-coder:32b,no_review,crn-014539,2150,599,near_num_predict_char_risk,multiple_code_fences_used_longest,
qwen2.5-coder:32b,no_review,crn-004953,2429,511,unclosed_code_fence;near_num_predict_char_risk,multiple_code_fences_used_longest,
qwen2.5-coder:32b,no_review,crn-011718,2378,159,unclosed_code_fence;near_num_predict_char_risk,multiple_code_fences_used_longest,
qwen2.5-coder:32b,no_review,crn-004974,2363,572,unclosed_code_fence;near_num_predict_char_risk,multiple_code_fences_used_longest,
qwen2.5-coder:32b,no_review,crn-003904,2395,848,unclosed_code_fence;near_num_predict_char_risk,multiple_code_fences_used_longest,
qwen2.5-coder:32b,no_review,crn-009853,2749,860,unclosed_code_fence;near_num_predict_char_risk,multiple_code_fences_used_longest,
qwen2.5-coder:32b,no_review,crn-005254,2290,357,unclosed_code_fence;near_num_predict_char_risk,multiple_code_fences_used_longest,
qwen2.5-coder:32b,no_review,crn-009492,2245,320,near_num_predict_char_risk,multiple_code_fences_used_longest,
qwen2.5-coder:32b,no_review,crn-013227,2091,571,unclosed_code_fence;near_num_predict_char_risk,multiple_code_fences_used_longest,
qwen2.5-coder:32b,no_review,crn-006632,1925,407,unclosed_code_fence;near_num_predict_char_risk,multiple_code_fences_used_longest,
qwen2.5-coder:32b,no_review,crn-012800,1528,332,unclosed_code_fence,multiple_code_fences_used_longest,
qwen2.5-coder:32b,no_review,crn-011074,2341,368,unclosed_code_fence;near_num_predict_char_risk,multiple_code_fences_used_longest,
qwen2.5-coder:32b,no_review,crn-001107,1958,232,unclosed_code_fence;near_num_predict_char_risk,multiple_code_fences_used_longest,
qwen2.5-coder:32b,no_review,crn-010132,2532,599,unclosed_code_fence;near_num_predict_char_risk,multiple_code_fences_used_longest,
qwen2.5-coder:32b,no_review,crn-010877,1875,690,near_num_predict_char_risk,multiple_code_fences_used_longest,
qwen2.5-coder:32b,no_review,crn-001862,2247,690,unclosed_code_fence;near_num_predict_char_risk,multiple_code_fences_used_longest,
qwen2.5-coder:32b,no_review,crn-004542,2267,689,unclosed_code_fence;near_num_predict_char_risk,multiple_code_fences_used_longest,
qwen2.5-coder:32b,no_review,crn-011098,2410,1146,near_num_predict_char_risk,multiple_code_fences_used_longest,
qwen2.5-coder:32b,no_review,crn-000375,2221,868,unclosed_code_fence;near_num_predict_char_risk,multiple_code_fences_used_longest,
qwen2.5-coder:32b,no_review,crn-000056,2583,459,unclosed_code_fence;near_num_predict_char_risk,multiple_code_fences_used_longest,
qwen2.5-coder:32b,no_review,crn-008717,1978,235,unclosed_code_fence;near_num_predict_char_risk,multiple_code_fences_used_longest,
qwen2.5-coder:32b,no_review,crn-014679,2033,476,near_num_predict_char_risk,multiple_code_fences_used_longest,
qwen2.5-coder:32b,no_review,crn-011249,2305,688,unclosed_code_fence;near_num_predict_char_risk,multiple_code_fences_used_longest,
qwen2.5-coder:32b,no_review,crn-006192,1977,589,unclosed_code_fence;near_num_predict_char_risk,multiple_code_fences_used_longest,
qwen2.5-coder:32b,no_review,crn-002965,77,60,unclosed_code_fence,extracted_from_code_fence,
qwen2.5-coder:32b,no_review,crn-006173,1996,362,unclosed_code_fence;near_num_predict_char_risk,multiple_code_fences_used_longest,
qwen2.5-coder:32b,no_review,crn-002232,2056,509,unclosed_code_fence;near_num_predict_char_risk,multiple_code_fences_used_longest,
qwen2.5-coder:32b,no_review,crn-001204,2279,620,near_num_predict_char_risk,multiple_code_fences_used_longest,
qwen2.5-coder:32b,no_review,crn-009529,2187,399,unclosed_code_fence;near_num_predict_char_risk,multiple_code_fences_used_longest,
qwen2.5-coder:32b,no_review,crn-003592,1968,391,unclosed_code_fence;near_num_predict_char_risk,multiple_code_fences_used_longest,
qwen2.5-coder:32b,no_review,crn-000359,2334,570,unclosed_code_fence;near_num_predict_char_risk,multiple_code_fences_used_longest,
qwen2.5-coder:32b,no_review,crn-009293,2203,381,unclosed_code_fence;near_num_predict_char_risk,multiple_code_fences_used_longest,
qwen2.5-coder:32b,no_review,crn-002175,2492,409,unclosed_code_fence;near_num_predict_char_risk,multiple_code_fences_used_longest,
qwen2.5-coder:32b,no_review,crn-007474,2571,318,unclosed_code_fence;near_num_predict_char_risk,multiple_code_fences_used_longest,
qwen2.5-coder:32b,no_review,crn-007342,1342,21,unclosed_code_fence,extracted_from_code_fence,
qwen2.5-coder:32b,no_review,crn-000915,2237,473,unclosed_code_fence;near_num_predict_char_risk,multiple_code_fences_used_longest,
qwen2.5-coder:32b,no_review,crn-008414,2619,1272,unclosed_code_fence;near_num_predict_char_risk,extracted_from_code_fence,
qwen2.5-coder:32b,no_review,crn-014780,2461,337,unclosed_code_fence;near_num_predict_char_risk,multiple_code_fences_used_longest,
qwen2.5-coder:32b,no_review,crn-001918,1878,341,unclosed_code_fence;near_num_predict_char_risk,multiple_code_fences_used_longest,
qwen2.5-coder:32b,no_review,crn-012932,2139,258,unclosed_code_fence;near_num_predict_char_risk,multiple_code_fences_used_longest,
qwen2.5-coder:32b,no_review,crn-002470,1896,357,unclosed_code_fence;near_num_predict_char_risk,multiple_code_fences_used_longest,
qwen2.5-coder:32b,no_review,crn-008845,1673,296,unclosed_code_fence,multiple_code_fences_used_longest,
qwen2.5-coder:32b,no_review,crn-001852,1848,610,near_num_predict_char_risk,multiple_code_fences_used_longest,
qwen2.5-coder:32b,no_review,crn-011594,2340,384,unclosed_code_fence;near_num_predict_char_risk,multiple_code_fences_used_longest,
qwen2.5-coder:32b,no_review,crn-008706,2141,343,unclosed_code_fence;near_num_predict_char_risk,multiple_code_fences_used_longest,
qwen2.5-coder:32b,no_review,crn-009818,2330,429,unclosed_code_fence;near_num_predict_char_risk,multiple_code_fences_used_longest,
qwen2.5-coder:32b,no_review,crn-004077,2088,496,unclosed_code_fence;near_num_predict_char_risk,multiple_code_fences_used_longest,
qwen2.5-coder:32b,no_review,crn-003600,2296,356,unclosed_code_fence;near_num_predict_char_risk,multiple_code_fences_used_longest,
qwen2.5-coder:32b,no_review,crn-002202,1954,463,unclosed_code_fence;near_num_predict_char_risk,multiple_code_fences_used_longest,
qwen2.5-coder:32b,no_review,crn-003612,1955,385,unclosed_code_fence;near_num_predict_char_risk,multiple_code_fences_used_longest,
qwen2.5-coder:32b,no_review,crn-011892,2018,511,unclosed_code_fence;near_num_predict_char_risk,multiple_code_fences_used_longest,
qwen2.5-coder:32b,no_review,crn-013229,2481,578,unclosed_code_fence;near_num_predict_char_risk,multiple_code_fences_used_longest,
qwen2.5-coder:32b,no_review,crn-005125,1841,336,unclosed_code_fence;near_num_predict_char_risk,multiple_code_fences_used_longest,
qwen2.5-coder:32b,no_review,crn-007673,2805,491,unclosed_code_fence;near_num_predict_char_risk,multiple_code_fences_used_longest,
qwen2.5-coder:32b,no_review,crn-005927,2131,375,unclosed_code_fence;near_num_predict_char_risk,multiple_code_fences_used_longest,
qwen2.5-coder:32b,no_review,crn-004309,1957,818,near_num_predict_char_risk,multiple_code_fences_used_longest,
qwen2.5-coder:32b,no_review,crn-014844,2516,301,unclosed_code_fence;near_num_predict_char_risk,multiple_code_fences_used_longest,
qwen2.5-coder:32b,no_review,crn-003881,2033,1081,unclosed_code_fence;near_num_predict_char_risk,extracted_from_code_fence,
qwen2.5-coder:32b,no_review,crn-006685,2298,270,unclosed_code_fence;near_num_predict_char_risk,multiple_code_fences_used_longest,
qwen2.5-coder:32b,no_review,crn-005555,2123,479,unclosed_code_fence;near_num_predict_char_risk,multiple_code_fences_used_longest,
qwen2.5-coder:32b,no_review,crn-012107,2559,460,unclosed_code_fence;near_num_predict_char_risk,multiple_code_fences_used_longest,
qwen2.5-coder:32b,no_review,crn-012145,2493,412,unclosed_code_fence;near_num_predict_char_risk,multiple_code_fences_used_longest,
qwen2.5-coder:32b,no_review,crn-007489,2613,329,unclosed_code_fence;near_num_predict_char_risk,multiple_code_fences_used_longest,
qwen2.5-coder:32b,no_review,crn-013412,2480,351,unclosed_code_fence;near_num_predict_char_risk,multiple_code_fences_used_longest,
qwen2.5-coder:32b,no_review,crn-013874,2239,289,unclosed_code_fence;near_num_predict_char_risk,multiple_code_fences_used_longest,
qwen2.5-coder:32b,no_review,crn-010756,1958,330,unclosed_code_fence;near_num_predict_char_risk,multiple_code_fences_used_longest,
qwen2.5-coder:32b,no_review,crn-006708,1649,381,unclosed_code_fence,multiple_code_fences_used_longest,
qwen2.5-coder:32b,no_review,crn-014585,2258,637,unclosed_code_fence;near_num_predict_char_risk,multiple_code_fences_used_longest,
qwen2.5-coder:32b,no_review,crn-011224,1940,485,unclosed_code_fence;near_num_predict_char_risk,multiple_code_fences_used_longest,
qwen2.5-coder:32b,no_review,crn-011818,2292,542,unclosed_code_fence;near_num_predict_char_risk,multiple_code_fences_used_longest,
qwen2.5-coder:32b,no_review,crn-005441,1901,362,unclosed_code_fence;near_num_predict_char_risk,multiple_code_fences_used_longest,
qwen2.5-coder:32b,no_review,crn-006813,1902,223,unclosed_code_fence;near_num_predict_char_risk,multiple_code_fences_used_longest,
qwen2.5-coder:32b,no_review,crn-014858,2230,168,near_num_predict_char_risk,multiple_code_fences_used_longest,
qwen2.5-coder:32b,no_review,crn-010512,2320,739,near_num_predict_char_risk,multiple_code_fences_used_longest,
qwen2.5-coder:32b,no_review,crn-009668,2396,263,unclosed_code_fence;near_num_predict_char_risk,multiple_code_fences_used_longest,
qwen2.5-coder:32b,no_review,crn-010145,2639,423,unclosed_code_fence;near_num_predict_char_risk,multiple_code_fences_used_longest,
qwen2.5-coder:32b,no_review,crn-001803,2194,722,unclosed_code_fence;near_num_predict_char_risk,multiple_code_fences_used_longest,
qwen2.5-coder:32b,no_review,crn-014117,2491,336,unclosed_code_fence;near_num_predict_char_risk,multiple_code_fences_used_longest,
qwen2.5-coder:32b,no_review,crn-011765,2076,196,near_num_predict_char_risk,multiple_code_fences_used_longest,
qwen2.5-coder:32b,no_review,crn-004506,2353,367,unclosed_code_fence;near_num_predict_char_risk,multiple_code_fences_used_longest,
qwen2.5-coder:32b,no_review,crn-011889,2056,1081,unclosed_code_fence;near_num_predict_char_risk,extracted_from_code_fence,
qwen2.5-coder:32b,no_review,crn-013327,1367,300,unclosed_code_fence,multiple_code_fences_used_longest,
qwen2.5-coder:32b,no_review,crn-003706,2039,564,unclosed_code_fence;near_num_predict_char_risk,multiple_code_fences_used_longest,
qwen2.5-coder:32b,no_review,crn-004061,1852,625,unclosed_code_fence;near_num_predict_char_risk,multiple_code_fences_used_longest,
qwen2.5-coder:32b,no_review,crn-014868,2571,527,unclosed_code_fence;near_num_predict_char_risk,multiple_code_fences_used_longest,
qwen2.5-coder:32b,no_review,crn-005170,2057,535,unclosed_code_fence;near_num_predict_char_risk,multiple_code_fences_used_longest,
qwen2.5-coder:32b,no_review,crn-006211,2074,217,unclosed_code_fence;near_num_predict_char_risk,multiple_code_fences_used_longest,
qwen2.5-coder:32b,no_review,crn-008662,1999,624,unclosed_code_fence;near_num_predict_char_risk,multiple_code_fences_used_longest,
qwen2.5-coder:32b,no_review,crn-012863,2030,799,unclosed_code_fence;near_num_predict_char_risk,multiple_code_fences_used_longest,
qwen2.5-coder:32b,no_review,crn-006765,2008,396,unclosed_code_fence;near_num_predict_char_risk,multiple_code_fences_used_longest,
qwen2.5-coder:32b,no_review,crn-011377,1977,718,unclosed_code_fence;near_num_predict_char_risk,multiple_code_fences_used_longest,
qwen2.5-coder:32b,no_review,crn-006903,1884,439,unclosed_code_fence;near_num_predict_char_risk,multiple_code_fences_used_longest,
qwen2.5-coder:32b,no_review,crn-007269,2105,429,unclosed_code_fence;near_num_predict_char_risk,multiple_code_fences_used_longest,
qwen2.5-coder:32b,no_review,crn-001814,2287,409,unclosed_code_fence;near_num_predict_char_risk,multiple_code_fences_used_longest,
qwen2.5-coder:32b,no_review,crn-011541,2045,386,unclosed_code_fence;near_num_predict_char_risk,multiple_code_fences_used_longest,
qwen2.5-coder:32b,no_review,crn-009434,2195,498,unclosed_code_fence;near_num_predict_char_risk,multiple_code_fences_used_longest,
qwen2.5-coder:32b,no_review,crn-002810,1719,250,unclosed_code_fence,multiple_code_fences_used_longest,
qwen2.5-coder:32b,no_review,crn-014787,2311,866,unclosed_code_fence;near_num_predict_char_risk,multiple_code_fences_used_longest,
qwen2.5-coder:32b,no_review,crn-004374,2121,739,unclosed_code_fence;near_num_predict_char_risk,multiple_code_fences_used_longest,
qwen2.5-coder:32b,no_review,crn-009836,2624,709,unclosed_code_fence;near_num_predict_char_risk,multiple_code_fences_used_longest,
qwen2.5-coder:32b,no_review,crn-012623,2071,328,unclosed_code_fence;near_num_predict_char_risk,multiple_code_fences_used_longest,
qwen2.5-coder:32b,no_review,crn-011336,2236,630,unclosed_code_fence;near_num_predict_char_risk,multiple_code_fences_used_longest,
qwen2.5-coder:32b,no_review,crn-005457,470,469,unclosed_code_fence,no_code_fence_used_raw_text,
qwen2.5-coder:32b,no_review,crn-009617,2478,253,unclosed_code_fence;near_num_predict_char_risk,multiple_code_fences_used_longest,
qwen2.5-coder:32b,no_review,crn-004941,2081,390,unclosed_code_fence;near_num_predict_char_risk,multiple_code_fences_used_longest,
qwen2.5-coder:32b,no_review,crn-011675,1988,691,unclosed_code_fence;near_num_predict_char_risk,multiple_code_fences_used_longest,
qwen2.5-coder:32b,no_review,crn-009781,2053,221,unclosed_code_fence;near_num_predict_char_risk,multiple_code_fences_used_longest,
qwen2.5-coder:32b,no_review,crn-005248,1829,319,unclosed_code_fence;near_num_predict_char_risk,multiple_code_fences_used_longest,
qwen2.5-coder:32b,no_review,crn-007810,1981,309,unclosed_code_fence;near_num_predict_char_risk,multiple_code_fences_used_longest,
qwen2.5-coder:32b,no_review,crn-011756,2012,273,unclosed_code_fence;near_num_predict_char_risk,multiple_code_fences_used_longest,
qwen2.5-coder:32b,no_review,crn-006618,1693,313,unclosed_code_fence,multiple_code_fences_used_longest,
qwen2.5-coder:32b,no_review,crn-012457,2369,358,near_num_predict_char_risk,multiple_code_fences_used_longest,
qwen2.5-coder:32b,no_review,crn-002378,1933,482,unclosed_code_fence;near_num_predict_char_risk,multiple_code_fences_used_longest,
qwen2.5-coder:32b,no_review,crn-009193,2158,708,unclosed_code_fence;near_num_predict_char_risk,multiple_code_fences_used_longest,
qwen2.5-coder:32b,no_review,crn-006152,1883,414,unclosed_code_fence;near_num_predict_char_risk,multiple_code_fences_used_longest,
qwen2.5-coder:32b,no_review,crn-010069,2432,561,unclosed_code_fence;near_num_predict_char_risk,multiple_code_fences_used_longest,
qwen2.5-coder:32b,no_review,crn-009062,1698,1032,unclosed_code_fence,extracted_from_code_fence,
qwen2.5-coder:32b,no_review,crn-006367,1985,456,unclosed_code_fence;near_num_predict_char_risk,multiple_code_fences_used_longest,
qwen2.5-coder:32b,no_review,crn-003206,1873,326,unclosed_code_fence;near_num_predict_char_risk,multiple_code_fences_used_longest,
qwen2.5-coder:32b,no_review,crn-014451,2005,737,unclosed_code_fence;near_num_predict_char_risk,multiple_code_fences_used_longest,
qwen2.5-coder:32b,no_review,crn-007103,2743,633,near_num_predict_char_risk,multiple_code_fences_used_longest,
qwen2.5-coder:32b,no_review,crn-001774,2386,540,unclosed_code_fence;near_num_predict_char_risk,multiple_code_fences_used_longest,
qwen2.5-coder:32b,no_review,crn-008846,2310,300,unclosed_code_fence;near_num_predict_char_risk,multiple_code_fences_used_longest,
qwen2.5-coder:32b,no_review,crn-010779,1962,283,near_num_predict_char_risk,multiple_code_fences_used_longest,
qwen2.5-coder:32b,no_review,crn-000801,1973,352,unclosed_code_fence;near_num_predict_char_risk,multiple_code_fences_used_longest,
qwen2.5-coder:32b,no_review,crn-005816,2317,312,unclosed_code_fence;near_num_predict_char_risk,multiple_code_fences_used_longest,
qwen2.5-coder:32b,no_review,crn-006483,1918,881,unclosed_code_fence;near_num_predict_char_risk,extracted_from_code_fence,
qwen2.5-coder:32b,no_review,crn-002626,2267,268,unclosed_code_fence;near_num_predict_char_risk,multiple_code_fences_used_longest,
qwen2.5-coder:32b,no_review,crn-005394,2278,830,unclosed_code_fence;near_num_predict_char_risk,multiple_code_fences_used_longest,
qwen2.5-coder:32b,no_review,crn-004090,2197,578,unclosed_code_fence;near_num_predict_char_risk,multiple_code_fences_used_longest,
qwen2.5-coder:32b,no_review,crn-006331,1859,371,unclosed_code_fence;near_num_predict_char_risk,multiple_code_fences_used_longest,
qwen2.5-coder:32b,no_review,crn-007411,2554,762,unclosed_code_fence;near_num_predict_char_risk,multiple_code_fences_used_longest,
qwen2.5-coder:32b,no_review,crn-001752,2344,186,near_num_predict_char_risk,multiple_code_fences_used_longest,
qwen2.5-coder:32b,no_review,crn-012381,2774,499,unclosed_code_fence;near_num_predict_char_risk,multiple_code_fences_used_longest,
qwen2.5-coder:32b,no_review,crn-013228,2091,571,unclosed_code_fence;near_num_predict_char_risk,multiple_code_fences_used_longest,
qwen2.5-coder:32b,no_review,crn-005693,2453,935,near_num_predict_char_risk,multiple_code_fences_used_longest,
qwen2.5-coder:32b,no_review,crn-013988,1749,341,unclosed_code_fence,multiple_code_fences_used_longest,
qwen2.5-coder:32b,no_review,crn-006851,2473,687,unclosed_code_fence;near_num_predict_char_risk,multiple_code_fences_used_longest,
qwen2.5-coder:32b,no_review,crn-001203,2380,620,unclosed_code_fence;near_num_predict_char_risk,multiple_code_fences_used_longest,
qwen2.5-coder:32b,no_review,crn-004903,2348,610,unclosed_code_fence;near_num_predict_char_risk,multiple_code_fences_used_longest,
qwen2.5-coder:32b,no_review,crn-000500,2341,354,unclosed_code_fence;near_num_predict_char_risk,multiple_code_fences_used_longest,
qwen2.5-coder:32b,no_review,crn-004360,2091,1388,unclosed_code_fence;near_num_predict_char_risk,extracted_from_code_fence,
qwen2.5-coder:32b,no_review,crn-012946,2536,326,unclosed_code_fence;near_num_predict_char_risk,multiple_code_fences_used_longest,
qwen2.5-coder:32b,no_review,crn-009972,2034,842,near_num_predict_char_risk,multiple_code_fences_used_longest,
qwen2.5-coder:32b,no_review,crn-005563,2099,236,unclosed_code_fence;near_num_predict_char_risk,multiple_code_fences_used_longest,
qwen2.5-coder:32b,no_review,crn-011872,2064,747,unclosed_code_fence;near_num_predict_char_risk,multiple_code_fences_used_longest,
qwen2.5-coder:32b,no_review,crn-014749,1774,486,unclosed_code_fence,multiple_code_fences_used_longest,
qwen2.5-coder:32b,no_review,crn-008287,2981,833,near_num_predict_char_risk,multiple_code_fences_used_longest,
qwen2.5-coder:32b,no_review,crn-014183,2236,461,unclosed_code_fence;near_num_predict_char_risk,multiple_code_fences_used_longest,
qwen2.5-coder:32b,no_review,crn-002064,2416,249,near_num_predict_char_risk,multiple_code_fences_used_longest,
qwen2.5-coder:32b,no_review,crn-011685,1910,1288,unclosed_code_fence;near_num_predict_char_risk,extracted_from_code_fence,
qwen2.5-coder:32b,no_review,crn-005316,2329,378,unclosed_code_fence;near_num_predict_char_risk,multiple_code_fences_used_longest,
qwen2.5-coder:32b,no_review,crn-014566,2635,377,unclosed_code_fence;near_num_predict_char_risk,multiple_code_fences_used_longest,
qwen2.5-coder:32b,no_review,crn-002048,2380,259,unclosed_code_fence;near_num_predict_char_risk,multiple_code_fences_used_longest,
qwen2.5-coder:32b,no_review,crn-000911,2205,508,unclosed_code_fence;near_num_predict_char_risk,multiple_code_fences_used_longest,
qwen2.5-coder:32b,no_review,crn-014532,1976,452,unclosed_code_fence;near_num_predict_char_risk,multiple_code_fences_used_longest,
qwen2.5-coder:32b,no_review,crn-002116,1986,562,near_num_predict_char_risk,multiple_code_fences_used_longest,
qwen2.5-coder:32b,no_review,crn-013151,1018,1017,unclosed_code_fence,no_code_fence_used_raw_text,
qwen2.5-coder:32b,no_review,crn-010584,2066,258,unclosed_code_fence;near_num_predict_char_risk,multiple_code_fences_used_longest,
qwen2.5-coder:32b,no_review,crn-002067,2375,799,unclosed_code_fence;near_num_predict_char_risk,multiple_code_fences_used_longest,
qwen2.5-coder:32b,no_review,crn-006750,1902,594,unclosed_code_fence;near_num_predict_char_risk,multiple_code_fences_used_longest,
qwen2.5-coder:32b,no_review,crn-011811,272,271,unclosed_code_fence,no_code_fence_used_raw_text,
qwen2.5-coder:32b,no_review,crn-011843,1932,707,near_num_predict_char_risk,multiple_code_fences_used_longest,
qwen2.5-coder:32b,no_review,crn-001423,2461,682,unclosed_code_fence;near_num_predict_char_risk,multiple_code_fences_used_longest,
qwen2.5-coder:32b,no_review,crn-010084,2144,307,unclosed_code_fence;near_num_predict_char_risk,multiple_code_fences_used_longest,
qwen2.5-coder:32b,no_review,crn-013817,1906,267,near_num_predict_char_risk,multiple_code_fences_used_longest,
qwen2.5-coder:32b,no_review,crn-008147,2640,616,unclosed_code_fence;near_num_predict_char_risk,multiple_code_fences_used_longest,
qwen2.5-coder:32b,no_review,crn-011536,1965,362,unclosed_code_fence;near_num_predict_char_risk,multiple_code_fences_used_longest,
qwen2.5-coder:32b,no_review,crn-012357,2845,448,unclosed_code_fence;near_num_predict_char_risk,multiple_code_fences_used_longest,
qwen2.5-coder:32b,no_review,crn-002595,2393,477,unclosed_code_fence;near_num_predict_char_risk,multiple_code_fences_used_longest,
qwen2.5-coder:32b,no_review,crn-009065,1817,707,unclosed_code_fence;near_num_predict_char_risk,multiple_code_fences_used_longest,
qwen2.5-coder:32b,no_review,crn-011689,2076,388,unclosed_code_fence;near_num_predict_char_risk,multiple_code_fences_used_longest,
qwen2.5-coder:32b,no_review,crn-005727,1753,524,unclosed_code_fence,multiple_code_fences_used_longest,
qwen2.5-coder:32b,no_review,crn-011004,1054,270,unclosed_code_fence,multiple_code_fences_used_longest,
qwen2.5-coder:32b,no_review,crn-007451,2573,289,unclosed_code_fence;near_num_predict_char_risk,multiple_code_fences_used_longest,
qwen2.5-coder:32b,no_review,crn-010082,2467,485,unclosed_code_fence;near_num_predict_char_risk,multiple_code_fences_used_longest,
qwen2.5-coder:32b,no_review,crn-013574,479,478,unclosed_code_fence,no_code_fence_used_raw_text,
qwen2.5-coder:32b,no_review,crn-008229,3205,395,unclosed_code_fence;near_num_predict_char_risk,multiple_code_fences_used_longest,
qwen2.5-coder:32b,no_review,crn-010702,2038,337,unclosed_code_fence;near_num_predict_char_risk,multiple_code_fences_used_longest,
qwen2.5-coder:32b,no_review,crn-005180,2107,358,unclosed_code_fence;near_num_predict_char_risk,multiple_code_fences_used_longest,
qwen2.5-coder:32b,no_review,crn-006563,2016,208,unclosed_code_fence;near_num_predict_char_risk,multiple_code_fences_used_longest,
qwen2.5-coder:32b,no_review,crn-006050,2442,420,unclosed_code_fence;near_num_predict_char_risk,multiple_code_fences_used_longest,
qwen2.5-coder:32b,no_review,crn-007416,2590,197,unclosed_code_fence;near_num_predict_char_risk,multiple_code_fences_used_longest,
qwen2.5-coder:32b,no_review,crn-011189,2227,325,unclosed_code_fence;near_num_predict_char_risk,multiple_code_fences_used_longest,
qwen2.5-coder:32b,no_review,crn-002528,2294,201,unclosed_code_fence;near_num_predict_char_risk,multiple_code_fences_used_longest,
qwen2.5-coder:32b,no_review,crn-009971,2034,842,near_num_predict_char_risk,multiple_code_fences_used_longest,
qwen2.5-coder:32b,no_review,crn-009347,2168,319,unclosed_code_fence;near_num_predict_char_risk,multiple_code_fences_used_longest,
qwen2.5-coder:32b,no_review,crn-014469,1826,594,near_num_predict_char_risk,multiple_code_fences_used_longest,
qwen2.5-coder:32b,no_review,crn-010012,2709,306,unclosed_code_fence;near_num_predict_char_risk,multiple_code_fences_used_longest,
qwen2.5-coder:32b,no_review,crn-013134,2368,445,unclosed_code_fence;near_num_predict_char_risk,multiple_code_fences_used_longest,
qwen2.5-coder:32b,no_review,crn-008459,2062,423,near_num_predict_char_risk,multiple_code_fences_used_longest,
qwen2.5-coder:32b,no_review,crn-007169,2410,221,near_num_predict_char_risk,multiple_code_fences_used_longest,
qwen2.5-coder:32b,no_review,crn-005811,2379,664,unclosed_code_fence;near_num_predict_char_risk,multiple_code_fences_used_longest,
qwen2.5-coder:32b,no_review,crn-011975,2365,466,unclosed_code_fence;near_num_predict_char_risk,multiple_code_fences_used_longest,
qwen2.5-coder:32b,no_review,crn-012913,2123,310,unclosed_code_fence;near_num_predict_char_risk,multiple_code_fences_used_longest,
qwen2.5-coder:32b,no_review,crn-005794,1906,376,near_num_predict_char_risk,multiple_code_fences_used_longest,
qwen2.5-coder:32b,no_review,crn-007024,2170,660,unclosed_code_fence;near_num_predict_char_risk,multiple_code_fences_used_longest,
qwen2.5-coder:32b,no_review,crn-014152,2063,344,unclosed_code_fence;near_num_predict_char_risk,multiple_code_fences_used_longest,
qwen2.5-coder:32b,no_review,crn-005402,2136,651,near_num_predict_char_risk,multiple_code_fences_used_longest,
qwen2.5-coder:32b,no_review,crn-005292,2156,382,unclosed_code_fence;near_num_predict_char_risk,multiple_code_fences_used_longest,
qwen2.5-coder:32b,no_review,crn-002973,2010,328,unclosed_code_fence;near_num_predict_char_risk,multiple_code_fences_used_longest,
qwen2.5-coder:32b,no_review,crn-013421,2562,527,unclosed_code_fence;near_num_predict_char_risk,multiple_code_fences_used_longest,
qwen2.5-coder:32b,no_review,crn-006372,2205,287,unclosed_code_fence;near_num_predict_char_risk,multiple_code_fences_used_longest,
qwen2.5-coder:32b,no_review,crn-006595,2565,315,unclosed_code_fence;near_num_predict_char_risk,multiple_code_fences_used_longest,
qwen2.5-coder:32b,no_review,crn-005468,2103,778,unclosed_code_fence;near_num_predict_char_risk,multiple_code_fences_used_longest,
qwen2.5-coder:32b,no_review,crn-010803,2123,600,unclosed_code_fence;near_num_predict_char_risk,multiple_code_fences_used_longest,
qwen2.5-coder:32b,no_review,crn-005885,2022,363,unclosed_code_fence;near_num_predict_char_risk,multiple_code_fences_used_longest,
qwen2.5-coder:32b,no_review,crn-010658,1366,1365,unclosed_code_fence,no_code_fence_used_raw_text,
qwen2.5-coder:32b,no_review,crn-003148,2558,688,unclosed_code_fence;near_num_predict_char_risk,multiple_code_fences_used_longest,
qwen2.5-coder:32b,no_review,crn-006566,2239,244,unclosed_code_fence;near_num_predict_char_risk,multiple_code_fences_used_longest,
qwen2.5-coder:32b,no_review,crn-000690,2442,713,unclosed_code_fence;near_num_predict_char_risk,multiple_code_fences_used_longest,
qwen2.5-coder:32b,no_review,crn-002223,2121,702,unclosed_code_fence;near_num_predict_char_risk,multiple_code_fences_used_longest,
qwen2.5-coder:32b,no_review,crn-003003,1619,175,unclosed_code_fence,multiple_code_fences_used_longest,
qwen2.5-coder:32b,no_review,crn-014646,475,138,unclosed_code_fence,extracted_from_code_fence,
qwen2.5-coder:32b,no_review,crn-007892,1979,1210,unclosed_code_fence;near_num_predict_char_risk,extracted_from_code_fence,
qwen2.5-coder:32b,no_review,crn-013422,2267,176,unclosed_code_fence;near_num_predict_char_risk,multiple_code_fences_used_longest,
qwen2.5-coder:32b,no_review,crn-010591,2080,392,unclosed_code_fence;near_num_predict_char_risk,multiple_code_fences_used_longest,
qwen2.5-coder:32b,no_review,crn-008998,2034,353,unclosed_code_fence;near_num_predict_char_risk,multiple_code_fences_used_longest,
qwen2.5-coder:32b,no_review,crn-012113,2325,604,unclosed_code_fence;near_num_predict_char_risk,multiple_code_fences_used_longest,
qwen2.5-coder:32b,no_review,crn-013343,2191,2190,unclosed_code_fence;near_num_predict_char_risk,no_code_fence_used_raw_text,
qwen2.5-coder:32b,no_review,crn-010825,1983,259,unclosed_code_fence;near_num_predict_char_risk,multiple_code_fences_used_longest,
qwen2.5-coder:32b,no_review,crn-012076,1877,1035,unclosed_code_fence;near_num_predict_char_risk,extracted_from_code_fence,
qwen2.5-coder:32b,no_review,crn-000269,2484,250,unclosed_code_fence;near_num_predict_char_risk,multiple_code_fences_used_longest,
qwen2.5-coder:32b,no_review,crn-000717,2469,281,unclosed_code_fence;near_num_predict_char_risk,multiple_code_fences_used_longest,
qwen2.5-coder:32b,no_review,crn-007750,1712,672,unclosed_code_fence,multiple_code_fences_used_longest,
qwen2.5-coder:32b,no_review,crn-009133,699,698,unclosed_code_fence,no_code_fence_used_raw_text,
qwen2.5-coder:32b,no_review,crn-008967,2139,1051,unclosed_code_fence;near_num_predict_char_risk,extracted_from_code_fence,
qwen2.5-coder:32b,no_review,crn-001113,2602,592,unclosed_code_fence;near_num_predict_char_risk,multiple_code_fences_used_longest,
qwen2.5-coder:32b,no_review,crn-005945,2008,656,unclosed_code_fence;near_num_predict_char_risk,multiple_code_fences_used_longest,
qwen2.5-coder:32b,no_review,crn-008629,1866,433,unclosed_code_fence;near_num_predict_char_risk,multiple_code_fences_used_longest,
qwen2.5-coder:32b,no_review,crn-011011,2926,548,unclosed_code_fence;near_num_predict_char_risk,multiple_code_fences_used_longest,
qwen2.5-coder:32b,no_review,crn-010948,3134,957,unclosed_code_fence;near_num_predict_char_risk,multiple_code_fences_used_longest,
qwen2.5-coder:32b,no_review,crn-005815,2317,312,unclosed_code_fence;near_num_predict_char_risk,multiple_code_fences_used_longest,
qwen2.5-coder:32b,no_review,crn-004802,2235,336,unclosed_code_fence;near_num_predict_char_risk,multiple_code_fences_used_longest,
qwen2.5-coder:32b,no_review,crn-011838,2256,654,unclosed_code_fence;near_num_predict_char_risk,multiple_code_fences_used_longest,
qwen2.5-coder:32b,no_review,crn-009475,2153,507,unclosed_code_fence;near_num_predict_char_risk,multiple_code_fences_used_longest,
qwen2.5-coder:32b,no_review,crn-003929,2190,484,unclosed_code_fence;near_num_predict_char_risk,multiple_code_fences_used_longest,
qwen2.5-coder:32b,no_review,crn-013586,2632,462,unclosed_code_fence;near_num_predict_char_risk,multiple_code_fences_used_longest,
qwen2.5-coder:32b,no_review,crn-012857,1992,939,unclosed_code_fence;near_num_predict_char_risk,extracted_from_code_fence,
qwen2.5-coder:32b,no_review,crn-000314,2010,684,unclosed_code_fence;near_num_predict_char_risk,multiple_code_fences_used_longest,
qwen2.5-coder:32b,no_review,crn-000087,2389,563,near_num_predict_char_risk,multiple_code_fences_used_longest,
qwen2.5-coder:32b,no_review,crn-007733,2014,623,unclosed_code_fence;near_num_predict_char_risk,multiple_code_fences_used_longest,
qwen2.5-coder:32b,no_review,crn-002268,1623,303,unclosed_code_fence,multiple_code_fences_used_longest,
qwen2.5-coder:32b,no_review,crn-002407,2031,516,unclosed_code_fence;near_num_predict_char_risk,multiple_code_fences_used_longest,
qwen2.5-coder:32b,no_review,crn-000464,2469,537,unclosed_code_fence;near_num_predict_char_risk,multiple_code_fences_used_longest,
qwen2.5-coder:32b,no_review,crn-006180,1961,235,unclosed_code_fence;near_num_predict_char_risk,multiple_code_fences_used_longest,
qwen2.5-coder:32b,no_review,crn-013657,2041,417,unclosed_code_fence;near_num_predict_char_risk,multiple_code_fences_used_longest,
qwen2.5-coder:32b,no_review,crn-006119,2025,584,unclosed_code_fence;near_num_predict_char_risk,multiple_code_fences_used_longest,
qwen2.5-coder:32b,no_review,crn-007925,2344,495,unclosed_code_fence;near_num_predict_char_risk,multiple_code_fences_used_longest,
qwen2.5-coder:32b,no_review,crn-010565,2061,330,unclosed_code_fence;near_num_predict_char_risk,multiple_code_fences_used_longest,
qwen2.5-coder:32b,no_review,crn-000858,2242,487,unclosed_code_fence;near_num_predict_char_risk,multiple_code_fences_used_longest,
qwen2.5-coder:32b,no_review,crn-009964,2314,424,unclosed_code_fence;near_num_predict_char_risk,multiple_code_fences_used_longest,
qwen2.5-coder:32b,no_review,crn-006901,2293,1070,near_num_predict_char_risk,multiple_code_fences_used_longest,
qwen2.5-coder:32b,no_review,crn-008694,2434,340,unclosed_code_fence;near_num_predict_char_risk,multiple_code_fences_used_longest,
qwen2.5-coder:32b,no_review,crn-008292,2466,705,unclosed_code_fence;near_num_predict_char_risk,multiple_code_fences_used_longest,
qwen2.5-coder:32b,no_review,crn-011177,2206,200,unclosed_code_fence;near_num_predict_char_risk,multiple_code_fences_used_longest,
qwen2.5-coder:32b,no_review,crn-003856,1974,876,near_num_predict_char_risk,multiple_code_fences_used_longest,
qwen2.5-coder:32b,no_review,crn-004694,2054,305,unclosed_code_fence;near_num_predict_char_risk,multiple_code_fences_used_longest,
qwen2.5-coder:32b,no_review,crn-011145,2063,1681,unclosed_code_fence;near_num_predict_char_risk,extracted_from_code_fence,
qwen2.5-coder:32b,no_review,crn-013510,2493,856,unclosed_code_fence;near_num_predict_char_risk,multiple_code_fences_used_longest,
qwen2.5-coder:32b,no_review,crn-002729,2367,367,unclosed_code_fence;near_num_predict_char_risk,multiple_code_fences_used_longest,
qwen2.5-coder:32b,no_review,crn-006210,1986,257,unclosed_code_fence;near_num_predict_char_risk,multiple_code_fences_used_longest,
qwen2.5-coder:32b,no_review,crn-005549,2435,401,unclosed_code_fence;near_num_predict_char_risk,multiple_code_fences_used_longest,
qwen2.5-coder:32b,no_review,crn-001669,2283,439,unclosed_code_fence;near_num_predict_char_risk,multiple_code_fences_used_longest,
qwen2.5-coder:32b,no_review,crn-004876,2053,444,unclosed_code_fence;near_num_predict_char_risk,multiple_code_fences_used_longest,
qwen2.5-coder:32b,no_review,crn-003733,2111,417,unclosed_code_fence;near_num_predict_char_risk,multiple_code_fences_used_longest,
qwen2.5-coder:32b,no_review,crn-008020,1579,395,unclosed_code_fence,multiple_code_fences_used_longest,
qwen2.5-coder:32b,no_review,crn-012622,2071,328,unclosed_code_fence;near_num_predict_char_risk,multiple_code_fences_used_longest,
qwen2.5-coder:32b,no_review,crn-005977,2470,737,unclosed_code_fence;near_num_predict_char_risk,multiple_code_fences_used_longest,
qwen2.5-coder:32b,no_review,crn-011047,2094,268,unclosed_code_fence;near_num_predict_char_risk,multiple_code_fences_used_longest,
qwen2.5-coder:32b,no_review,crn-011293,2248,370,unclosed_code_fence;near_num_predict_char_risk,multiple_code_fences_used_longest,
qwen2.5-coder:32b,no_review,crn-013066,2353,159,near_num_predict_char_risk,multiple_code_fences_used_longest,
qwen2.5-coder:32b,no_review,crn-002107,581,368,unclosed_code_fence,extracted_from_code_fence,
qwen2.5-coder:32b,no_review,crn-013849,2093,730,unclosed_code_fence;near_num_predict_char_risk,multiple_code_fences_used_longest,
qwen2.5-coder:32b,no_review,crn-010602,2318,331,unclosed_code_fence;near_num_predict_char_risk,multiple_code_fences_used_longest,
qwen2.5-coder:32b,no_review,crn-014164,2543,458,unclosed_code_fence;near_num_predict_char_risk,multiple_code_fences_used_longest,
qwen2.5-coder:32b,no_review,crn-001399,2145,233,unclosed_code_fence;near_num_predict_char_risk,multiple_code_fences_used_longest,
qwen2.5-coder:32b,no_review,crn-002478,578,228,unclosed_code_fence,extracted_from_code_fence,
qwen2.5-coder:32b,no_review,crn-005431,2586,1059,unclosed_code_fence;near_num_predict_char_risk,multiple_code_fences_used_longest,
qwen2.5-coder:32b,no_review,crn-001084,2284,528,unclosed_code_fence;near_num_predict_char_risk,multiple_code_fences_used_longest,
qwen2.5-coder:32b,no_review,crn-005514,2195,383,unclosed_code_fence;near_num_predict_char_risk,multiple_code_fences_used_longest,
qwen2.5-coder:32b,no_review,crn-009852,2589,457,near_num_predict_char_risk,multiple_code_fences_used_longest,
qwen2.5-coder:32b,no_review,crn-011187,1931,779,unclosed_code_fence;near_num_predict_char_risk,multiple_code_fences_used_longest,
qwen2.5-coder:32b,no_review,crn-006385,2105,509,unclosed_code_fence;near_num_predict_char_risk,multiple_code_fences_used_longest,
qwen2.5-coder:32b,no_review,crn-005999,2222,1060,near_num_predict_char_risk,multiple_code_fences_used_longest,
qwen2.5-coder:32b,no_review,crn-011657,2100,243,unclosed_code_fence;near_num_predict_char_risk,multiple_code_fences_used_longest,
qwen2.5-coder:32b,no_review,crn-010646,2139,635,unclosed_code_fence;near_num_predict_char_risk,multiple_code_fences_used_longest,
qwen2.5-coder:32b,no_review,crn-008319,2202,529,near_num_predict_char_risk,multiple_code_fences_used_longest,
qwen2.5-coder:32b,no_review,crn-011768,2245,210,unclosed_code_fence;near_num_predict_char_risk,multiple_code_fences_used_longest,
qwen2.5-coder:32b,no_review,crn-014123,2168,676,near_num_predict_char_risk,multiple_code_fences_used_longest,
qwen2.5-coder:32b,no_review,crn-009970,1968,414,near_num_predict_char_risk,multiple_code_fences_used_longest,
qwen2.5-coder:32b,no_review,crn-007413,2371,676,unclosed_code_fence;near_num_predict_char_risk,multiple_code_fences_used_longest,
qwen2.5-coder:32b,no_review,crn-009135,2359,874,unclosed_code_fence;near_num_predict_char_risk,multiple_code_fences_used_longest,
qwen2.5-coder:32b,no_review,crn-010134,2329,272,unclosed_code_fence;near_num_predict_char_risk,multiple_code_fences_used_longest,
qwen2.5-coder:32b,no_review,crn-013295,1693,399,unclosed_code_fence,multiple_code_fences_used_longest,
qwen2.5-coder:32b,no_review,crn-010622,2059,287,unclosed_code_fence;near_num_predict_char_risk,multiple_code_fences_used_longest,
qwen2.5-coder:32b,no_review,crn-004730,2235,1236,unclosed_code_fence;near_num_predict_char_risk,multiple_code_fences_used_longest,
qwen2.5-coder:32b,no_review,crn-006079,2569,289,unclosed_code_fence;near_num_predict_char_risk,multiple_code_fences_used_longest,
qwen2.5-coder:32b,no_review,crn-007449,466,465,unclosed_code_fence,no_code_fence_used_raw_text,
qwen2.5-coder:32b,no_review,crn-000620,2574,745,unclosed_code_fence;near_num_predict_char_risk,multiple_code_fences_used_longest,
qwen2.5-coder:32b,no_review,crn-001223,2531,293,unclosed_code_fence;near_num_predict_char_risk,multiple_code_fences_used_longest,
qwen2.5-coder:32b,no_review,crn-000924,2024,628,unclosed_code_fence;near_num_predict_char_risk,multiple_code_fences_used_longest,
qwen2.5-coder:32b,no_review,crn-013937,2468,326,unclosed_code_fence;near_num_predict_char_risk,multiple_code_fences_used_longest,
qwen2.5-coder:32b,no_review,crn-007248,2299,249,unclosed_code_fence;near_num_predict_char_risk,multiple_code_fences_used_longest,
qwen2.5-coder:32b,no_review,crn-013968,2282,424,unclosed_code_fence;near_num_predict_char_risk,multiple_code_fences_used_longest,
qwen2.5-coder:32b,no_review,crn-009302,2327,427,unclosed_code_fence;near_num_predict_char_risk,multiple_code_fences_used_longest,
qwen2.5-coder:32b,no_review,crn-012975,1832,201,unclosed_code_fence;near_num_predict_char_risk,multiple_code_fences_used_longest,
qwen2.5-coder:32b,no_review,crn-010799,2241,268,unclosed_code_fence;near_num_predict_char_risk,multiple_code_fences_used_longest,
qwen2.5-coder:32b,no_review,crn-012506,2814,571,unclosed_code_fence;near_num_predict_char_risk,multiple_code_fences_used_longest,
qwen2.5-coder:32b,no_review,crn-009927,2335,206,near_num_predict_char_risk,multiple_code_fences_used_longest,
qwen2.5-coder:32b,no_review,crn-002859,2279,339,near_num_predict_char_risk,multiple_code_fences_used_longest,
qwen2.5-coder:32b,no_review,crn-002434,1855,306,unclosed_code_fence;near_num_predict_char_risk,multiple_code_fences_used_longest,
qwen2.5-coder:32b,no_review,crn-012788,1892,326,unclosed_code_fence;near_num_predict_char_risk,multiple_code_fences_used_longest,
qwen2.5-coder:32b,no_review,crn-003193,2416,345,unclosed_code_fence;near_num_predict_char_risk,multiple_code_fences_used_longest,
qwen2.5-coder:32b,no_review,crn-008408,2699,179,near_num_predict_char_risk,multiple_code_fences_used_longest,
qwen2.5-coder:32b,no_review,crn-008746,2345,482,unclosed_code_fence;near_num_predict_char_risk,multiple_code_fences_used_longest,
qwen2.5-coder:32b,no_review,crn-012836,2352,378,unclosed_code_fence;near_num_predict_char_risk,multiple_code_fences_used_longest,
qwen2.5-coder:32b,no_review,crn-005113,2468,444,near_num_predict_char_risk,multiple_code_fences_used_longest,
qwen2.5-coder:32b,no_review,crn-008637,2288,478,unclosed_code_fence;near_num_predict_char_risk,multiple_code_fences_used_longest,
qwen2.5-coder:32b,no_review,crn-005351,2433,276,unclosed_code_fence;near_num_predict_char_risk,multiple_code_fences_used_longest,
qwen2.5-coder:32b,no_review,crn-006668,2076,416,unclosed_code_fence;near_num_predict_char_risk,multiple_code_fences_used_longest,
qwen2.5-coder:32b,no_review,crn-007076,1959,267,unclosed_code_fence;near_num_predict_char_risk,multiple_code_fences_used_longest,
qwen2.5-coder:32b,no_review,crn-007190,2079,248,unclosed_code_fence;near_num_predict_char_risk,multiple_code_fences_used_longest,
qwen2.5-coder:32b,no_review,crn-009208,1951,384,near_num_predict_char_risk,multiple_code_fences_used_longest,
qwen2.5-coder:32b,no_review,crn-014790,2379,395,unclosed_code_fence;near_num_predict_char_risk,multiple_code_fences_used_longest,
qwen2.5-coder:32b,no_review,crn-005405,2122,692,unclosed_code_fence;near_num_predict_char_risk,multiple_code_fences_used_longest,
qwen2.5-coder:32b,no_review,crn-012590,2138,301,unclosed_code_fence;near_num_predict_char_risk,multiple_code_fences_used_longest,
qwen2.5-coder:32b,no_review,crn-004968,2042,332,near_num_predict_char_risk,multiple_code_fences_used_longest,
qwen2.5-coder:32b,no_review,crn-000901,2354,406,unclosed_code_fence;near_num_predict_char_risk,multiple_code_fences_used_longest,
qwen2.5-coder:32b,no_review,crn-009876,2331,542,near_num_predict_char_risk,multiple_code_fences_used_longest,
qwen2.5-coder:32b,no_review,crn-003553,1882,185,unclosed_code_fence;near_num_predict_char_risk,multiple_code_fences_used_longest,
qwen2.5-coder:32b,no_review,crn-004501,2091,640,near_num_predict_char_risk,multiple_code_fences_used_longest,
qwen2.5-coder:32b,no_review,crn-011106,1964,483,unclosed_code_fence;near_num_predict_char_risk,multiple_code_fences_used_longest,
qwen2.5-coder:32b,no_review,crn-011888,2056,1081,unclosed_code_fence;near_num_predict_char_risk,extracted_from_code_fence,
qwen2.5-coder:32b,no_review,crn-006201,1908,512,unclosed_code_fence;near_num_predict_char_risk,multiple_code_fences_used_longest,
qwen2.5-coder:32b,no_review,crn-008744,2193,506,near_num_predict_char_risk,multiple_code_fences_used_longest,
qwen2.5-coder:32b,no_review,crn-010433,2371,513,unclosed_code_fence;near_num_predict_char_risk,multiple_code_fences_used_longest,
qwen2.5-coder:32b,no_review,crn-012209,1888,376,unclosed_code_fence;near_num_predict_char_risk,multiple_code_fences_used_longest,
qwen2.5-coder:32b,no_review,crn-002361,2434,250,near_num_predict_char_risk,multiple_code_fences_used_longest,
qwen2.5-coder:32b,no_review,crn-002972,586,585,unclosed_code_fence,no_code_fence_used_raw_text,
qwen2.5-coder:32b,no_review,crn-011577,2192,979,unclosed_code_fence;near_num_predict_char_risk,multiple_code_fences_used_longest,
qwen2.5-coder:32b,no_review,crn-010589,1952,371,unclosed_code_fence;near_num_predict_char_risk,multiple_code_fences_used_longest,
qwen2.5-coder:32b,no_review,crn-001896,2205,357,unclosed_code_fence;near_num_predict_char_risk,multiple_code_fences_used_longest,
qwen2.5-coder:32b,no_review,crn-009167,2317,356,unclosed_code_fence;near_num_predict_char_risk,multiple_code_fences_used_longest,
qwen2.5-coder:32b,no_review,crn-005771,1965,462,unclosed_code_fence;near_num_predict_char_risk,multiple_code_fences_used_longest,
qwen2.5-coder:32b,no_review,crn-010819,2028,405,unclosed_code_fence;near_num_predict_char_risk,multiple_code_fences_used_longest,
qwen2.5-coder:32b,no_review,crn-013961,2164,724,unclosed_code_fence;near_num_predict_char_risk,multiple_code_fences_used_longest,
qwen2.5-coder:32b,no_review,crn-012361,2456,238,unclosed_code_fence;near_num_predict_char_risk,multiple_code_fences_used_longest,
qwen2.5-coder:32b,no_review,crn-005430,2586,1059,unclosed_code_fence;near_num_predict_char_risk,multiple_code_fences_used_longest,
qwen2.5-coder:32b,no_review,crn-001409,2174,314,unclosed_code_fence;near_num_predict_char_risk,multiple_code_fences_used_longest,
qwen2.5-coder:32b,no_review,crn-011316,2326,265,unclosed_code_fence;near_num_predict_char_risk,multiple_code_fences_used_longest,
qwen2.5-coder:32b,no_review,crn-010960,2699,807,unclosed_code_fence;near_num_predict_char_risk,multiple_code_fences_used_longest,
qwen2.5-coder:32b,no_review,crn-006857,2476,297,unclosed_code_fence;near_num_predict_char_risk,multiple_code_fences_used_longest,
qwen2.5-coder:32b,no_review,crn-007475,2510,336,unclosed_code_fence;near_num_predict_char_risk,multiple_code_fences_used_longest,
qwen2.5-coder:32b,no_review,crn-005585,2194,331,unclosed_code_fence;near_num_predict_char_risk,multiple_code_fences_used_longest,
qwen2.5-coder:32b,no_review,crn-006821,2421,436,near_num_predict_char_risk,multiple_code_fences_used_longest,
qwen2.5-coder:32b,no_review,crn-007089,2335,304,near_num_predict_char_risk,multiple_code_fences_used_longest,
qwen2.5-coder:32b,no_review,crn-012668,1953,290,unclosed_code_fence;near_num_predict_char_risk,multiple_code_fences_used_longest,
qwen2.5-coder:32b,no_review,crn-014242,2242,528,unclosed_code_fence;near_num_predict_char_risk,multiple_code_fences_used_longest,
qwen2.5-coder:32b,no_review,crn-001636,2043,260,unclosed_code_fence;near_num_predict_char_risk,multiple_code_fences_used_longest,
qwen2.5-coder:32b,no_review,crn-008335,2157,370,unclosed_code_fence;near_num_predict_char_risk,multiple_code_fences_used_longest,
qwen2.5-coder:32b,no_review,crn-004861,1653,599,unclosed_code_fence,multiple_code_fences_used_longest,
qwen2.5-coder:32b,no_review,crn-008745,2344,676,near_num_predict_char_risk,multiple_code_fences_used_longest,
qwen2.5-coder:32b,no_review,crn-005357,2310,308,unclosed_code_fence;near_num_predict_char_risk,multiple_code_fences_used_longest,
qwen2.5-coder:32b,no_review,crn-009038,2112,284,unclosed_code_fence;near_num_predict_char_risk,multiple_code_fences_used_longest,
qwen2.5-coder:32b,no_review,crn-013648,2303,558,near_num_predict_char_risk,multiple_code_fences_used_longest,
qwen2.5-coder:32b,no_review,crn-005307,2204,777,unclosed_code_fence;near_num_predict_char_risk,multiple_code_fences_used_longest,
qwen2.5-coder:32b,no_review,crn-001212,2319,941,unclosed_code_fence;near_num_predict_char_risk,multiple_code_fences_used_longest,
qwen2.5-coder:32b,no_review,crn-010600,1926,277,unclosed_code_fence;near_num_predict_char_risk,multiple_code_fences_used_longest,
qwen2.5-coder:32b,no_review,crn-007550,2349,306,unclosed_code_fence;near_num_predict_char_risk,multiple_code_fences_used_longest,
qwen2.5-coder:32b,no_review,crn-007450,466,465,unclosed_code_fence,no_code_fence_used_raw_text,
qwen2.5-coder:32b,no_review,crn-003651,2389,226,near_num_predict_char_risk,multiple_code_fences_used_longest,
qwen2.5-coder:32b,no_review,crn-008307,2599,538,unclosed_code_fence;near_num_predict_char_risk,multiple_code_fences_used_longest,
qwen2.5-coder:32b,no_review,crn-007388,2330,156,unclosed_code_fence;near_num_predict_char_risk,multiple_code_fences_used_longest,
qwen2.5-coder:32b,no_review,crn-007851,2641,339,unclosed_code_fence;near_num_predict_char_risk,multiple_code_fences_used_longest,
qwen2.5-coder:32b,no_review,crn-012285,1894,511,near_num_predict_char_risk,multiple_code_fences_used_longest,
qwen2.5-coder:32b,no_review,crn-008672,1841,727,unclosed_code_fence;near_num_predict_char_risk,multiple_code_fences_used_longest,
qwen2.5-coder:32b,no_review,crn-006939,2250,507,unclosed_code_fence;near_num_predict_char_risk,multiple_code_fences_used_longest,
qwen2.5-coder:32b,no_review,crn-000862,2256,712,unclosed_code_fence;near_num_predict_char_risk,multiple_code_fences_used_longest,
qwen2.5-coder:32b,no_review,crn-004371,2490,644,unclosed_code_fence;near_num_predict_char_risk,multiple_code_fences_used_longest,
qwen2.5-coder:32b,no_review,crn-010891,398,397,unclosed_code_fence,no_code_fence_used_raw_text,
qwen2.5-coder:32b,no_review,crn-002173,2527,496,unclosed_code_fence;near_num_predict_char_risk,multiple_code_fences_used_longest,
qwen2.5-coder:32b,no_review,crn-001815,2223,441,unclosed_code_fence;near_num_predict_char_risk,multiple_code_fences_used_longest,
qwen2.5-coder:32b,no_review,crn-002143,2401,578,unclosed_code_fence;near_num_predict_char_risk,multiple_code_fences_used_longest,
qwen2.5-coder:32b,no_review,crn-004568,1896,251,unclosed_code_fence;near_num_predict_char_risk,multiple_code_fences_used_longest,
qwen2.5-coder:32b,no_review,crn-003840,2339,562,unclosed_code_fence;near_num_predict_char_risk,multiple_code_fences_used_longest,
qwen2.5-coder:32b,no_review,crn-009134,2489,396,unclosed_code_fence;near_num_predict_char_risk,multiple_code_fences_used_longest,
qwen2.5-coder:32b,no_review,crn-012606,1944,311,unclosed_code_fence;near_num_predict_char_risk,multiple_code_fences_used_longest,
qwen2.5-coder:32b,no_review,crn-003380,2136,325,unclosed_code_fence;near_num_predict_char_risk,multiple_code_fences_used_longest,
qwen2.5-coder:32b,no_review,crn-002077,2530,325,unclosed_code_fence;near_num_predict_char_risk,multiple_code_fences_used_longest,
qwen2.5-coder:32b,no_review,crn-004013,2139,387,unclosed_code_fence;near_num_predict_char_risk,multiple_code_fences_used_longest,
qwen2.5-coder:32b,no_review,crn-001512,2461,355,near_num_predict_char_risk,multiple_code_fences_used_longest,
qwen2.5-coder:32b,no_review,crn-004546,2384,680,unclosed_code_fence;near_num_predict_char_risk,multiple_code_fences_used_longest,
qwen2.5-coder:32b,no_review,crn-005913,2065,256,unclosed_code_fence;near_num_predict_char_risk,multiple_code_fences_used_longest,
qwen2.5-coder:32b,no_review,crn-008973,2125,1232,unclosed_code_fence;near_num_predict_char_risk,extracted_from_code_fence,
qwen2.5-coder:32b,no_review,crn-007308,2720,836,unclosed_code_fence;near_num_predict_char_risk,multiple_code_fences_used_longest,
qwen2.5-coder:32b,no_review,crn-004609,2340,640,unclosed_code_fence;near_num_predict_char_risk,multiple_code_fences_used_longest,
qwen2.5-coder:32b,no_review,crn-002546,2265,197,unclosed_code_fence;near_num_predict_char_risk,multiple_code_fences_used_longest,
qwen2.5-coder:32b,no_review,crn-011971,2989,395,unclosed_code_fence;near_num_predict_char_risk,multiple_code_fences_used_longest,
qwen2.5-coder:32b,no_review,crn-009676,2468,563,unclosed_code_fence;near_num_predict_char_risk,multiple_code_fences_used_longest,
qwen2.5-coder:32b,no_review,crn-007477,1797,649,near_num_predict_char_risk,multiple_code_fences_used_longest,
qwen2.5-coder:32b,no_review,crn-011048,2386,461,unclosed_code_fence;near_num_predict_char_risk,multiple_code_fences_used_longest,
qwen2.5-coder:32b,no_review,crn-006731,2246,912,unclosed_code_fence;near_num_predict_char_risk,multiple_code_fences_used_longest,
qwen2.5-coder:32b,no_review,crn-010697,2159,471,unclosed_code_fence;near_num_predict_char_risk,multiple_code_fences_used_longest,
qwen2.5-coder:32b,no_review,crn-011550,1887,418,unclosed_code_fence;near_num_predict_char_risk,multiple_code_fences_used_longest,
qwen2.5-coder:32b,no_review,crn-005404,2122,692,unclosed_code_fence;near_num_predict_char_risk,multiple_code_fences_used_longest,
qwen2.5-coder:32b,no_review,crn-009252,1925,258,unclosed_code_fence;near_num_predict_char_risk,multiple_code_fences_used_longest,
qwen2.5-coder:32b,no_review,crn-011120,2008,455,unclosed_code_fence;near_num_predict_char_risk,multiple_code_fences_used_longest,
qwen2.5-coder:32b,no_review,crn-014789,2064,472,unclosed_code_fence;near_num_predict_char_risk,multiple_code_fences_used_longest,
qwen2.5-coder:32b,no_review,crn-004319,2025,489,unclosed_code_fence;near_num_predict_char_risk,multiple_code_fences_used_longest,
qwen2.5-coder:32b,no_review,crn-008844,1983,214,unclosed_code_fence;near_num_predict_char_risk,multiple_code_fences_used_longest,
qwen2.5-coder:32b,no_review,crn-013253,2469,424,unclosed_code_fence;near_num_predict_char_risk,multiple_code_fences_used_longest,
qwen2.5-coder:32b,no_review,crn-011113,1882,302,unclosed_code_fence;near_num_predict_char_risk,multiple_code_fences_used_longest,
qwen2.5-coder:32b,no_review,crn-011932,2263,490,unclosed_code_fence;near_num_predict_char_risk,multiple_code_fences_used_longest,
qwen2.5-coder:32b,no_review,crn-011144,2063,1681,unclosed_code_fence;near_num_predict_char_risk,extracted_from_code_fence,
qwen2.5-coder:32b,no_review,crn-003718,2114,186,unclosed_code_fence;near_num_predict_char_risk,multiple_code_fences_used_longest,
qwen2.5-coder:32b,no_review,crn-008274,2358,426,unclosed_code_fence;near_num_predict_char_risk,multiple_code_fences_used_longest,
qwen2.5-coder:32b,no_review,crn-006031,1913,483,unclosed_code_fence;near_num_predict_char_risk,multiple_code_fences_used_longest,
qwen2.5-coder:32b,no_review,crn-014022,1989,489,unclosed_code_fence;near_num_predict_char_risk,multiple_code_fences_used_longest,
qwen2.5-coder:32b,no_review,crn-012957,2695,543,unclosed_code_fence;near_num_predict_char_risk,multiple_code_fences_used_longest,
qwen2.5-coder:32b,no_review,crn-003306,2113,289,unclosed_code_fence;near_num_predict_char_risk,multiple_code_fences_used_longest,
qwen2.5-coder:32b,no_review,crn-012315,2468,323,unclosed_code_fence;near_num_predict_char_risk,multiple_code_fences_used_longest,
qwen2.5-coder:32b,no_review,crn-001487,1964,414,near_num_predict_char_risk,multiple_code_fences_used_longest,
qwen2.5-coder:32b,no_review,crn-014774,2114,673,near_num_predict_char_risk,multiple_code_fences_used_longest,
qwen2.5-coder:32b,no_review,crn-011168,2522,285,near_num_predict_char_risk,multiple_code_fences_used_longest,
qwen2.5-coder:32b,no_review,crn-010230,2286,287,unclosed_code_fence;near_num_predict_char_risk,multiple_code_fences_used_longest,
qwen2.5-coder:32b,no_review,crn-010004,2472,206,unclosed_code_fence;near_num_predict_char_risk,multiple_code_fences_used_longest,
qwen2.5-coder:32b,no_review,crn-008191,1811,585,near_num_predict_char_risk,multiple_code_fences_used_longest,
qwen2.5-coder:32b,no_review,crn-000807,2329,397,unclosed_code_fence;near_num_predict_char_risk,multiple_code_fences_used_longest,
qwen2.5-coder:32b,no_review,crn-012269,1905,756,unclosed_code_fence;near_num_predict_char_risk,multiple_code_fences_used_longest,
qwen2.5-coder:32b,no_review,crn-012822,2049,393,unclosed_code_fence;near_num_predict_char_risk,multiple_code_fences_used_longest,
qwen2.5-coder:32b,no_review,crn-010844,2333,262,unclosed_code_fence;near_num_predict_char_risk,multiple_code_fences_used_longest,
qwen2.5-coder:32b,no_review,crn-000362,2782,943,unclosed_code_fence;near_num_predict_char_risk,multiple_code_fences_used_longest,
qwen2.5-coder:32b,no_review,crn-004877,2541,420,unclosed_code_fence;near_num_predict_char_risk,multiple_code_fences_used_longest,
qwen2.5-coder:32b,no_review,crn-009471,2215,588,unclosed_code_fence;near_num_predict_char_risk,multiple_code_fences_used_longest,
qwen2.5-coder:32b,no_review,crn-006286,1810,534,unclosed_code_fence;near_num_predict_char_risk,multiple_code_fences_used_longest,
qwen2.5-coder:32b,no_review,crn-001760,2001,545,near_num_predict_char_risk,multiple_code_fences_used_longest,
qwen2.5-coder:32b,no_review,crn-007969,1910,376,unclosed_code_fence;near_num_predict_char_risk,multiple_code_fences_used_longest,
qwen2.5-coder:32b,no_review,crn-011374,1992,604,unclosed_code_fence;near_num_predict_char_risk,multiple_code_fences_used_longest,
qwen2.5-coder:32b,no_review,crn-006994,2249,490,unclosed_code_fence;near_num_predict_char_risk,multiple_code_fences_used_longest,
qwen2.5-coder:32b,no_review,crn-004931,1998,419,unclosed_code_fence;near_num_predict_char_risk,multiple_code_fences_used_longest,
qwen2.5-coder:32b,no_review,crn-002603,1854,301,near_num_predict_char_risk,multiple_code_fences_used_longest,
qwen2.5-coder:32b,no_review,crn-010988,2166,503,unclosed_code_fence;near_num_predict_char_risk,multiple_code_fences_used_longest,
qwen2.5-coder:32b,no_review,crn-009608,2437,696,unclosed_code_fence;near_num_predict_char_risk,multiple_code_fences_used_longest,
qwen2.5-coder:32b,no_review,crn-010043,1862,627,unclosed_code_fence;near_num_predict_char_risk,multiple_code_fences_used_longest,
qwen2.5-coder:32b,no_review,crn-013055,2401,749,unclosed_code_fence;near_num_predict_char_risk,multiple_code_fences_used_longest,
qwen2.5-coder:32b,no_review,crn-013957,2164,724,unclosed_code_fence;near_num_predict_char_risk,multiple_code_fences_used_longest,
qwen2.5-coder:32b,no_review,crn-006793,2025,220,unclosed_code_fence;near_num_predict_char_risk,multiple_code_fences_used_longest,
qwen2.5-coder:32b,no_review,crn-014165,1787,419,unclosed_code_fence,multiple_code_fences_used_longest,
qwen2.5-coder:32b,no_review,crn-007099,2256,374,unclosed_code_fence;near_num_predict_char_risk,multiple_code_fences_used_longest,
qwen2.5-coder:32b,no_review,crn-005910,2047,566,unclosed_code_fence;near_num_predict_char_risk,multiple_code_fences_used_longest,
qwen2.5-coder:32b,no_review,crn-004836,1788,228,unclosed_code_fence,multiple_code_fences_used_longest,
qwen2.5-coder:32b,no_review,crn-011434,2182,325,unclosed_code_fence;near_num_predict_char_risk,multiple_code_fences_used_longest,
qwen2.5-coder:32b,no_review,crn-001491,2575,443,unclosed_code_fence;near_num_predict_char_risk,multiple_code_fences_used_longest,
qwen2.5-coder:32b,no_review,crn-013818,1907,267,near_num_predict_char_risk,multiple_code_fences_used_longest,
qwen2.5-coder:32b,no_review,crn-004736,2162,336,near_num_predict_char_risk,multiple_code_fences_used_longest,
qwen2.5-coder:32b,no_review,crn-011277,1736,261,unclosed_code_fence,multiple_code_fences_used_longest,
qwen2.5-coder:32b,no_review,crn-001126,2291,316,unclosed_code_fence;near_num_predict_char_risk,multiple_code_fences_used_longest,
qwen2.5-coder:32b,no_review,crn-008917,2005,931,unclosed_code_fence;near_num_predict_char_risk,multiple_code_fences_used_longest,
qwen2.5-coder:32b,no_review,crn-005413,2029,442,unclosed_code_fence;near_num_predict_char_risk,multiple_code_fences_used_longest,
qwen2.5-coder:32b,no_review,crn-010269,1653,599,unclosed_code_fence,multiple_code_fences_used_longest,
qwen2.5-coder:32b,no_review,crn-005578,2157,338,unclosed_code_fence;near_num_predict_char_risk,multiple_code_fences_used_longest,
qwen2.5-coder:32b,no_review,crn-014685,2304,653,unclosed_code_fence;near_num_predict_char_risk,multiple_code_fences_used_longest,
qwen2.5-coder:32b,no_review,crn-010787,2296,279,near_num_predict_char_risk,multiple_code_fences_used_longest,
qwen2.5-coder:32b,no_review,crn-006759,1859,477,unclosed_code_fence;near_num_predict_char_risk,multiple_code_fences_used_longest,
qwen2.5-coder:32b,no_review,crn-007531,508,507,unclosed_code_fence,no_code_fence_used_raw_text,
qwen2.5-coder:32b,no_review,crn-007256,2028,249,unclosed_code_fence;near_num_predict_char_risk,multiple_code_fences_used_longest,
qwen2.5-coder:32b,no_review,crn-001656,2732,488,unclosed_code_fence;near_num_predict_char_risk,multiple_code_fences_used_longest,
qwen2.5-coder:32b,no_review,crn-005469,2103,778,unclosed_code_fence;near_num_predict_char_risk,multiple_code_fences_used_longest,
qwen2.5-coder:32b,no_review,crn-013804,1406,183,unclosed_code_fence,multiple_code_fences_used_longest,
qwen2.5-coder:32b,no_review,crn-002507,1876,598,unclosed_code_fence;near_num_predict_char_risk,multiple_code_fences_used_longest,
qwen2.5-coder:32b,no_review,crn-010936,2399,831,unclosed_code_fence;near_num_predict_char_risk,multiple_code_fences_used_longest,
qwen2.5-coder:32b,no_review,crn-006363,2033,457,unclosed_code_fence;near_num_predict_char_risk,multiple_code_fences_used_longest,
qwen2.5-coder:32b,no_review,crn-013365,2422,377,unclosed_code_fence;near_num_predict_char_risk,multiple_code_fences_used_longest,
qwen2.5-coder:32b,no_review,crn-012270,1905,756,unclosed_code_fence;near_num_predict_char_risk,multiple_code_fences_used_longest,
qwen2.5-coder:32b,no_review,crn-009422,2016,465,unclosed_code_fence;near_num_predict_char_risk,multiple_code_fences_used_longest,
qwen2.5-coder:32b,no_review,crn-008956,2426,477,unclosed_code_fence;near_num_predict_char_risk,multiple_code_fences_used_longest,
qwen2.5-coder:32b,no_review,crn-008877,1917,1022,near_num_predict_char_risk,multiple_code_fences_used_longest,
qwen2.5-coder:32b,no_review,crn-007988,1640,565,unclosed_code_fence,multiple_code_fences_used_longest,
qwen2.5-coder:32b,no_review,crn-011962,1940,337,unclosed_code_fence;near_num_predict_char_risk,multiple_code_fences_used_longest,
qwen2.5-coder:32b,no_review,crn-006840,2229,524,unclosed_code_fence;near_num_predict_char_risk,multiple_code_fences_used_longest,
qwen2.5-coder:32b,no_review,crn-013014,2040,842,near_num_predict_char_risk,multiple_code_fences_used_longest,
qwen2.5-coder:32b,no_review,crn-012296,1798,275,unclosed_code_fence;near_num_predict_char_risk,multiple_code_fences_used_longest,
qwen2.5-coder:32b,no_review,crn-003139,1914,867,near_num_predict_char_risk,multiple_code_fences_used_longest,
qwen2.5-coder:32b,no_review,crn-002384,1885,430,unclosed_code_fence;near_num_predict_char_risk,multiple_code_fences_used_longest,
qwen2.5-coder:32b,no_review,crn-009085,1749,381,unclosed_code_fence,multiple_code_fences_used_longest,
qwen2.5-coder:32b,no_review,crn-007528,2881,560,near_num_predict_char_risk,multiple_code_fences_used_longest,
qwen2.5-coder:32b,no_review,crn-007958,2103,291,unclosed_code_fence;near_num_predict_char_risk,multiple_code_fences_used_longest,
qwen2.5-coder:32b,no_review,crn-008390,2502,158,unclosed_code_fence;near_num_predict_char_risk,multiple_code_fences_used_longest,
qwen2.5-coder:32b,no_review,crn-002537,1486,331,unclosed_code_fence,multiple_code_fences_used_longest,
qwen2.5-coder:32b,no_review,crn-001872,1662,161,unclosed_code_fence,multiple_code_fences_used_longest,
qwen2.5-coder:32b,no_review,crn-005121,2063,509,unclosed_code_fence;near_num_predict_char_risk,multiple_code_fences_used_longest,
qwen2.5-coder:32b,no_review,crn-002609,1697,352,unclosed_code_fence,multiple_code_fences_used_longest,
qwen2.5-coder:32b,no_review,crn-003943,1978,341,unclosed_code_fence;near_num_predict_char_risk,multiple_code_fences_used_longest,
qwen2.5-coder:32b,no_review,crn-009052,2302,558,unclosed_code_fence;near_num_predict_char_risk,multiple_code_fences_used_longest,
qwen2.5-coder:32b,no_review,crn-012520,2116,651,unclosed_code_fence;near_num_predict_char_risk,multiple_code_fences_used_longest,
qwen2.5-coder:32b,no_review,crn-000892,2284,764,near_num_predict_char_risk,multiple_code_fences_used_longest,
qwen2.5-coder:32b,no_review,crn-008484,2413,566,unclosed_code_fence;near_num_predict_char_risk,multiple_code_fences_used_longest,
qwen2.5-coder:32b,no_review,crn-006664,2419,332,near_num_predict_char_risk,multiple_code_fences_used_longest,
qwen2.5-coder:32b,no_review,crn-006603,1803,605,near_num_predict_char_risk,multiple_code_fences_used_longest,
qwen2.5-coder:32b,no_review,crn-006732,2255,438,unclosed_code_fence;near_num_predict_char_risk,multiple_code_fences_used_longest,
qwen2.5-coder:32b,no_review,crn-001505,2552,371,unclosed_code_fence;near_num_predict_char_risk,multiple_code_fences_used_longest,
qwen2.5-coder:32b,no_review,crn-013411,2128,675,unclosed_code_fence;near_num_predict_char_risk,multiple_code_fences_used_longest,
qwen2.5-coder:32b,no_review,crn-010460,2058,436,unclosed_code_fence;near_num_predict_char_risk,multiple_code_fences_used_longest,
qwen2.5-coder:32b,no_review,crn-014909,2055,290,unclosed_code_fence;near_num_predict_char_risk,multiple_code_fences_used_longest,
qwen2.5-coder:32b,no_review,crn-007756,1881,542,near_num_predict_char_risk,multiple_code_fences_used_longest,
qwen2.5-coder:32b,no_review,crn-002887,1592,275,unclosed_code_fence,multiple_code_fences_used_longest,
qwen2.5-coder:32b,no_review,crn-012459,2388,214,unclosed_code_fence;near_num_predict_char_risk,multiple_code_fences_used_longest,
qwen2.5-coder:32b,no_review,crn-004441,2026,356,unclosed_code_fence;near_num_predict_char_risk,multiple_code_fences_used_longest,
qwen2.5-coder:32b,no_review,crn-000342,2442,350,near_num_predict_char_risk,multiple_code_fences_used_longest,
qwen2.5-coder:32b,no_review,crn-011111,1886,450,unclosed_code_fence;near_num_predict_char_risk,multiple_code_fences_used_longest,
qwen2.5-coder:32b,no_review,crn-007121,1901,197,unclosed_code_fence;near_num_predict_char_risk,multiple_code_fences_used_longest,
qwen2.5-coder:32b,no_review,crn-008143,2165,561,unclosed_code_fence;near_num_predict_char_risk,multiple_code_fences_used_longest,
qwen2.5-coder:32b,no_review,crn-008900,2108,444,unclosed_code_fence;near_num_predict_char_risk,multiple_code_fences_used_longest,
qwen2.5-coder:32b,no_review,crn-004486,2297,291,unclosed_code_fence;near_num_predict_char_risk,multiple_code_fences_used_longest,
qwen2.5-coder:32b,no_review,crn-011528,2216,194,unclosed_code_fence;near_num_predict_char_risk,multiple_code_fences_used_longest,
qwen2.5-coder:32b,no_review,crn-002051,2570,878,unclosed_code_fence;near_num_predict_char_risk,multiple_code_fences_used_longest,
qwen2.5-coder:32b,no_review,crn-000982,2176,414,unclosed_code_fence;near_num_predict_char_risk,multiple_code_fences_used_longest,
qwen2.5-coder:32b,no_review,crn-014840,2373,388,unclosed_code_fence;near_num_predict_char_risk,multiple_code_fences_used_longest,
qwen2.5-coder:32b,no_review,crn-013617,2832,458,unclosed_code_fence;near_num_predict_char_risk,multiple_code_fences_used_longest,
qwen2.5-coder:32b,no_review,crn-003705,2132,402,unclosed_code_fence;near_num_predict_char_risk,multiple_code_fences_used_longest,
qwen2.5-coder:32b,no_review,crn-014182,2093,432,near_num_predict_char_risk,multiple_code_fences_used_longest,
qwen2.5-coder:32b,no_review,crn-003258,1931,527,unclosed_code_fence;near_num_predict_char_risk,multiple_code_fences_used_longest,
qwen2.5-coder:32b,no_review,crn-010298,2114,687,unclosed_code_fence;near_num_predict_char_risk,multiple_code_fences_used_longest,
qwen2.5-coder:32b,no_review,crn-004358,1942,433,near_num_predict_char_risk,multiple_code_fences_used_longest,
qwen2.5-coder:32b,no_review,crn-011326,1871,344,unclosed_code_fence;near_num_predict_char_risk,multiple_code_fences_used_longest,
qwen2.5-coder:32b,no_review,crn-004658,1929,219,unclosed_code_fence;near_num_predict_char_risk,multiple_code_fences_used_longest,
qwen2.5-coder:32b,no_review,crn-004748,1828,469,unclosed_code_fence;near_num_predict_char_risk,multiple_code_fences_used_longest,
qwen2.5-coder:32b,no_review,crn-007747,2346,543,unclosed_code_fence;near_num_predict_char_risk,multiple_code_fences_used_longest,
qwen2.5-coder:32b,no_review,crn-011358,2038,644,unclosed_code_fence;near_num_predict_char_risk,multiple_code_fences_used_longest,
qwen2.5-coder:32b,no_review,crn-013759,2346,408,unclosed_code_fence;near_num_predict_char_risk,multiple_code_fences_used_longest,
qwen2.5-coder:32b,no_review,crn-000043,2684,198,unclosed_code_fence;near_num_predict_char_risk,multiple_code_fences_used_longest,
qwen2.5-coder:32b,no_review,crn-001238,2322,309,unclosed_code_fence;near_num_predict_char_risk,multiple_code_fences_used_longest,
qwen2.5-coder:32b,no_review,crn-010881,1999,545,near_num_predict_char_risk,multiple_code_fences_used_longest,
qwen2.5-coder:32b,no_review,crn-001637,2296,502,unclosed_code_fence;near_num_predict_char_risk,multiple_code_fences_used_longest,
qwen2.5-coder:32b,no_review,crn-012194,2872,550,unclosed_code_fence;near_num_predict_char_risk,multiple_code_fences_used_longest,
qwen2.5-coder:32b,no_review,crn-010046,2053,547,unclosed_code_fence;near_num_predict_char_risk,multiple_code_fences_used_longest,
qwen2.5-coder:32b,no_review,crn-010232,2229,303,unclosed_code_fence;near_num_predict_char_risk,multiple_code_fences_used_longest,
qwen2.5-coder:32b,no_review,crn-009370,2197,336,near_num_predict_char_risk,multiple_code_fences_used_longest,
qwen2.5-coder:32b,no_review,crn-004901,2068,856,unclosed_code_fence;near_num_predict_char_risk,multiple_code_fences_used_longest,
qwen2.5-coder:32b,no_review,crn-007297,2464,560,unclosed_code_fence;near_num_predict_char_risk,multiple_code_fences_used_longest,
qwen2.5-coder:32b,no_review,crn-012779,2023,299,unclosed_code_fence;near_num_predict_char_risk,multiple_code_fences_used_longest,
qwen2.5-coder:32b,no_review,crn-003719,1983,259,unclosed_code_fence;near_num_predict_char_risk,multiple_code_fences_used_longest,
qwen2.5-coder:32b,no_review,crn-013026,1941,814,near_num_predict_char_risk,multiple_code_fences_used_longest,
qwen2.5-coder:32b,no_review,crn-009823,2329,379,unclosed_code_fence;near_num_predict_char_risk,multiple_code_fences_used_longest,
qwen2.5-coder:32b,no_review,crn-009991,2538,294,unclosed_code_fence;near_num_predict_char_risk,multiple_code_fences_used_longest,
qwen2.5-coder:32b,no_review,crn-006860,2228,313,unclosed_code_fence;near_num_predict_char_risk,multiple_code_fences_used_longest,
qwen2.5-coder:32b,no_review,crn-009197,1862,519,near_num_predict_char_risk,multiple_code_fences_used_longest,
qwen2.5-coder:32b,no_review,crn-001406,2116,471,unclosed_code_fence;near_num_predict_char_risk,multiple_code_fences_used_longest,
qwen2.5-coder:32b,no_review,crn-014376,2086,256,unclosed_code_fence;near_num_predict_char_risk,multiple_code_fences_used_longest,
qwen2.5-coder:32b,no_review,crn-009275,2134,973,unclosed_code_fence;near_num_predict_char_risk,multiple_code_fences_used_longest,
qwen2.5-coder:32b,no_review,crn-002459,2331,499,unclosed_code_fence;near_num_predict_char_risk,multiple_code_fences_used_longest,
qwen2.5-coder:32b,no_review,crn-011310,1582,524,unclosed_code_fence,multiple_code_fences_used_longest,
qwen2.5-coder:32b,no_review,crn-001883,2341,586,unclosed_code_fence;near_num_predict_char_risk,multiple_code_fences_used_longest,
qwen2.5-coder:32b,no_review,crn-007879,2188,569,unclosed_code_fence;near_num_predict_char_risk,multiple_code_fences_used_longest,
qwen2.5-coder:32b,no_review,crn-001693,791,205,unclosed_code_fence,multiple_code_fences_used_longest,
qwen2.5-coder:32b,no_review,crn-009459,1864,279,unclosed_code_fence;near_num_predict_char_risk,multiple_code_fences_used_longest,
qwen2.5-coder:32b,no_review,crn-000749,2832,458,unclosed_code_fence;near_num_predict_char_risk,multiple_code_fences_used_longest,
qwen2.5-coder:32b,no_review,crn-004520,2482,613,unclosed_code_fence;near_num_predict_char_risk,multiple_code_fences_used_longest,
qwen2.5-coder:32b,no_review,crn-014061,1934,498,unclosed_code_fence;near_num_predict_char_risk,multiple_code_fences_used_longest,
qwen2.5-coder:32b,no_review,crn-002956,1824,261,near_num_predict_char_risk,multiple_code_fences_used_longest,
qwen2.5-coder:32b,no_review,crn-004982,2069,934,unclosed_code_fence;near_num_predict_char_risk,multiple_code_fences_used_longest,
qwen2.5-coder:32b,no_review,crn-004883,2063,552,unclosed_code_fence;near_num_predict_char_risk,multiple_code_fences_used_longest,
qwen2.5-coder:32b,no_review,crn-008648,1759,265,unclosed_code_fence,multiple_code_fences_used_longest,
qwen2.5-coder:32b,no_review,crn-012170,191,172,unclosed_code_fence,extracted_from_code_fence,
qwen2.5-coder:32b,no_review,crn-011883,2045,468,unclosed_code_fence;near_num_predict_char_risk,multiple_code_fences_used_longest,
qwen2.5-coder:32b,no_review,crn-005053,2594,527,unclosed_code_fence;near_num_predict_char_risk,multiple_code_fences_used_longest,
qwen2.5-coder:32b,no_review,crn-005449,2468,841,unclosed_code_fence;near_num_predict_char_risk,multiple_code_fences_used_longest,
qwen2.5-coder:32b,no_review,crn-012290,2057,817,unclosed_code_fence;near_num_predict_char_risk,multiple_code_fences_used_longest,
qwen2.5-coder:32b,no_review,crn-008751,2205,327,unclosed_code_fence;near_num_predict_char_risk,multiple_code_fences_used_longest,
qwen2.5-coder:32b,no_review,crn-007802,2295,610,unclosed_code_fence;near_num_predict_char_risk,multiple_code_fences_used_longest,
qwen2.5-coder:32b,no_review,crn-006084,2480,1057,near_num_predict_char_risk,multiple_code_fences_used_longest,
qwen2.5-coder:32b,no_review,crn-009582,1875,914,unclosed_code_fence;near_num_predict_char_risk,extracted_from_code_fence,
qwen2.5-coder:32b,no_review,crn-005046,2414,599,unclosed_code_fence;near_num_predict_char_risk,multiple_code_fences_used_longest,
qwen2.5-coder:32b,no_review,crn-003652,2339,516,near_num_predict_char_risk,multiple_code_fences_used_longest,
qwen2.5-coder:32b,no_review,crn-007386,2385,1062,unclosed_code_fence;near_num_predict_char_risk,multiple_code_fences_used_longest,
qwen2.5-coder:32b,no_review,crn-007849,2074,412,unclosed_code_fence;near_num_predict_char_risk,multiple_code_fences_used_longest,
qwen2.5-coder:32b,no_review,crn-009150,2423,645,unclosed_code_fence;near_num_predict_char_risk,multiple_code_fences_used_longest,
qwen2.5-coder:32b,no_review,crn-014381,2076,495,unclosed_code_fence;near_num_predict_char_risk,multiple_code_fences_used_longest,
qwen2.5-coder:32b,no_review,crn-009160,2103,296,unclosed_code_fence;near_num_predict_char_risk,multiple_code_fences_used_longest,
qwen2.5-coder:32b,no_review,crn-009824,2665,358,unclosed_code_fence;near_num_predict_char_risk,multiple_code_fences_used_longest,
qwen2.5-coder:32b,no_review,crn-005608,2593,681,unclosed_code_fence;near_num_predict_char_risk,multiple_code_fences_used_longest,
qwen2.5-coder:32b,no_review,crn-010057,1913,604,unclosed_code_fence;near_num_predict_char_risk,multiple_code_fences_used_longest,
qwen2.5-coder:32b,no_review,crn-009390,2108,220,unclosed_code_fence;near_num_predict_char_risk,multiple_code_fences_used_longest,
qwen2.5-coder:32b,no_review,crn-007430,2326,527,unclosed_code_fence;near_num_predict_char_risk,multiple_code_fences_used_longest,
qwen2.5-coder:32b,no_review,crn-013684,2269,251,unclosed_code_fence;near_num_predict_char_risk,multiple_code_fences_used_longest,
qwen2.5-coder:32b,no_review,crn-012045,2499,382,unclosed_code_fence;near_num_predict_char_risk,multiple_code_fences_used_longest,
qwen2.5-coder:32b,no_review,crn-007179,2204,499,unclosed_code_fence;near_num_predict_char_risk,multiple_code_fences_used_longest,
qwen2.5-coder:32b,no_review,crn-012762,1923,448,unclosed_code_fence;near_num_predict_char_risk,multiple_code_fences_used_longest,
qwen2.5-coder:32b,no_review,crn-013312,2005,424,unclosed_code_fence;near_num_predict_char_risk,multiple_code_fences_used_longest,
qwen2.5-coder:32b,no_review,crn-013651,2334,648,unclosed_code_fence;near_num_predict_char_risk,multiple_code_fences_used_longest,
qwen2.5-coder:32b,no_review,crn-001136,2015,775,near_num_predict_char_risk,multiple_code_fences_used_longest,
qwen2.5-coder:32b,no_review,crn-008781,2496,298,unclosed_code_fence;near_num_predict_char_risk,multiple_code_fences_used_longest,
qwen2.5-coder:32b,no_review,crn-001997,2449,220,unclosed_code_fence;near_num_predict_char_risk,multiple_code_fences_used_longest,
qwen2.5-coder:32b,no_review,crn-009894,2160,667,unclosed_code_fence;near_num_predict_char_risk,multiple_code_fences_used_longest,
qwen2.5-coder:32b,no_review,crn-004971,2244,472,unclosed_code_fence;near_num_predict_char_risk,multiple_code_fences_used_longest,
qwen2.5-coder:32b,no_review,crn-014154,2284,309,unclosed_code_fence;near_num_predict_char_risk,multiple_code_fences_used_longest,
qwen2.5-coder:32b,no_review,crn-011379,1971,480,unclosed_code_fence;near_num_predict_char_risk,multiple_code_fences_used_longest,
qwen2.5-coder:32b,no_review,crn-014259,1848,479,near_num_predict_char_risk,multiple_code_fences_used_longest,
qwen2.5-coder:32b,no_review,crn-014538,1872,964,unclosed_code_fence;near_num_predict_char_risk,extracted_from_code_fence,
qwen2.5-coder:32b,no_review,crn-011524,2132,394,unclosed_code_fence;near_num_predict_char_risk,multiple_code_fences_used_longest,
qwen2.5-coder:32b,no_review,crn-003593,1962,410,unclosed_code_fence;near_num_predict_char_risk,multiple_code_fences_used_longest,
qwen2.5-coder:32b,no_review,crn-009294,2009,309,unclosed_code_fence;near_num_predict_char_risk,multiple_code_fences_used_longest,
qwen2.5-coder:32b,no_review,crn-007807,1804,379,near_num_predict_char_risk,multiple_code_fences_used_longest,
qwen2.5-coder:32b,no_review,crn-003931,2190,484,unclosed_code_fence;near_num_predict_char_risk,multiple_code_fences_used_longest,
qwen2.5-coder:32b,no_review,crn-010237,1958,258,unclosed_code_fence;near_num_predict_char_risk,multiple_code_fences_used_longest,
qwen2.5-coder:32b,no_review,crn-000336,2304,304,unclosed_code_fence;near_num_predict_char_risk,multiple_code_fences_used_longest,
qwen2.5-coder:32b,no_review,crn-000663,2388,886,near_num_predict_char_risk,multiple_code_fences_used_longest,
qwen2.5-coder:32b,no_review,crn-001131,2454,235,unclosed_code_fence;near_num_predict_char_risk,multiple_code_fences_used_longest,
qwen2.5-coder:32b,no_review,crn-000857,2516,423,unclosed_code_fence;near_num_predict_char_risk,multiple_code_fences_used_longest,
qwen2.5-coder:32b,no_review,crn-007753,2238,264,unclosed_code_fence;near_num_predict_char_risk,multiple_code_fences_used_longest,
qwen2.5-coder:32b,no_review,crn-013753,2443,548,unclosed_code_fence;near_num_predict_char_risk,multiple_code_fences_used_longest,
qwen2.5-coder:32b,no_review,crn-013704,2504,634,unclosed_code_fence;near_num_predict_char_risk,multiple_code_fences_used_longest,
qwen2.5-coder:32b,no_review,crn-014042,2408,322,unclosed_code_fence;near_num_predict_char_risk,multiple_code_fences_used_longest,
qwen2.5-coder:32b,no_review,crn-005393,2278,830,unclosed_code_fence;near_num_predict_char_risk,multiple_code_fences_used_longest,
qwen2.5-coder:32b,no_review,crn-014260,2150,181,near_num_predict_char_risk,multiple_code_fences_used_longest,
qwen2.5-coder:32b,no_review,crn-004286,2151,388,unclosed_code_fence;near_num_predict_char_risk,multiple_code_fences_used_longest,
qwen2.5-coder:32b,no_review,crn-000827,1917,383,unclosed_code_fence;near_num_predict_char_risk,multiple_code_fences_used_longest,
qwen2.5-coder:32b,no_review,crn-007065,2241,148,unclosed_code_fence;near_num_predict_char_risk,multiple_code_fences_used_longest,
qwen2.5-coder:32b,no_review,crn-010590,2412,837,unclosed_code_fence;near_num_predict_char_risk,multiple_code_fences_used_longest,
qwen2.5-coder:32b,no_review,crn-009751,1885,256,near_num_predict_char_risk,multiple_code_fences_used_longest,
qwen2.5-coder:32b,no_review,crn-006496,1947,226,unclosed_code_fence;near_num_predict_char_risk,multiple_code_fences_used_longest,
qwen2.5-coder:32b,no_review,crn-000444,2129,766,unclosed_code_fence;near_num_predict_char_risk,multiple_code_fences_used_longest,
qwen2.5-coder:32b,no_review,crn-007705,2800,450,unclosed_code_fence;near_num_predict_char_risk,multiple_code_fences_used_longest,
qwen2.5-coder:32b,no_review,crn-011191,1959,361,near_num_predict_char_risk,multiple_code_fences_used_longest,
qwen2.5-coder:32b,no_review,crn-005539,1772,243,unclosed_code_fence,multiple_code_fences_used_longest,
qwen2.5-coder:32b,no_review,crn-006411,2153,261,unclosed_code_fence;near_num_predict_char_risk,multiple_code_fences_used_longest,
qwen2.5-coder:32b,no_review,crn-000478,2649,188,unclosed_code_fence;near_num_predict_char_risk,multiple_code_fences_used_longest,
qwen2.5-coder:32b,no_review,crn-004497,2456,565,unclosed_code_fence;near_num_predict_char_risk,multiple_code_fences_used_longest,
qwen2.5-coder:32b,no_review,crn-003635,2107,459,unclosed_code_fence;near_num_predict_char_risk,multiple_code_fences_used_longest,
qwen2.5-coder:32b,no_review,crn-009000,2181,270,unclosed_code_fence;near_num_predict_char_risk,multiple_code_fences_used_longest,
qwen2.5-coder:32b,no_review,crn-012104,2602,385,near_num_predict_char_risk,multiple_code_fences_used_longest,
qwen2.5-coder:32b,no_review,crn-012316,1846,304,unclosed_code_fence;near_num_predict_char_risk,multiple_code_fences_used_longest,
qwen2.5-coder:32b,no_review,crn-012413,2350,272,near_num_predict_char_risk,multiple_code_fences_used_longest,
qwen2.5-coder:32b,no_review,crn-003406,1986,341,unclosed_code_fence;near_num_predict_char_risk,multiple_code_fences_used_longest,
qwen2.5-coder:32b,no_review,crn-006839,2429,525,unclosed_code_fence;near_num_predict_char_risk,multiple_code_fences_used_longest,
qwen2.5-coder:32b,no_review,crn-011433,2182,325,unclosed_code_fence;near_num_predict_char_risk,multiple_code_fences_used_longest,
qwen2.5-coder:32b,no_review,crn-001278,2074,351,unclosed_code_fence;near_num_predict_char_risk,multiple_code_fences_used_longest,
qwen2.5-coder:32b,no_review,crn-010326,2278,501,unclosed_code_fence;near_num_predict_char_risk,multiple_code_fences_used_longest,
qwen2.5-coder:32b,no_review,crn-008593,2000,297,unclosed_code_fence;near_num_predict_char_risk,multiple_code_fences_used_longest,
qwen2.5-coder:32b,no_review,crn-012812,1767,394,unclosed_code_fence,multiple_code_fences_used_longest,
qwen2.5-coder:32b,no_review,crn-012386,2884,581,unclosed_code_fence;near_num_predict_char_risk,multiple_code_fences_used_longest,
qwen2.5-coder:32b,no_review,crn-012253,1763,311,unclosed_code_fence,multiple_code_fences_used_longest,
qwen2.5-coder:32b,no_review,crn-010095,1951,220,unclosed_code_fence;near_num_predict_char_risk,multiple_code_fences_used_longest,
qwen2.5-coder:32b,no_review,crn-007295,2498,479,unclosed_code_fence;near_num_predict_char_risk,multiple_code_fences_used_longest,
qwen2.5-coder:32b,no_review,crn-011000,2077,432,near_num_predict_char_risk,multiple_code_fences_used_longest,
qwen2.5-coder:32b,no_review,crn-002198,1764,481,unclosed_code_fence,multiple_code_fences_used_longest,
qwen2.5-coder:32b,no_review,crn-004105,2176,617,unclosed_code_fence;near_num_predict_char_risk,multiple_code_fences_used_longest,
qwen2.5-coder:32b,no_review,crn-003607,1853,303,unclosed_code_fence;near_num_predict_char_risk,multiple_code_fences_used_longest,
qwen2.5-coder:32b,no_review,crn-012824,2381,598,unclosed_code_fence;near_num_predict_char_risk,multiple_code_fences_used_longest,
qwen2.5-coder:32b,no_review,crn-000092,1091,449,unclosed_code_fence,extracted_from_code_fence,
qwen2.5-coder:32b,no_review,crn-014180,2172,758,unclosed_code_fence;near_num_predict_char_risk,multiple_code_fences_used_longest,
qwen2.5-coder:32b,no_review,crn-010808,2351,147,unclosed_code_fence;near_num_predict_char_risk,multiple_code_fences_used_longest,
qwen2.5-coder:32b,no_review,crn-002432,2156,272,unclosed_code_fence;near_num_predict_char_risk,multiple_code_fences_used_longest,
qwen2.5-coder:32b,no_review,crn-011473,1709,951,unclosed_code_fence,extracted_from_code_fence,
qwen2.5-coder:32b,no_review,crn-006832,2018,511,unclosed_code_fence;near_num_predict_char_risk,multiple_code_fences_used_longest,
qwen2.5-coder:32b,no_review,crn-001201,2279,620,near_num_predict_char_risk,multiple_code_fences_used_longest,
qwen2.5-coder:32b,no_review,crn-013996,1697,282,unclosed_code_fence,multiple_code_fences_used_longest,
qwen2.5-coder:32b,no_review,crn-003702,2232,1063,unclosed_code_fence;near_num_predict_char_risk,extracted_from_code_fence,
qwen2.5-coder:32b,no_review,crn-003871,2586,261,unclosed_code_fence;near_num_predict_char_risk,multiple_code_fences_used_longest,
qwen2.5-coder:32b,no_review,crn-010430,2472,576,unclosed_code_fence;near_num_predict_char_risk,multiple_code_fences_used_longest,
qwen2.5-coder:32b,no_review,crn-004675,2282,220,near_num_predict_char_risk,multiple_code_fences_used_longest,
qwen2.5-coder:32b,no_review,crn-010854,1732,433,unclosed_code_fence,multiple_code_fences_used_longest,
qwen2.5-coder:32b,no_review,crn-012125,2303,156,unclosed_code_fence;near_num_predict_char_risk,multiple_code_fences_used_longest,
qwen2.5-coder:32b,no_review,crn-008428,2338,810,unclosed_code_fence;near_num_predict_char_risk,multiple_code_fences_used_longest,
qwen2.5-coder:32b,no_review,crn-004727,2108,291,unclosed_code_fence;near_num_predict_char_risk,multiple_code_fences_used_longest,
qwen2.5-coder:32b,no_review,crn-005008,2064,557,near_num_predict_char_risk,multiple_code_fences_used_longest,
qwen2.5-coder:32b,no_review,crn-009378,2044,623,unclosed_code_fence;near_num_predict_char_risk,multiple_code_fences_used_longest,
qwen2.5-coder:32b,no_review,crn-011161,2595,1276,unclosed_code_fence;near_num_predict_char_risk,extracted_from_code_fence,
qwen2.5-coder:32b,no_review,crn-006249,1988,691,unclosed_code_fence;near_num_predict_char_risk,multiple_code_fences_used_longest,
qwen2.5-coder:32b,no_review,crn-006930,1961,285,unclosed_code_fence;near_num_predict_char_risk,multiple_code_fences_used_longest,
qwen2.5-coder:32b,no_review,crn-004874,1707,490,unclosed_code_fence,multiple_code_fences_used_longest,
qwen2.5-coder:32b,no_review,crn-004950,1870,417,unclosed_code_fence;near_num_predict_char_risk,multiple_code_fences_used_longest,
qwen2.5-coder:32b,no_review,crn-014455,2315,330,unclosed_code_fence;near_num_predict_char_risk,multiple_code_fences_used_longest,
qwen2.5-coder:32b,no_review,crn-005173,2092,161,unclosed_code_fence;near_num_predict_char_risk,multiple_code_fences_used_longest,
qwen2.5-coder:32b,no_review,crn-005439,1943,210,unclosed_code_fence;near_num_predict_char_risk,multiple_code_fences_used_longest,
qwen2.5-coder:32b,no_review,crn-010945,2306,424,unclosed_code_fence;near_num_predict_char_risk,multiple_code_fences_used_longest,
qwen2.5-coder:32b,no_review,crn-006004,2228,1085,unclosed_code_fence;near_num_predict_char_risk,extracted_from_code_fence,
qwen2.5-coder:32b,no_review,crn-011317,1999,282,unclosed_code_fence;near_num_predict_char_risk,multiple_code_fences_used_longest,
qwen2.5-coder:32b,no_review,crn-013284,1686,339,unclosed_code_fence,multiple_code_fences_used_longest,
qwen2.5-coder:32b,no_review,crn-000027,2301,271,unclosed_code_fence;near_num_predict_char_risk,multiple_code_fences_used_longest,
qwen2.5-coder:32b,no_review,crn-011676,2239,754,unclosed_code_fence;near_num_predict_char_risk,multiple_code_fences_used_longest,
qwen2.5-coder:32b,no_review,crn-012955,2765,551,near_num_predict_char_risk,multiple_code_fences_used_longest,
qwen2.5-coder:32b,no_review,crn-013896,1898,295,unclosed_code_fence;near_num_predict_char_risk,multiple_code_fences_used_longest,
qwen2.5-coder:32b,no_review,crn-013450,2300,859,unclosed_code_fence;near_num_predict_char_risk,multiple_code_fences_used_longest,
qwen2.5-coder:32b,no_review,crn-012971,2311,475,unclosed_code_fence;near_num_predict_char_risk,multiple_code_fences_used_longest,
qwen2.5-coder:32b,no_review,crn-002624,1789,816,unclosed_code_fence,extracted_from_code_fence,
qwen2.5-coder:32b,no_review,crn-011038,2463,585,unclosed_code_fence;near_num_predict_char_risk,multiple_code_fences_used_longest,
qwen2.5-coder:32b,no_review,crn-005472,2415,785,unclosed_code_fence;near_num_predict_char_risk,multiple_code_fences_used_longest,
qwen2.5-coder:32b,no_review,crn-002547,2224,612,unclosed_code_fence;near_num_predict_char_risk,multiple_code_fences_used_longest,
qwen2.5-coder:32b,no_review,crn-010990,1895,281,unclosed_code_fence;near_num_predict_char_risk,multiple_code_fences_used_longest,
qwen2.5-coder:32b,no_review,crn-005899,2181,296,unclosed_code_fence;near_num_predict_char_risk,multiple_code_fences_used_longest,
qwen2.5-coder:32b,no_review,crn-014184,2731,598,unclosed_code_fence;near_num_predict_char_risk,multiple_code_fences_used_longest,
qwen2.5-coder:32b,no_review,crn-007084,2197,352,unclosed_code_fence;near_num_predict_char_risk,multiple_code_fences_used_longest,
qwen2.5-coder:32b,no_review,crn-006087,2157,650,unclosed_code_fence;near_num_predict_char_risk,multiple_code_fences_used_longest,
qwen2.5-coder:32b,no_review,crn-001241,2225,385,unclosed_code_fence;near_num_predict_char_risk,multiple_code_fences_used_longest,
qwen2.5-coder:32b,no_review,crn-007050,2607,1167,unclosed_code_fence;near_num_predict_char_risk,multiple_code_fences_used_longest,
qwen2.5-coder:32b,no_review,crn-004315,2732,350,near_num_predict_char_risk,multiple_code_fences_used_longest,
qwen2.5-coder:32b,no_review,crn-012705,1668,480,unclosed_code_fence,multiple_code_fences_used_longest,
qwen2.5-coder:32b,no_review,crn-005494,2301,374,unclosed_code_fence;near_num_predict_char_risk,multiple_code_fences_used_longest,
qwen2.5-coder:32b,no_review,crn-013936,2023,306,unclosed_code_fence;near_num_predict_char_risk,multiple_code_fences_used_longest,
qwen2.5-coder:32b,no_review,crn-008333,2268,460,unclosed_code_fence;near_num_predict_char_risk,multiple_code_fences_used_longest,
qwen2.5-coder:32b,no_review,crn-011327,2091,419,unclosed_code_fence;near_num_predict_char_risk,multiple_code_fences_used_longest,
qwen2.5-coder:32b,no_review,crn-003353,1732,486,unclosed_code_fence,multiple_code_fences_used_longest,
qwen2.5-coder:32b,no_review,crn-001710,1978,421,unclosed_code_fence;near_num_predict_char_risk,multiple_code_fences_used_longest,
qwen2.5-coder:32b,no_review,crn-008719,1936,381,unclosed_code_fence;near_num_predict_char_risk,multiple_code_fences_used_longest,
qwen2.5-coder:32b,no_review,crn-004986,2031,848,unclosed_code_fence;near_num_predict_char_risk,extracted_from_code_fence,
qwen2.5-coder:32b,no_review,crn-008953,1829,300,unclosed_code_fence;near_num_predict_char_risk,multiple_code_fences_used_longest,
qwen2.5-coder:32b,no_review,crn-004696,2039,174,near_num_predict_char_risk,multiple_code_fences_used_longest,
qwen2.5-coder:32b,no_review,crn-004025,2063,457,unclosed_code_fence;near_num_predict_char_risk,multiple_code_fences_used_longest,
qwen2.5-coder:32b,no_review,crn-008341,593,592,unclosed_code_fence,no_code_fence_used_raw_text,
qwen2.5-coder:32b,no_review,crn-001208,2447,342,unclosed_code_fence;near_num_predict_char_risk,multiple_code_fences_used_longest,
qwen2.5-coder:32b,no_review,crn-010235,2250,375,unclosed_code_fence;near_num_predict_char_risk,multiple_code_fences_used_longest,
qwen2.5-coder:32b,no_review,crn-007537,2872,550,unclosed_code_fence;near_num_predict_char_risk,multiple_code_fences_used_longest,
qwen2.5-coder:32b,no_review,crn-010635,2514,569,near_num_predict_char_risk,multiple_code_fences_used_longest,
qwen2.5-coder:32b,no_review,crn-002158,2497,321,near_num_predict_char_risk,multiple_code_fences_used_longest,
qwen2.5-coder:32b,no_review,crn-004375,2030,659,unclosed_code_fence;near_num_predict_char_risk,multiple_code_fences_used_longest,
qwen2.5-coder:32b,no_review,crn-003933,2255,646,near_num_predict_char_risk,multiple_code_fences_used_longest,
qwen2.5-coder:32b,no_review,crn-004296,2276,514,near_num_predict_char_risk,multiple_code_fences_used_longest,
qwen2.5-coder:32b,no_review,crn-005213,2157,572,unclosed_code_fence;near_num_predict_char_risk,multiple_code_fences_used_longest,
qwen2.5-coder:32b,no_review,crn-009794,2229,260,unclosed_code_fence;near_num_predict_char_risk,multiple_code_fences_used_longest,
qwen2.5-coder:32b,no_review,crn-014204,2093,1051,near_num_predict_char_risk,multiple_code_fences_used_longest,
qwen2.5-coder:32b,no_review,crn-003876,1876,446,unclosed_code_fence;near_num_predict_char_risk,multiple_code_fences_used_longest,
qwen2.5-coder:32b,no_review,crn-001129,2099,513,unclosed_code_fence;near_num_predict_char_risk,multiple_code_fences_used_longest,
qwen2.5-coder:32b,no_review,crn-008291,2505,304,unclosed_code_fence;near_num_predict_char_risk,multiple_code_fences_used_longest,
qwen2.5-coder:32b,no_review,crn-009625,2364,319,unclosed_code_fence;near_num_predict_char_risk,multiple_code_fences_used_longest,
qwen2.5-coder:32b,no_review,crn-001003,2597,1059,unclosed_code_fence;near_num_predict_char_risk,extracted_from_code_fence,
qwen2.5-coder:32b,no_review,crn-004891,2115,879,unclosed_code_fence;near_num_predict_char_risk,multiple_code_fences_used_longest,
qwen2.5-coder:32b,no_review,crn-008026,1642,290,unclosed_code_fence,multiple_code_fences_used_longest,
qwen2.5-coder:32b,no_review,crn-009159,2318,342,unclosed_code_fence;near_num_predict_char_risk,multiple_code_fences_used_longest,
qwen2.5-coder:32b,no_review,crn-006973,2153,267,unclosed_code_fence;near_num_predict_char_risk,multiple_code_fences_used_longest,
qwen2.5-coder:32b,no_review,crn-004700,2208,601,unclosed_code_fence;near_num_predict_char_risk,multiple_code_fences_used_longest,
qwen2.5-coder:32b,no_review,crn-007499,2596,527,near_num_predict_char_risk,multiple_code_fences_used_longest,
qwen2.5-coder:32b,no_review,crn-014250,2148,260,unclosed_code_fence;near_num_predict_char_risk,multiple_code_fences_used_longest,
qwen2.5-coder:32b,no_review,crn-007939,2452,564,unclosed_code_fence;near_num_predict_char_risk,multiple_code_fences_used_longest,
qwen2.5-coder:32b,no_review,crn-012415,2763,598,unclosed_code_fence;near_num_predict_char_risk,multiple_code_fences_used_longest,
qwen2.5-coder:32b,no_review,crn-000244,2657,884,unclosed_code_fence;near_num_predict_char_risk,multiple_code_fences_used_longest,
qwen2.5-coder:32b,no_review,crn-014196,2274,783,unclosed_code_fence;near_num_predict_char_risk,multiple_code_fences_used_longest,
qwen2.5-coder:32b,no_review,crn-004115,1897,509,unclosed_code_fence;near_num_predict_char_risk,multiple_code_fences_used_longest,
qwen2.5-coder:32b,no_review,crn-003023,1467,327,unclosed_code_fence,multiple_code_fences_used_longest,
qwen2.5-coder:32b,no_review,crn-008839,2162,236,near_num_predict_char_risk,multiple_code_fences_used_longest,
qwen2.5-coder:32b,no_review,crn-005591,2223,460,unclosed_code_fence;near_num_predict_char_risk,multiple_code_fences_used_longest,
qwen2.5-coder:32b,no_review,crn-006638,2010,533,unclosed_code_fence;near_num_predict_char_risk,multiple_code_fences_used_longest,
qwen2.5-coder:32b,no_review,crn-011096,2198,290,unclosed_code_fence;near_num_predict_char_risk,multiple_code_fences_used_longest,
qwen2.5-coder:32b,no_review,crn-014237,1697,21,unclosed_code_fence,extracted_from_code_fence,
qwen2.5-coder:32b,no_review,crn-000891,2408,425,unclosed_code_fence;near_num_predict_char_risk,multiple_code_fences_used_longest,
qwen2.5-coder:32b,no_review,crn-001557,2014,423,unclosed_code_fence;near_num_predict_char_risk,multiple_code_fences_used_longest,
qwen2.5-coder:32b,no_review,crn-002181,146,130,unclosed_code_fence,extracted_from_code_fence,
qwen2.5-coder:32b,no_review,crn-007793,2015,509,unclosed_code_fence;near_num_predict_char_risk,multiple_code_fences_used_longest,
qwen2.5-coder:32b,no_review,crn-008006,1656,386,unclosed_code_fence,multiple_code_fences_used_longest,
qwen2.5-coder:32b,no_review,crn-008476,2365,412,near_num_predict_char_risk,multiple_code_fences_used_longest,
qwen2.5-coder:32b,no_review,crn-005443,2137,374,unclosed_code_fence;near_num_predict_char_risk,multiple_code_fences_used_longest,
qwen2.5-coder:32b,no_review,crn-014167,2042,490,unclosed_code_fence;near_num_predict_char_risk,multiple_code_fences_used_longest,
qwen2.5-coder:32b,no_review,crn-001170,2378,268,unclosed_code_fence;near_num_predict_char_risk,multiple_code_fences_used_longest,
qwen2.5-coder:32b,no_review,crn-009695,2122,351,unclosed_code_fence;near_num_predict_char_risk,multiple_code_fences_used_longest,
qwen2.5-coder:32b,no_review,crn-001996,2689,238,unclosed_code_fence;near_num_predict_char_risk,multiple_code_fences_used_longest,
qwen2.5-coder:32b,no_review,crn-005137,1855,476,unclosed_code_fence;near_num_predict_char_risk,multiple_code_fences_used_longest,
qwen2.5-coder:32b,no_review,crn-011745,2252,378,unclosed_code_fence;near_num_predict_char_risk,multiple_code_fences_used_longest,
qwen2.5-coder:32b,no_review,crn-012443,2381,613,unclosed_code_fence;near_num_predict_char_risk,multiple_code_fences_used_longest,
qwen2.5-coder:32b,no_review,crn-008698,2056,434,unclosed_code_fence;near_num_predict_char_risk,multiple_code_fences_used_longest,
qwen2.5-coder:32b,no_review,crn-012530,2197,283,unclosed_code_fence;near_num_predict_char_risk,multiple_code_fences_used_longest,
qwen2.5-coder:32b,no_review,crn-008015,1847,569,near_num_predict_char_risk,multiple_code_fences_used_longest,
qwen2.5-coder:32b,no_review,crn-012059,2036,223,unclosed_code_fence;near_num_predict_char_risk,multiple_code_fences_used_longest,
qwen2.5-coder:32b,no_review,crn-009349,2168,319,unclosed_code_fence;near_num_predict_char_risk,multiple_code_fences_used_longest,
qwen2.5-coder:32b,no_review,crn-014471,1991,948,near_num_predict_char_risk,multiple_code_fences_used_longest,
qwen2.5-coder:32b,no_review,crn-013700,1980,474,near_num_predict_char_risk,multiple_code_fences_used_longest,
qwen2.5-coder:32b,no_review,crn-008058,2498,732,unclosed_code_fence;near_num_predict_char_risk,multiple_code_fences_used_longest,
qwen2.5-coder:32b,no_review,crn-005340,2240,621,unclosed_code_fence;near_num_predict_char_risk,multiple_code_fences_used_longest,
qwen2.5-coder:32b,no_review,crn-002663,490,386,unclosed_code_fence,extracted_from_code_fence,
qwen2.5-coder:32b,no_review,crn-008890,2162,812,unclosed_code_fence;near_num_predict_char_risk,multiple_code_fences_used_longest,
qwen2.5-coder:32b,no_review,crn-014775,1981,680,unclosed_code_fence;near_num_predict_char_risk,multiple_code_fences_used_longest,
qwen2.5-coder:32b,no_review,crn-014734,1898,783,near_num_predict_char_risk,multiple_code_fences_used_longest,
qwen2.5-coder:32b,no_review,crn-002944,577,576,unclosed_code_fence,no_code_fence_used_raw_text,
qwen2.5-coder:32b,no_review,crn-010302,2073,592,unclosed_code_fence;near_num_predict_char_risk,multiple_code_fences_used_longest,
qwen2.5-coder:32b,no_review,crn-008370,2397,402,unclosed_code_fence;near_num_predict_char_risk,multiple_code_fences_used_longest,
qwen2.5-coder:32b,no_review,crn-007478,1797,649,near_num_predict_char_risk,multiple_code_fences_used_longest,
qwen2.5-coder:32b,no_review,crn-000053,2113,870,near_num_predict_char_risk,multiple_code_fences_used_longest,
qwen2.5-coder:32b,no_review,crn-002606,1763,205,unclosed_code_fence,multiple_code_fences_used_longest,
qwen2.5-coder:32b,no_review,crn-005605,2608,691,unclosed_code_fence;near_num_predict_char_risk,multiple_code_fences_used_longest,
qwen2.5-coder:32b,no_review,crn-004395,2541,471,unclosed_code_fence;near_num_predict_char_risk,multiple_code_fences_used_longest,
qwen2.5-coder:32b,no_review,crn-011209,1618,178,unclosed_code_fence,multiple_code_fences_used_longest,
qwen2.5-coder:32b,no_review,crn-009820,2136,316,unclosed_code_fence;near_num_predict_char_risk,multiple_code_fences_used_longest,
qwen2.5-coder:32b,no_review,crn-006342,2179,342,unclosed_code_fence;near_num_predict_char_risk,multiple_code_fences_used_longest,
qwen2.5-coder:32b,no_review,crn-009828,1976,188,unclosed_code_fence;near_num_predict_char_risk,multiple_code_fences_used_longest,
qwen2.5-coder:32b,no_review,crn-011213,2541,288,unclosed_code_fence;near_num_predict_char_risk,multiple_code_fences_used_longest,
qwen2.5-coder:32b,no_review,crn-001810,2159,729,unclosed_code_fence;near_num_predict_char_risk,multiple_code_fences_used_longest,
qwen2.5-coder:32b,no_review,crn-014192,2116,561,unclosed_code_fence;near_num_predict_char_risk,multiple_code_fences_used_longest,
qwen2.5-coder:32b,no_review,crn-008138,2393,750,unclosed_code_fence;near_num_predict_char_risk,multiple_code_fences_used_longest,
qwen2.5-coder:32b,no_review,crn-004063,1929,788,unclosed_code_fence;near_num_predict_char_risk,extracted_from_code_fence,
qwen2.5-coder:32b,no_review,crn-007563,2391,883,unclosed_code_fence;near_num_predict_char_risk,multiple_code_fences_used_longest,
qwen2.5-coder:32b,no_review,crn-010592,1973,489,unclosed_code_fence;near_num_predict_char_risk,multiple_code_fences_used_longest,
qwen2.5-coder:32b,no_review,crn-006524,2062,314,unclosed_code_fence;near_num_predict_char_risk,multiple_code_fences_used_longest,
qwen2.5-coder:32b,no_review,crn-008232,2594,817,unclosed_code_fence;near_num_predict_char_risk,multiple_code_fences_used_longest,
qwen2.5-coder:32b,no_review,crn-005185,2177,311,near_num_predict_char_risk,multiple_code_fences_used_longest,
qwen2.5-coder:32b,no_review,crn-001089,1829,564,unclosed_code_fence;near_num_predict_char_risk,multiple_code_fences_used_longest,
qwen2.5-coder:32b,no_review,crn-005198,2152,529,unclosed_code_fence;near_num_predict_char_risk,multiple_code_fences_used_longest,
qwen2.5-coder:32b,no_review,crn-003774,1936,374,unclosed_code_fence;near_num_predict_char_risk,multiple_code_fences_used_longest,
qwen2.5-coder:32b,no_review,crn-006254,1901,349,unclosed_code_fence;near_num_predict_char_risk,multiple_code_fences_used_longest,
qwen2.5-coder:32b,no_review,crn-007619,2083,350,unclosed_code_fence;near_num_predict_char_risk,multiple_code_fences_used_longest,
qwen2.5-coder:32b,no_review,crn-002694,1833,175,unclosed_code_fence;near_num_predict_char_risk,multiple_code_fences_used_longest,
qwen2.5-coder:32b,no_review,crn-012014,2236,773,near_num_predict_char_risk,multiple_code_fences_used_longest,
qwen2.5-coder:32b,no_review,crn-005857,2316,425,unclosed_code_fence;near_num_predict_char_risk,multiple_code_fences_used_longest,
qwen2.5-coder:32b,no_review,crn-006014,1859,533,near_num_predict_char_risk,multiple_code_fences_used_longest,
qwen2.5-coder:32b,no_review,crn-001666,2283,439,unclosed_code_fence;near_num_predict_char_risk,multiple_code_fences_used_longest,
qwen2.5-coder:32b,no_review,crn-003837,2090,499,unclosed_code_fence;near_num_predict_char_risk,multiple_code_fences_used_longest,
qwen2.5-coder:32b,no_review,crn-010357,1541,688,unclosed_code_fence,extracted_from_code_fence,
qwen2.5-coder:32b,no_review,crn-013662,2041,417,unclosed_code_fence;near_num_predict_char_risk,multiple_code_fences_used_longest,
qwen2.5-coder:32b,no_review,crn-008838,2058,492,unclosed_code_fence;near_num_predict_char_risk,multiple_code_fences_used_longest,
qwen2.5-coder:32b,no_review,crn-005670,1775,350,unclosed_code_fence,multiple_code_fences_used_longest,
qwen2.5-coder:32b,no_review,crn-013959,2164,724,unclosed_code_fence;near_num_predict_char_risk,multiple_code_fences_used_longest,
qwen2.5-coder:32b,no_review,crn-001596,2466,449,unclosed_code_fence;near_num_predict_char_risk,multiple_code_fences_used_longest,
qwen2.5-coder:32b,no_review,crn-006262,1975,590,unclosed_code_fence;near_num_predict_char_risk,multiple_code_fences_used_longest,
qwen2.5-coder:32b,no_review,crn-001530,2642,422,unclosed_code_fence;near_num_predict_char_risk,multiple_code_fences_used_longest,
qwen2.5-coder:32b,no_review,crn-003549,530,282,unclosed_code_fence,extracted_from_code_fence,
qwen2.5-coder:32b,no_review,crn-002562,1913,221,unclosed_code_fence;near_num_predict_char_risk,multiple_code_fences_used_longest,
qwen2.5-coder:32b,no_review,crn-004578,2232,482,near_num_predict_char_risk,multiple_code_fences_used_longest,
qwen2.5-coder:32b,no_review,crn-002632,2022,370,unclosed_code_fence;near_num_predict_char_risk,multiple_code_fences_used_longest,
qwen2.5-coder:32b,no_review,crn-013332,1963,366,unclosed_code_fence;near_num_predict_char_risk,multiple_code_fences_used_longest,
qwen2.5-coder:32b,no_review,crn-007404,2169,348,unclosed_code_fence;near_num_predict_char_risk,multiple_code_fences_used_longest,
qwen2.5-coder:32b,no_review,crn-003633,2072,647,unclosed_code_fence;near_num_predict_char_risk,multiple_code_fences_used_longest,
qwen2.5-coder:32b,no_review,crn-011554,2226,334,unclosed_code_fence;near_num_predict_char_risk,multiple_code_fences_used_longest,
qwen2.5-coder:32b,no_review,crn-011796,2279,452,unclosed_code_fence;near_num_predict_char_risk,multiple_code_fences_used_longest,
qwen2.5-coder:32b,no_review,crn-008332,2347,651,unclosed_code_fence;near_num_predict_char_risk,multiple_code_fences_used_longest,
qwen2.5-coder:32b,no_review,crn-011151,2080,378,near_num_predict_char_risk,multiple_code_fences_used_longest,
qwen2.5-coder:32b,no_review,crn-004532,2120,400,unclosed_code_fence;near_num_predict_char_risk,multiple_code_fences_used_longest,
qwen2.5-coder:32b,no_review,crn-012218,2256,444,unclosed_code_fence;near_num_predict_char_risk,multiple_code_fences_used_longest,
qwen2.5-coder:32b,no_review,crn-001838,1760,533,unclosed_code_fence,multiple_code_fences_used_longest,
qwen2.5-coder:32b,direct,crn-012654,1809,244,unclosed_code_fence;near_num_predict_char_risk,multiple_code_fences_used_longest,
qwen2.5-coder:32b,direct,crn-001425,2418,591,unclosed_code_fence;near_num_predict_char_risk,multiple_code_fences_used_longest,
qwen2.5-coder:32b,direct,crn-002590,29,19,very_short_extracted_code,extracted_from_code_fence,
qwen2.5-coder:32b,direct,crn-004207,2471,466,near_num_predict_char_risk,multiple_code_fences_used_longest,
qwen2.5-coder:32b,direct,crn-007808,2083,1390,unclosed_code_fence;near_num_predict_char_risk,extracted_from_code_fence,
qwen2.5-coder:32b,direct,crn-008949,1892,290,unclosed_code_fence;near_num_predict_char_risk,multiple_code_fences_used_longest,
qwen2.5-coder:32b,direct,crn-012783,2179,490,unclosed_code_fence;near_num_predict_char_risk,multiple_code_fences_used_longest,
qwen2.5-coder:32b,direct,crn-005286,2109,290,unclosed_code_fence;near_num_predict_char_risk,multiple_code_fences_used_longest,
qwen2.5-coder:32b,direct,crn-004391,2564,2563,unclosed_code_fence;near_num_predict_char_risk,no_code_fence_used_raw_text,
qwen2.5-coder:32b,direct,crn-001103,760,279,unclosed_code_fence,extracted_from_code_fence,
qwen2.5-coder:32b,direct,crn-010075,2004,226,unclosed_code_fence;near_num_predict_char_risk,multiple_code_fences_used_longest,
qwen2.5-coder:32b,direct,crn-010103,2457,1040,unclosed_code_fence;near_num_predict_char_risk,extracted_from_code_fence,
qwen2.5-coder:32b,direct,crn-002299,1910,322,unclosed_code_fence;near_num_predict_char_risk,multiple_code_fences_used_longest,
qwen2.5-coder:32b,direct,crn-005542,1736,739,unclosed_code_fence,multiple_code_fences_used_longest,
qwen2.5-coder:32b,direct,crn-013663,1894,415,unclosed_code_fence;near_num_predict_char_risk,multiple_code_fences_used_longest,
qwen2.5-coder:32b,direct,crn-007324,2371,637,unclosed_code_fence;near_num_predict_char_risk,multiple_code_fences_used_longest,
qwen2.5-coder:32b,direct,crn-009790,2286,410,unclosed_code_fence;near_num_predict_char_risk,multiple_code_fences_used_longest,
qwen2.5-coder:32b,direct,crn-004961,2089,782,unclosed_code_fence;near_num_predict_char_risk,extracted_from_code_fence,
qwen2.5-coder:32b,direct,crn-010611,1962,1268,unclosed_code_fence;near_num_predict_char_risk,extracted_from_code_fence,
qwen2.5-coder:32b,direct,crn-009380,2055,332,unclosed_code_fence;near_num_predict_char_risk,multiple_code_fences_used_longest,
qwen2.5-coder:32b,direct,crn-001858,2584,530,unclosed_code_fence;near_num_predict_char_risk,multiple_code_fences_used_longest,
qwen2.5-coder:32b,direct,crn-009980,1869,893,near_num_predict_char_risk,multiple_code_fences_used_longest,
qwen2.5-coder:32b,direct,crn-005318,1815,460,unclosed_code_fence;near_num_predict_char_risk,multiple_code_fences_used_longest,
qwen2.5-coder:32b,direct,crn-012003,2066,689,unclosed_code_fence;near_num_predict_char_risk,multiple_code_fences_used_longest,
qwen2.5-coder:32b,direct,crn-002655,1218,238,unclosed_code_fence,multiple_code_fences_used_longest,
qwen2.5-coder:32b,direct,crn-014785,2083,938,unclosed_code_fence;near_num_predict_char_risk,multiple_code_fences_used_longest,
qwen2.5-coder:32b,direct,crn-004817,2507,491,unclosed_code_fence;near_num_predict_char_risk,multiple_code_fences_used_longest,
qwen2.5-coder:32b,direct,crn-014627,2126,715,unclosed_code_fence;near_num_predict_char_risk,multiple_code_fences_used_longest,
qwen2.5-coder:32b,direct,crn-006057,710,709,unclosed_code_fence,no_code_fence_used_raw_text,
qwen2.5-coder:32b,direct,crn-005620,3319,516,near_num_predict_char_risk,multiple_code_fences_used_longest,
qwen2.5-coder:32b,direct,crn-010833,1832,404,unclosed_code_fence;near_num_predict_char_risk,multiple_code_fences_used_longest,
qwen2.5-coder:32b,direct,crn-008037,1647,230,unclosed_code_fence,multiple_code_fences_used_longest,
qwen2.5-coder:32b,direct,crn-007141,2278,262,unclosed_code_fence;near_num_predict_char_risk,multiple_code_fences_used_longest,
qwen2.5-coder:32b,direct,crn-008987,2293,765,unclosed_code_fence;near_num_predict_char_risk,multiple_code_fences_used_longest,
qwen2.5-coder:32b,direct,crn-005601,2635,773,unclosed_code_fence;near_num_predict_char_risk,multiple_code_fences_used_longest,
qwen2.5-coder:32b,direct,crn-006519,2094,335,unclosed_code_fence;near_num_predict_char_risk,multiple_code_fences_used_longest,
qwen2.5-coder:32b,direct,crn-001327,2257,266,unclosed_code_fence;near_num_predict_char_risk,multiple_code_fences_used_longest,
qwen2.5-coder:32b,direct,crn-013404,606,68,unclosed_code_fence,extracted_from_code_fence,
qwen2.5-coder:32b,direct,crn-003007,1685,693,unclosed_code_fence,multiple_code_fences_used_longest,
qwen2.5-coder:32b,direct,crn-002668,1540,426,unclosed_code_fence,multiple_code_fences_used_longest,
qwen2.5-coder:32b,direct,crn-001595,2162,428,unclosed_code_fence;near_num_predict_char_risk,multiple_code_fences_used_longest,
qwen2.5-coder:32b,direct,crn-004916,1828,593,unclosed_code_fence;near_num_predict_char_risk,multiple_code_fences_used_longest,
qwen2.5-coder:32b,direct,crn-003763,1880,471,near_num_predict_char_risk,multiple_code_fences_used_longest,
qwen2.5-coder:32b,direct,crn-011440,2172,426,near_num_predict_char_risk,multiple_code_fences_used_longest,
qwen2.5-coder:32b,direct,crn-008038,1500,279,unclosed_code_fence,multiple_code_fences_used_longest,
qwen2.5-coder:32b,direct,crn-001159,1864,300,near_num_predict_char_risk,multiple_code_fences_used_longest,
qwen2.5-coder:32b,direct,crn-002111,2374,717,near_num_predict_char_risk,multiple_code_fences_used_longest,
qwen2.5-coder:32b,direct,crn-007991,1480,162,unclosed_code_fence,multiple_code_fences_used_longest,
qwen2.5-coder:32b,direct,crn-005872,2155,217,unclosed_code_fence;near_num_predict_char_risk,multiple_code_fences_used_longest,
qwen2.5-coder:32b,direct,crn-002778,1577,415,unclosed_code_fence,multiple_code_fences_used_longest,
qwen2.5-coder:32b,direct,crn-007902,1677,535,unclosed_code_fence,multiple_code_fences_used_longest,
qwen2.5-coder:32b,direct,crn-011814,2287,426,unclosed_code_fence;near_num_predict_char_risk,multiple_code_fences_used_longest,
qwen2.5-coder:32b,direct,crn-011781,339,339,unclosed_code_fence,no_code_fence_used_raw_text,
qwen2.5-coder:32b,direct,crn-004093,2163,335,unclosed_code_fence;near_num_predict_char_risk,multiple_code_fences_used_longest,
qwen2.5-coder:32b,direct,crn-011344,2088,754,unclosed_code_fence;near_num_predict_char_risk,multiple_code_fences_used_longest,
qwen2.5-coder:32b,direct,crn-008847,2328,425,near_num_predict_char_risk,multiple_code_fences_used_longest,
qwen2.5-coder:32b,direct,crn-011143,1998,1709,unclosed_code_fence;near_num_predict_char_risk,extracted_from_code_fence,
qwen2.5-coder:32b,direct,crn-007880,2011,348,unclosed_code_fence;near_num_predict_char_risk,multiple_code_fences_used_longest,
qwen2.5-coder:32b,direct,crn-011254,1096,193,unclosed_code_fence,multiple_code_fences_used_longest,
qwen2.5-coder:32b,direct,crn-004752,1875,377,unclosed_code_fence;near_num_predict_char_risk,multiple_code_fences_used_longest,
qwen2.5-coder:32b,direct,crn-007809,1917,549,unclosed_code_fence;near_num_predict_char_risk,multiple_code_fences_used_longest,
qwen2.5-coder:32b,direct,crn-014500,1846,682,near_num_predict_char_risk,multiple_code_fences_used_longest,
qwen2.5-coder:32b,direct,crn-013661,1938,462,unclosed_code_fence;near_num_predict_char_risk,multiple_code_fences_used_longest,
qwen2.5-coder:32b,direct,crn-006422,2255,257,unclosed_code_fence;near_num_predict_char_risk,multiple_code_fences_used_longest,
qwen2.5-coder:32b,direct,crn-008179,2461,811,unclosed_code_fence;near_num_predict_char_risk,multiple_code_fences_used_longest,
qwen2.5-coder:32b,direct,crn-003461,1807,506,unclosed_code_fence;near_num_predict_char_risk,multiple_code_fences_used_longest,
qwen2.5-coder:32b,direct,crn-008018,1794,698,unclosed_code_fence;near_num_predict_char_risk,multiple_code_fences_used_longest,
qwen2.5-coder:32b,direct,crn-007011,1998,1844,unclosed_code_fence;near_num_predict_char_risk,extracted_from_code_fence,
qwen2.5-coder:32b,direct,crn-013068,2052,509,unclosed_code_fence;near_num_predict_char_risk,multiple_code_fences_used_longest,
qwen2.5-coder:32b,direct,crn-000013,2274,339,unclosed_code_fence;near_num_predict_char_risk,multiple_code_fences_used_longest,
qwen2.5-coder:32b,direct,crn-011726,1806,429,unclosed_code_fence;near_num_predict_char_risk,multiple_code_fences_used_longest,
qwen2.5-coder:32b,direct,crn-010721,50,49,unclosed_code_fence,no_code_fence_used_raw_text,
qwen2.5-coder:32b,direct,crn-008177,2427,540,unclosed_code_fence;near_num_predict_char_risk,multiple_code_fences_used_longest,
qwen2.5-coder:32b,direct,crn-008127,2413,555,unclosed_code_fence;near_num_predict_char_risk,multiple_code_fences_used_longest,
qwen2.5-coder:32b,direct,crn-004024,1962,375,unclosed_code_fence;near_num_predict_char_risk,multiple_code_fences_used_longest,
qwen2.5-coder:32b,direct,crn-011262,2058,443,unclosed_code_fence;near_num_predict_char_risk,multiple_code_fences_used_longest,
qwen2.5-coder:32b,direct,crn-010667,1394,455,unclosed_code_fence,multiple_code_fences_used_longest,
qwen2.5-coder:32b,direct,crn-000740,2176,541,unclosed_code_fence;near_num_predict_char_risk,multiple_code_fences_used_longest,
qwen2.5-coder:32b,direct,crn-001351,2420,677,unclosed_code_fence;near_num_predict_char_risk,multiple_code_fences_used_longest,
qwen2.5-coder:32b,direct,crn-004655,1947,491,near_num_predict_char_risk,multiple_code_fences_used_longest,
qwen2.5-coder:32b,direct,crn-000510,3001,480,unclosed_code_fence;near_num_predict_char_risk,multiple_code_fences_used_longest,
qwen2.5-coder:32b,direct,crn-003188,1951,650,unclosed_code_fence;near_num_predict_char_risk,multiple_code_fences_used_longest,
qwen2.5-coder:32b,direct,crn-002216,2062,128,unclosed_code_fence;near_num_predict_char_risk,multiple_code_fences_used_longest,
qwen2.5-coder:32b,direct,crn-001623,3246,404,unclosed_code_fence;near_num_predict_char_risk,multiple_code_fences_used_longest,
qwen2.5-coder:32b,direct,crn-000593,2651,403,unclosed_code_fence;near_num_predict_char_risk,multiple_code_fences_used_longest,
qwen2.5-coder:32b,direct,crn-001518,295,276,unclosed_code_fence,extracted_from_code_fence,
qwen2.5-coder:32b,direct,crn-010491,2130,553,unclosed_code_fence;near_num_predict_char_risk,multiple_code_fences_used_longest,
qwen2.5-coder:32b,direct,crn-008345,2622,511,unclosed_code_fence;near_num_predict_char_risk,multiple_code_fences_used_longest,
qwen2.5-coder:32b,direct,crn-010938,2229,359,unclosed_code_fence;near_num_predict_char_risk,multiple_code_fences_used_longest,
qwen2.5-coder:32b,direct,crn-005911,1819,599,unclosed_code_fence;near_num_predict_char_risk,multiple_code_fences_used_longest,
qwen2.5-coder:32b,direct,crn-008426,2467,495,unclosed_code_fence;near_num_predict_char_risk,multiple_code_fences_used_longest,
qwen2.5-coder:32b,direct,crn-001217,385,250,unclosed_code_fence,multiple_code_fences_used_longest,
qwen2.5-coder:32b,direct,crn-010279,2091,257,unclosed_code_fence;near_num_predict_char_risk,multiple_code_fences_used_longest,
qwen2.5-coder:32b,direct,crn-002462,200,18,very_short_extracted_code,extracted_from_code_fence,
qwen2.5-coder:32b,direct,crn-004585,1818,928,unclosed_code_fence;near_num_predict_char_risk,multiple_code_fences_used_longest,
qwen2.5-coder:32b,direct,crn-008603,2046,497,unclosed_code_fence;near_num_predict_char_risk,multiple_code_fences_used_longest,
qwen2.5-coder:32b,direct,crn-007106,1958,1248,near_num_predict_char_risk,multiple_code_fences_used_longest,
qwen2.5-coder:32b,direct,crn-009651,2393,504,unclosed_code_fence;near_num_predict_char_risk,multiple_code_fences_used_longest,
qwen2.5-coder:32b,direct,crn-007002,1930,234,near_num_predict_char_risk,multiple_code_fences_used_longest,
qwen2.5-coder:32b,direct,crn-002905,1444,677,unclosed_code_fence,multiple_code_fences_used_longest,
qwen2.5-coder:32b,direct,crn-014786,2289,695,unclosed_code_fence;near_num_predict_char_risk,multiple_code_fences_used_longest,
qwen2.5-coder:32b,direct,crn-013433,2428,1209,unclosed_code_fence;near_num_predict_char_risk,multiple_code_fences_used_longest,
qwen2.5-coder:32b,direct,crn-012754,2305,391,unclosed_code_fence;near_num_predict_char_risk,multiple_code_fences_used_longest,
qwen2.5-coder:32b,direct,crn-008445,2189,997,near_num_predict_char_risk,multiple_code_fences_used_longest,
qwen2.5-coder:32b,direct,crn-013664,1892,462,unclosed_code_fence;near_num_predict_char_risk,multiple_code_fences_used_longest,
qwen2.5-coder:32b,direct,crn-005672,1961,430,unclosed_code_fence;near_num_predict_char_risk,multiple_code_fences_used_longest,
qwen2.5-coder:32b,direct,crn-005572,2114,625,unclosed_code_fence;near_num_predict_char_risk,multiple_code_fences_used_longest,
qwen2.5-coder:32b,direct,crn-000010,2160,569,unclosed_code_fence;near_num_predict_char_risk,multiple_code_fences_used_longest,
qwen2.5-coder:32b,direct,crn-008715,2046,430,near_num_predict_char_risk,multiple_code_fences_used_longest,
qwen2.5-coder:32b,direct,crn-005225,1981,234,unclosed_code_fence;near_num_predict_char_risk,multiple_code_fences_used_longest,
qwen2.5-coder:32b,direct,crn-014356,305,304,unclosed_code_fence,no_code_fence_used_raw_text,
qwen2.5-coder:32b,direct,crn-009575,2687,379,unclosed_code_fence;near_num_predict_char_risk,multiple_code_fences_used_longest,
qwen2.5-coder:32b,direct,crn-014781,2379,388,unclosed_code_fence;near_num_predict_char_risk,multiple_code_fences_used_longest,
qwen2.5-coder:32b,direct,crn-004528,2301,548,unclosed_code_fence;near_num_predict_char_risk,multiple_code_fences_used_longest,
qwen2.5-coder:32b,direct,crn-004544,2160,700,unclosed_code_fence;near_num_predict_char_risk,multiple_code_fences_used_longest,
qwen2.5-coder:32b,direct,crn-009235,1924,849,unclosed_code_fence;near_num_predict_char_risk,multiple_code_fences_used_longest,
qwen2.5-coder:32b,direct,crn-004956,1833,344,near_num_predict_char_risk,multiple_code_fences_used_longest,
qwen2.5-coder:32b,direct,crn-001730,2353,451,unclosed_code_fence;near_num_predict_char_risk,multiple_code_fences_used_longest,
qwen2.5-coder:32b,direct,crn-012656,1924,830,unclosed_code_fence;near_num_predict_char_risk,extracted_from_code_fence,
qwen2.5-coder:32b,direct,crn-013049,2418,292,unclosed_code_fence;near_num_predict_char_risk,multiple_code_fences_used_longest,
qwen2.5-coder:32b,direct,crn-004127,1909,332,unclosed_code_fence;near_num_predict_char_risk,multiple_code_fences_used_longest,
qwen2.5-coder:32b,direct,crn-009735,2138,393,unclosed_code_fence;near_num_predict_char_risk,multiple_code_fences_used_longest,
qwen2.5-coder:32b,direct,crn-004420,2340,382,near_num_predict_char_risk,multiple_code_fences_used_longest,
qwen2.5-coder:32b,direct,crn-011380,1881,644,unclosed_code_fence;near_num_predict_char_risk,multiple_code_fences_used_longest,
qwen2.5-coder:32b,direct,crn-005028,1847,818,unclosed_code_fence;near_num_predict_char_risk,multiple_code_fences_used_longest,
qwen2.5-coder:32b,direct,crn-009858,2193,440,unclosed_code_fence;near_num_predict_char_risk,multiple_code_fences_used_longest,
qwen2.5-coder:32b,direct,crn-005939,2575,691,unclosed_code_fence;near_num_predict_char_risk,multiple_code_fences_used_longest,
qwen2.5-coder:32b,direct,crn-003058,1908,232,unclosed_code_fence;near_num_predict_char_risk,multiple_code_fences_used_longest,
qwen2.5-coder:32b,direct,crn-012884,2597,383,unclosed_code_fence;near_num_predict_char_risk,multiple_code_fences_used_longest,
qwen2.5-coder:32b,direct,crn-008878,2421,804,unclosed_code_fence;near_num_predict_char_risk,multiple_code_fences_used_longest,
qwen2.5-coder:32b,direct,crn-006775,1934,497,unclosed_code_fence;near_num_predict_char_risk,multiple_code_fences_used_longest,
qwen2.5-coder:32b,direct,crn-008480,2651,1949,unclosed_code_fence;near_num_predict_char_risk,extracted_from_code_fence,
qwen2.5-coder:32b,direct,crn-004284,2208,402,near_num_predict_char_risk,multiple_code_fences_used_longest,
qwen2.5-coder:32b,direct,crn-006928,2066,429,unclosed_code_fence;near_num_predict_char_risk,multiple_code_fences_used_longest,
qwen2.5-coder:32b,direct,crn-012275,2059,414,unclosed_code_fence;near_num_predict_char_risk,multiple_code_fences_used_longest,
qwen2.5-coder:32b,direct,crn-007590,3001,455,unclosed_code_fence;near_num_predict_char_risk,multiple_code_fences_used_longest,
qwen2.5-coder:32b,direct,crn-007797,2053,669,near_num_predict_char_risk,multiple_code_fences_used_longest,
qwen2.5-coder:32b,direct,crn-006105,1472,1471,unclosed_code_fence,no_code_fence_used_raw_text,
qwen2.5-coder:32b,direct,crn-007120,1683,77,unclosed_code_fence,multiple_code_fences_used_longest,
qwen2.5-coder:32b,direct,crn-008978,2034,442,unclosed_code_fence;near_num_predict_char_risk,multiple_code_fences_used_longest,
qwen2.5-coder:32b,direct,crn-001496,2199,331,unclosed_code_fence;near_num_predict_char_risk,multiple_code_fences_used_longest,
qwen2.5-coder:32b,direct,crn-001532,2354,236,unclosed_code_fence;near_num_predict_char_risk,multiple_code_fences_used_longest,
qwen2.5-coder:32b,direct,crn-003277,1880,537,near_num_predict_char_risk,multiple_code_fences_used_longest,
qwen2.5-coder:32b,direct,crn-000134,2714,797,unclosed_code_fence;near_num_predict_char_risk,multiple_code_fences_used_longest,
qwen2.5-coder:32b,direct,crn-013078,1526,406,unclosed_code_fence,multiple_code_fences_used_longest,
qwen2.5-coder:32b,direct,crn-009884,2150,249,unclosed_code_fence;near_num_predict_char_risk,multiple_code_fences_used_longest,
qwen2.5-coder:32b,direct,crn-013739,2041,171,unclosed_code_fence;near_num_predict_char_risk,multiple_code_fences_used_longest,
qwen2.5-coder:32b,direct,crn-009974,2024,986,unclosed_code_fence;near_num_predict_char_risk,extracted_from_code_fence,
qwen2.5-coder:32b,direct,crn-014606,437,436,unclosed_code_fence,no_code_fence_used_raw_text,
qwen2.5-coder:32b,direct,crn-013610,2408,558,unclosed_code_fence;near_num_predict_char_risk,multiple_code_fences_used_longest,
qwen2.5-coder:32b,direct,crn-008174,2007,1032,near_num_predict_char_risk,multiple_code_fences_used_longest,
qwen2.5-coder:32b,direct,crn-008894,1651,655,unclosed_code_fence,multiple_code_fences_used_longest,
qwen2.5-coder:32b,direct,crn-010088,1982,557,unclosed_code_fence;near_num_predict_char_risk,multiple_code_fences_used_longest,
qwen2.5-coder:32b,direct,crn-007054,1950,316,unclosed_code_fence;near_num_predict_char_risk,multiple_code_fences_used_longest,
qwen2.5-coder:32b,direct,crn-004472,2543,509,unclosed_code_fence;near_num_predict_char_risk,multiple_code_fences_used_longest,
qwen2.5-coder:32b,direct,crn-011980,2270,711,unclosed_code_fence;near_num_predict_char_risk,multiple_code_fences_used_longest,
qwen2.5-coder:32b,direct,crn-004458,2532,678,unclosed_code_fence;near_num_predict_char_risk,multiple_code_fences_used_longest,
qwen2.5-coder:32b,direct,crn-009438,2016,477,unclosed_code_fence;near_num_predict_char_risk,multiple_code_fences_used_longest,
qwen2.5-coder:32b,direct,crn-012446,2298,832,near_num_predict_char_risk,multiple_code_fences_used_longest,
qwen2.5-coder:32b,direct,crn-004692,2321,409,near_num_predict_char_risk,multiple_code_fences_used_longest,
qwen2.5-coder:32b,direct,crn-002417,852,372,unclosed_code_fence,extracted_from_code_fence,
qwen2.5-coder:32b,direct,crn-011235,2203,260,unclosed_code_fence;near_num_predict_char_risk,multiple_code_fences_used_longest,
qwen2.5-coder:32b,direct,crn-006269,1923,474,unclosed_code_fence;near_num_predict_char_risk,multiple_code_fences_used_longest,
qwen2.5-coder:32b,direct,crn-008682,1803,489,unclosed_code_fence;near_num_predict_char_risk,multiple_code_fences_used_longest,
qwen2.5-coder:32b,direct,crn-009712,2591,487,unclosed_code_fence;near_num_predict_char_risk,multiple_code_fences_used_longest,
qwen2.5-coder:32b,direct,crn-007768,2284,492,unclosed_code_fence;near_num_predict_char_risk,multiple_code_fences_used_longest,
qwen2.5-coder:32b,direct,crn-001255,2287,375,unclosed_code_fence;near_num_predict_char_risk,multiple_code_fences_used_longest,
qwen2.5-coder:32b,direct,crn-011998,1877,1317,unclosed_code_fence;near_num_predict_char_risk,extracted_from_code_fence,
qwen2.5-coder:32b,direct,crn-012475,2226,677,unclosed_code_fence;near_num_predict_char_risk,multiple_code_fences_used_longest,
qwen2.5-coder:32b,direct,crn-007246,2537,257,unclosed_code_fence;near_num_predict_char_risk,multiple_code_fences_used_longest,
qwen2.5-coder:32b,direct,crn-010150,2392,563,near_num_predict_char_risk,multiple_code_fences_used_longest,
qwen2.5-coder:32b,direct,crn-008509,2337,419,unclosed_code_fence;near_num_predict_char_risk,multiple_code_fences_used_longest,
qwen2.5-coder:32b,direct,crn-012259,2132,1020,unclosed_code_fence;near_num_predict_char_risk,extracted_from_code_fence,
qwen2.5-coder:32b,direct,crn-000167,2480,721,unclosed_code_fence;near_num_predict_char_risk,multiple_code_fences_used_longest,
qwen2.5-coder:32b,direct,crn-007725,2021,405,unclosed_code_fence;near_num_predict_char_risk,multiple_code_fences_used_longest,
qwen2.5-coder:32b,direct,crn-013654,1938,462,unclosed_code_fence;near_num_predict_char_risk,multiple_code_fences_used_longest,
qwen2.5-coder:32b,direct,crn-011526,2527,556,unclosed_code_fence;near_num_predict_char_risk,multiple_code_fences_used_longest,
qwen2.5-coder:32b,direct,crn-001753,2309,369,unclosed_code_fence;near_num_predict_char_risk,multiple_code_fences_used_longest,
qwen2.5-coder:32b,direct,crn-008980,1946,1210,unclosed_code_fence;near_num_predict_char_risk,extracted_from_code_fence,
qwen2.5-coder:32b,direct,crn-002283,371,312,unclosed_code_fence,extracted_from_code_fence,
qwen2.5-coder:32b,direct,crn-013660,1892,462,unclosed_code_fence;near_num_predict_char_risk,multiple_code_fences_used_longest,
qwen2.5-coder:32b,direct,crn-010616,2013,371,unclosed_code_fence;near_num_predict_char_risk,multiple_code_fences_used_longest,
qwen2.5-coder:32b,direct,crn-000526,2808,400,unclosed_code_fence;near_num_predict_char_risk,multiple_code_fences_used_longest,
qwen2.5-coder:32b,direct,crn-002191,2487,1299,unclosed_code_fence;near_num_predict_char_risk,extracted_from_code_fence,
qwen2.5-coder:32b,direct,crn-001424,2414,681,unclosed_code_fence;near_num_predict_char_risk,multiple_code_fences_used_longest,
qwen2.5-coder:32b,direct,crn-010218,2516,748,near_num_predict_char_risk,multiple_code_fences_used_longest,
qwen2.5-coder:32b,direct,crn-002861,2071,283,unclosed_code_fence;near_num_predict_char_risk,multiple_code_fences_used_longest,
qwen2.5-coder:32b,direct,crn-000530,2689,379,unclosed_code_fence;near_num_predict_char_risk,multiple_code_fences_used_longest,
qwen2.5-coder:32b,direct,crn-010664,2094,403,unclosed_code_fence;near_num_predict_char_risk,multiple_code_fences_used_longest,
qwen2.5-coder:32b,direct,crn-012075,1891,582,unclosed_code_fence;near_num_predict_char_risk,multiple_code_fences_used_longest,
qwen2.5-coder:32b,direct,crn-004706,2021,436,near_num_predict_char_risk,multiple_code_fences_used_longest,
qwen2.5-coder:32b,direct,crn-009711,2428,572,unclosed_code_fence;near_num_predict_char_risk,multiple_code_fences_used_longest,
qwen2.5-coder:32b,direct,crn-011451,1792,600,unclosed_code_fence;near_num_predict_char_risk,multiple_code_fences_used_longest,
qwen2.5-coder:32b,direct,crn-010192,1907,197,unclosed_code_fence;near_num_predict_char_risk,multiple_code_fences_used_longest,
qwen2.5-coder:32b,direct,crn-000503,2577,690,unclosed_code_fence;near_num_predict_char_risk,multiple_code_fences_used_longest,
qwen2.5-coder:32b,direct,crn-004308,1992,297,near_num_predict_char_risk,multiple_code_fences_used_longest,
qwen2.5-coder:32b,direct,crn-004937,2062,479,near_num_predict_char_risk,multiple_code_fences_used_longest,
qwen2.5-coder:32b,direct,crn-012665,2204,305,unclosed_code_fence;near_num_predict_char_risk,multiple_code_fences_used_longest,
qwen2.5-coder:32b,direct,crn-011923,2280,429,unclosed_code_fence;near_num_predict_char_risk,multiple_code_fences_used_longest,
qwen2.5-coder:32b,direct,crn-013549,2455,622,unclosed_code_fence;near_num_predict_char_risk,multiple_code_fences_used_longest,
qwen2.5-coder:32b,direct,crn-009094,2100,301,near_num_predict_char_risk,multiple_code_fences_used_longest,
qwen2.5-coder:32b,direct,crn-014227,2295,565,unclosed_code_fence;near_num_predict_char_risk,multiple_code_fences_used_longest,
qwen2.5-coder:32b,direct,crn-009205,2026,311,unclosed_code_fence;near_num_predict_char_risk,multiple_code_fences_used_longest,
qwen2.5-coder:32b,direct,crn-009881,2150,249,unclosed_code_fence;near_num_predict_char_risk,multiple_code_fences_used_longest,
qwen2.5-coder:32b,direct,crn-013478,2277,452,unclosed_code_fence;near_num_predict_char_risk,multiple_code_fences_used_longest,
qwen2.5-coder:32b,direct,crn-006936,2295,314,unclosed_code_fence;near_num_predict_char_risk,multiple_code_fences_used_longest,
qwen2.5-coder:32b,direct,crn-014075,1641,777,unclosed_code_fence,extracted_from_code_fence,
qwen2.5-coder:32b,direct,crn-012001,2097,347,unclosed_code_fence;near_num_predict_char_risk,multiple_code_fences_used_longest,
qwen2.5-coder:32b,direct,crn-008379,2243,575,unclosed_code_fence;near_num_predict_char_risk,multiple_code_fences_used_longest,
qwen2.5-coder:32b,direct,crn-011290,486,205,unclosed_code_fence,extracted_from_code_fence,
qwen2.5-coder:32b,direct,crn-008948,1934,557,unclosed_code_fence;near_num_predict_char_risk,multiple_code_fences_used_longest,
qwen2.5-coder:32b,direct,crn-007846,2036,540,unclosed_code_fence;near_num_predict_char_risk,multiple_code_fences_used_longest,
qwen2.5-coder:32b,direct,crn-001344,2137,327,unclosed_code_fence;near_num_predict_char_risk,multiple_code_fences_used_longest,
qwen2.5-coder:32b,direct,crn-011135,2119,585,near_num_predict_char_risk,multiple_code_fences_used_longest,
qwen2.5-coder:32b,direct,crn-001865,2189,521,unclosed_code_fence;near_num_predict_char_risk,multiple_code_fences_used_longest,
qwen2.5-coder:32b,direct,crn-009149,2286,671,unclosed_code_fence;near_num_predict_char_risk,multiple_code_fences_used_longest,
qwen2.5-coder:32b,direct,crn-014574,2102,803,unclosed_code_fence;near_num_predict_char_risk,multiple_code_fences_used_longest,
qwen2.5-coder:32b,direct,crn-004275,2049,410,unclosed_code_fence;near_num_predict_char_risk,multiple_code_fences_used_longest,
qwen2.5-coder:32b,direct,crn-004397,2498,424,near_num_predict_char_risk,multiple_code_fences_used_longest,
qwen2.5-coder:32b,direct,crn-001971,2416,406,unclosed_code_fence;near_num_predict_char_risk,multiple_code_fences_used_longest,
qwen2.5-coder:32b,direct,crn-005544,1798,731,unclosed_code_fence;near_num_predict_char_risk,multiple_code_fences_used_longest,
qwen2.5-coder:32b,direct,crn-008248,2474,355,unclosed_code_fence;near_num_predict_char_risk,multiple_code_fences_used_longest,
qwen2.5-coder:32b,direct,crn-011865,1687,339,unclosed_code_fence,multiple_code_fences_used_longest,
qwen2.5-coder:32b,direct,crn-002006,2412,685,unclosed_code_fence;near_num_predict_char_risk,multiple_code_fences_used_longest,
qwen2.5-coder:32b,direct,crn-002900,1858,338,near_num_predict_char_risk,multiple_code_fences_used_longest,
qwen2.5-coder:32b,direct,crn-005526,2116,846,unclosed_code_fence;near_num_predict_char_risk,multiple_code_fences_used_longest,
qwen2.5-coder:32b,direct,crn-014883,2339,504,unclosed_code_fence;near_num_predict_char_risk,multiple_code_fences_used_longest,
qwen2.5-coder:32b,direct,crn-002850,2146,312,unclosed_code_fence;near_num_predict_char_risk,multiple_code_fences_used_longest,
qwen2.5-coder:32b,direct,crn-002415,2385,275,unclosed_code_fence;near_num_predict_char_risk,multiple_code_fences_used_longest,
qwen2.5-coder:32b,direct,crn-007822,1935,254,unclosed_code_fence;near_num_predict_char_risk,multiple_code_fences_used_longest,
qwen2.5-coder:32b,direct,crn-002660,1692,365,unclosed_code_fence,multiple_code_fences_used_longest,
qwen2.5-coder:32b,direct,crn-013016,1869,893,near_num_predict_char_risk,multiple_code_fences_used_longest,
qwen2.5-coder:32b,direct,crn-009554,1910,707,unclosed_code_fence;near_num_predict_char_risk,multiple_code_fences_used_longest,
qwen2.5-coder:32b,direct,crn-004894,2128,479,unclosed_code_fence;near_num_predict_char_risk,multiple_code_fences_used_longest,
qwen2.5-coder:32b,direct,crn-005086,1386,195,unclosed_code_fence,multiple_code_fences_used_longest,
qwen2.5-coder:32b,direct,crn-005871,1887,156,near_num_predict_char_risk,multiple_code_fences_used_longest,
qwen2.5-coder:32b,direct,crn-005363,2217,529,unclosed_code_fence;near_num_predict_char_risk,multiple_code_fences_used_longest,
qwen2.5-coder:32b,direct,crn-009018,2157,543,unclosed_code_fence;near_num_predict_char_risk,multiple_code_fences_used_longest,
qwen2.5-coder:32b,direct,crn-008929,2239,277,unclosed_code_fence;near_num_predict_char_risk,multiple_code_fences_used_longest,
qwen2.5-coder:32b,direct,crn-014918,2408,306,unclosed_code_fence;near_num_predict_char_risk,multiple_code_fences_used_longest,
qwen2.5-coder:32b,direct,crn-000267,2384,890,unclosed_code_fence;near_num_predict_char_risk,multiple_code_fences_used_longest,
qwen2.5-coder:32b,direct,crn-011792,2307,639,unclosed_code_fence;near_num_predict_char_risk,multiple_code_fences_used_longest,
qwen2.5-coder:32b,direct,crn-013545,2098,670,unclosed_code_fence;near_num_predict_char_risk,multiple_code_fences_used_longest,
qwen2.5-coder:32b,direct,crn-000224,2653,554,unclosed_code_fence;near_num_predict_char_risk,multiple_code_fences_used_longest,
qwen2.5-coder:32b,direct,crn-004819,1861,398,unclosed_code_fence;near_num_predict_char_risk,multiple_code_fences_used_longest,
qwen2.5-coder:32b,direct,crn-000942,2023,200,unclosed_code_fence;near_num_predict_char_risk,multiple_code_fences_used_longest,
qwen2.5-coder:32b,direct,crn-004582,2100,450,unclosed_code_fence;near_num_predict_char_risk,multiple_code_fences_used_longest,
qwen2.5-coder:32b,direct,crn-004463,2316,421,near_num_predict_char_risk,multiple_code_fences_used_longest,
qwen2.5-coder:32b,direct,crn-005982,2092,726,unclosed_code_fence;near_num_predict_char_risk,multiple_code_fences_used_longest,
qwen2.5-coder:32b,direct,crn-006196,2378,302,unclosed_code_fence;near_num_predict_char_risk,multiple_code_fences_used_longest,
qwen2.5-coder:32b,direct,crn-011983,2030,736,unclosed_code_fence;near_num_predict_char_risk,multiple_code_fences_used_longest,
qwen2.5-coder:32b,direct,crn-011333,2041,787,unclosed_code_fence;near_num_predict_char_risk,multiple_code_fences_used_longest,
qwen2.5-coder:32b,direct,crn-010982,2482,420,unclosed_code_fence;near_num_predict_char_risk,multiple_code_fences_used_longest,
qwen2.5-coder:32b,direct,crn-013319,1381,1380,unclosed_code_fence,no_code_fence_used_raw_text,
qwen2.5-coder:32b,direct,crn-002060,2514,446,unclosed_code_fence;near_num_predict_char_risk,multiple_code_fences_used_longest,
qwen2.5-coder:32b,direct,crn-009335,1806,350,unclosed_code_fence;near_num_predict_char_risk,multiple_code_fences_used_longest,
qwen2.5-coder:32b,direct,crn-000182,1256,221,unclosed_code_fence,multiple_code_fences_used_longest,
qwen2.5-coder:32b,direct,crn-008352,2694,722,unclosed_code_fence;near_num_predict_char_risk,multiple_code_fences_used_longest,
qwen2.5-coder:32b,direct,crn-011900,2370,249,unclosed_code_fence;near_num_predict_char_risk,multiple_code_fences_used_longest,
qwen2.5-coder:32b,direct,crn-013719,2561,470,unclosed_code_fence;near_num_predict_char_risk,multiple_code_fences_used_longest,
qwen2.5-coder:32b,direct,crn-001546,2257,639,unclosed_code_fence;near_num_predict_char_risk,multiple_code_fences_used_longest,
qwen2.5-coder:32b,direct,crn-014435,2440,234,unclosed_code_fence;near_num_predict_char_risk,multiple_code_fences_used_longest,
qwen2.5-coder:32b,direct,crn-006641,2340,801,unclosed_code_fence;near_num_predict_char_risk,multiple_code_fences_used_longest,
qwen2.5-coder:32b,direct,crn-005770,1622,350,unclosed_code_fence,multiple_code_fences_used_longest,
qwen2.5-coder:32b,direct,crn-002939,2562,264,near_num_predict_char_risk,multiple_code_fences_used_longest,
qwen2.5-coder:32b,direct,crn-010106,1822,572,unclosed_code_fence;near_num_predict_char_risk,multiple_code_fences_used_longest,
qwen2.5-coder:32b,direct,crn-004465,2237,606,unclosed_code_fence;near_num_predict_char_risk,multiple_code_fences_used_longest,
qwen2.5-coder:32b,direct,crn-012188,3151,646,unclosed_code_fence;near_num_predict_char_risk,multiple_code_fences_used_longest,
qwen2.5-coder:32b,direct,crn-012487,2450,302,unclosed_code_fence;near_num_predict_char_risk,multiple_code_fences_used_longest,
qwen2.5-coder:32b,direct,crn-013690,2434,312,unclosed_code_fence;near_num_predict_char_risk,multiple_code_fences_used_longest,
qwen2.5-coder:32b,direct,crn-000750,3645,728,unclosed_code_fence;near_num_predict_char_risk,multiple_code_fences_used_longest,
qwen2.5-coder:32b,direct,crn-010261,1988,335,unclosed_code_fence;near_num_predict_char_risk,multiple_code_fences_used_longest,
qwen2.5-coder:32b,direct,crn-011228,1909,362,unclosed_code_fence;near_num_predict_char_risk,multiple_code_fences_used_longest,
qwen2.5-coder:32b,direct,crn-005122,2100,271,unclosed_code_fence;near_num_predict_char_risk,multiple_code_fences_used_longest,
qwen2.5-coder:32b,direct,crn-010917,2006,583,unclosed_code_fence;near_num_predict_char_risk,multiple_code_fences_used_longest,
qwen2.5-coder:32b,direct,crn-000767,2534,1140,unclosed_code_fence;near_num_predict_char_risk,multiple_code_fences_used_longest,
qwen2.5-coder:32b,direct,crn-003140,2526,861,unclosed_code_fence;near_num_predict_char_risk,multiple_code_fences_used_longest,
qwen2.5-coder:32b,direct,crn-007576,2439,456,near_num_predict_char_risk,multiple_code_fences_used_longest,
qwen2.5-coder:32b,direct,crn-001056,2152,564,unclosed_code_fence;near_num_predict_char_risk,multiple_code_fences_used_longest,
qwen2.5-coder:32b,direct,crn-006104,1464,1459,unclosed_code_fence,no_code_fence_used_raw_text,
qwen2.5-coder:32b,direct,crn-001573,702,683,unclosed_code_fence,extracted_from_code_fence,
qwen2.5-coder:32b,direct,crn-013017,1869,893,near_num_predict_char_risk,multiple_code_fences_used_longest,
qwen2.5-coder:32b,direct,crn-002189,2127,828,unclosed_code_fence;near_num_predict_char_risk,multiple_code_fences_used_longest,
qwen2.5-coder:32b,direct,crn-005931,2280,687,unclosed_code_fence;near_num_predict_char_risk,multiple_code_fences_used_longest,
qwen2.5-coder:32b,direct,crn-004194,2383,729,unclosed_code_fence;near_num_predict_char_risk,multiple_code_fences_used_longest,
qwen2.5-coder:32b,direct,crn-005214,2008,597,unclosed_code_fence;near_num_predict_char_risk,multiple_code_fences_used_longest,
qwen2.5-coder:32b,direct,crn-001561,31,17,very_short_extracted_code,extracted_from_code_fence,
qwen2.5-coder:32b,direct,crn-014843,2112,290,unclosed_code_fence;near_num_predict_char_risk,multiple_code_fences_used_longest,
qwen2.5-coder:32b,direct,crn-001735,2631,768,unclosed_code_fence;near_num_predict_char_risk,multiple_code_fences_used_longest,
qwen2.5-coder:32b,direct,crn-007481,2890,572,unclosed_code_fence;near_num_predict_char_risk,multiple_code_fences_used_longest,
qwen2.5-coder:32b,direct,crn-007392,2539,555,unclosed_code_fence;near_num_predict_char_risk,multiple_code_fences_used_longest,
qwen2.5-coder:32b,direct,crn-008346,2232,2223,unclosed_code_fence;near_num_predict_char_risk,no_code_fence_used_raw_text,
qwen2.5-coder:32b,direct,crn-004177,1607,1606,unclosed_code_fence,no_code_fence_used_raw_text,
qwen2.5-coder:32b,direct,crn-000472,2467,398,unclosed_code_fence;near_num_predict_char_risk,multiple_code_fences_used_longest,
qwen2.5-coder:32b,direct,crn-002005,2391,562,unclosed_code_fence;near_num_predict_char_risk,multiple_code_fences_used_longest,
qwen2.5-coder:32b,direct,crn-002799,2161,283,unclosed_code_fence;near_num_predict_char_risk,multiple_code_fences_used_longest,
qwen2.5-coder:32b,direct,crn-005354,2748,369,unclosed_code_fence;near_num_predict_char_risk,multiple_code_fences_used_longest,
qwen2.5-coder:32b,direct,crn-005570,2102,205,unclosed_code_fence;near_num_predict_char_risk,multiple_code_fences_used_longest,
qwen2.5-coder:32b,direct,crn-011968,651,285,unclosed_code_fence,extracted_from_code_fence,
qwen2.5-coder:32b,direct,crn-010598,2197,1034,unclosed_code_fence;near_num_predict_char_risk,multiple_code_fences_used_longest,
qwen2.5-coder:32b,direct,crn-005631,2492,543,unclosed_code_fence;near_num_predict_char_risk,multiple_code_fences_used_longest,
qwen2.5-coder:32b,direct,crn-011729,2157,363,unclosed_code_fence;near_num_predict_char_risk,multiple_code_fences_used_longest,
qwen2.5-coder:32b,direct,crn-008290,2298,267,unclosed_code_fence;near_num_predict_char_risk,multiple_code_fences_used_longest,
qwen2.5-coder:32b,direct,crn-001462,2590,790,unclosed_code_fence;near_num_predict_char_risk,multiple_code_fences_used_longest,
qwen2.5-coder:32b,direct,crn-010281,2160,927,unclosed_code_fence;near_num_predict_char_risk,multiple_code_fences_used_longest,
qwen2.5-coder:32b,direct,crn-005274,2114,414,unclosed_code_fence;near_num_predict_char_risk,multiple_code_fences_used_longest,
qwen2.5-coder:32b,direct,crn-000345,2524,310,unclosed_code_fence;near_num_predict_char_risk,multiple_code_fences_used_longest,
qwen2.5-coder:32b,direct,crn-004453,2336,228,unclosed_code_fence;near_num_predict_char_risk,multiple_code_fences_used_longest,
qwen2.5-coder:32b,direct,crn-007625,1694,194,unclosed_code_fence,multiple_code_fences_used_longest,
qwen2.5-coder:32b,direct,crn-009352,2013,366,unclosed_code_fence;near_num_predict_char_risk,multiple_code_fences_used_longest,
qwen2.5-coder:32b,direct,crn-005858,1824,360,unclosed_code_fence;near_num_predict_char_risk,multiple_code_fences_used_longest,
qwen2.5-coder:32b,direct,crn-005524,2129,846,unclosed_code_fence;near_num_predict_char_risk,multiple_code_fences_used_longest,
qwen2.5-coder:32b,direct,crn-003189,2011,591,unclosed_code_fence;near_num_predict_char_risk,multiple_code_fences_used_longest,
qwen2.5-coder:32b,direct,crn-006693,2080,983,unclosed_code_fence;near_num_predict_char_risk,multiple_code_fences_used_longest,
qwen2.5-coder:32b,direct,crn-011375,2047,525,unclosed_code_fence;near_num_predict_char_risk,multiple_code_fences_used_longest,
qwen2.5-coder:32b,direct,crn-014650,2554,209,near_num_predict_char_risk,multiple_code_fences_used_longest,
qwen2.5-coder:32b,direct,crn-004942,2153,222,unclosed_code_fence;near_num_predict_char_risk,multiple_code_fences_used_longest,
qwen2.5-coder:32b,direct,crn-008259,2429,661,unclosed_code_fence;near_num_predict_char_risk,multiple_code_fences_used_longest,
qwen2.5-coder:32b,direct,crn-013758,2183,444,unclosed_code_fence;near_num_predict_char_risk,multiple_code_fences_used_longest,
qwen2.5-coder:32b,direct,crn-010482,1820,951,unclosed_code_fence;near_num_predict_char_risk,extracted_from_code_fence,
qwen2.5-coder:32b,direct,crn-001037,1702,688,unclosed_code_fence,extracted_from_code_fence,
qwen2.5-coder:32b,direct,crn-004561,691,690,unclosed_code_fence,no_code_fence_used_raw_text,
qwen2.5-coder:32b,direct,crn-012345,1543,364,unclosed_code_fence,multiple_code_fences_used_longest,
qwen2.5-coder:32b,direct,crn-006292,1805,1309,unclosed_code_fence;near_num_predict_char_risk,extracted_from_code_fence,
qwen2.5-coder:32b,direct,crn-008620,1852,463,unclosed_code_fence;near_num_predict_char_risk,multiple_code_fences_used_longest,
qwen2.5-coder:32b,direct,crn-006037,2024,461,unclosed_code_fence;near_num_predict_char_risk,multiple_code_fences_used_longest,
qwen2.5-coder:32b,direct,crn-009431,1929,570,unclosed_code_fence;near_num_predict_char_risk,multiple_code_fences_used_longest,
qwen2.5-coder:32b,direct,crn-012803,1950,267,unclosed_code_fence;near_num_predict_char_risk,multiple_code_fences_used_longest,
qwen2.5-coder:32b,direct,crn-005089,2169,253,near_num_predict_char_risk,multiple_code_fences_used_longest,
qwen2.5-coder:32b,direct,crn-014897,2031,784,unclosed_code_fence;near_num_predict_char_risk,multiple_code_fences_used_longest,
qwen2.5-coder:32b,direct,crn-004587,1829,686,unclosed_code_fence;near_num_predict_char_risk,multiple_code_fences_used_longest,
qwen2.5-coder:32b,direct,crn-002327,1507,281,unclosed_code_fence,multiple_code_fences_used_longest,
qwen2.5-coder:32b,direct,crn-005280,2031,524,unclosed_code_fence;near_num_predict_char_risk,multiple_code_fences_used_longest,
qwen2.5-coder:32b,direct,crn-007239,2546,397,near_num_predict_char_risk,multiple_code_fences_used_longest,
qwen2.5-coder:32b,direct,crn-008140,2271,884,unclosed_code_fence;near_num_predict_char_risk,multiple_code_fences_used_longest,
qwen2.5-coder:32b,direct,crn-014924,2248,1022,near_num_predict_char_risk,multiple_code_fences_used_longest,
qwen2.5-coder:32b,direct,crn-007049,2559,1197,unclosed_code_fence;near_num_predict_char_risk,multiple_code_fences_used_longest,
qwen2.5-coder:32b,direct,crn-004947,2285,385,unclosed_code_fence;near_num_predict_char_risk,multiple_code_fences_used_longest,
qwen2.5-coder:32b,direct,crn-005550,2138,336,unclosed_code_fence;near_num_predict_char_risk,multiple_code_fences_used_longest,
qwen2.5-coder:32b,direct,crn-013735,2342,204,near_num_predict_char_risk,multiple_code_fences_used_longest,
qwen2.5-coder:32b,direct,crn-000364,2638,382,unclosed_code_fence;near_num_predict_char_risk,multiple_code_fences_used_longest,
qwen2.5-coder:32b,direct,crn-009072,1570,1569,unclosed_code_fence,no_code_fence_used_raw_text,
qwen2.5-coder:32b,direct,crn-012712,2041,347,unclosed_code_fence;near_num_predict_char_risk,multiple_code_fences_used_longest,
qwen2.5-coder:32b,direct,crn-002392,1839,535,unclosed_code_fence;near_num_predict_char_risk,multiple_code_fences_used_longest,
qwen2.5-coder:32b,direct,crn-006847,1862,466,near_num_predict_char_risk,multiple_code_fences_used_longest,
qwen2.5-coder:32b,direct,crn-011571,2217,978,unclosed_code_fence;near_num_predict_char_risk,multiple_code_fences_used_longest,
qwen2.5-coder:32b,direct,crn-000410,2149,492,unclosed_code_fence;near_num_predict_char_risk,multiple_code_fences_used_longest,
qwen2.5-coder:32b,direct,crn-001501,2234,388,unclosed_code_fence;near_num_predict_char_risk,multiple_code_fences_used_longest,
qwen2.5-coder:32b,direct,crn-013158,2029,831,unclosed_code_fence;near_num_predict_char_risk,multiple_code_fences_used_longest,
qwen2.5-coder:32b,direct,crn-002585,1998,266,unclosed_code_fence;near_num_predict_char_risk,multiple_code_fences_used_longest,
qwen2.5-coder:32b,direct,crn-012726,2638,484,unclosed_code_fence;near_num_predict_char_risk,multiple_code_fences_used_longest,
qwen2.5-coder:32b,direct,crn-009981,1869,893,near_num_predict_char_risk,multiple_code_fences_used_longest,
qwen2.5-coder:32b,direct,crn-008811,2226,646,unclosed_code_fence;near_num_predict_char_risk,multiple_code_fences_used_longest,
qwen2.5-coder:32b,direct,crn-002539,2075,438,unclosed_code_fence;near_num_predict_char_risk,multiple_code_fences_used_longest,
qwen2.5-coder:32b,direct,crn-008205,2829,566,unclosed_code_fence;near_num_predict_char_risk,multiple_code_fences_used_longest,
qwen2.5-coder:32b,direct,crn-003622,2216,682,unclosed_code_fence;near_num_predict_char_risk,multiple_code_fences_used_longest,
qwen2.5-coder:32b,direct,crn-000879,2453,856,unclosed_code_fence;near_num_predict_char_risk,multiple_code_fences_used_longest,
qwen2.5-coder:32b,direct,crn-011483,2038,404,near_num_predict_char_risk,multiple_code_fences_used_longest,
qwen2.5-coder:32b,direct,crn-005471,1857,441,unclosed_code_fence;near_num_predict_char_risk,multiple_code_fences_used_longest,
qwen2.5-coder:32b,direct,crn-012925,2006,296,unclosed_code_fence;near_num_predict_char_risk,multiple_code_fences_used_longest,
qwen2.5-coder:32b,direct,crn-011342,2140,378,unclosed_code_fence;near_num_predict_char_risk,multiple_code_fences_used_longest,
qwen2.5-coder:32b,direct,crn-006288,1450,1449,unclosed_code_fence,no_code_fence_used_raw_text,
qwen2.5-coder:32b,direct,crn-005223,1874,379,unclosed_code_fence;near_num_predict_char_risk,multiple_code_fences_used_longest,
qwen2.5-coder:32b,direct,crn-007186,232,214,unclosed_code_fence,extracted_from_code_fence,
qwen2.5-coder:32b,direct,crn-007574,2613,685,unclosed_code_fence;near_num_predict_char_risk,multiple_code_fences_used_longest,
qwen2.5-coder:32b,direct,crn-009867,2642,562,unclosed_code_fence;near_num_predict_char_risk,multiple_code_fences_used_longest,
qwen2.5-coder:32b,direct,crn-002487,1949,362,unclosed_code_fence;near_num_predict_char_risk,multiple_code_fences_used_longest,
qwen2.5-coder:32b,direct,crn-009650,2379,532,near_num_predict_char_risk,multiple_code_fences_used_longest,
qwen2.5-coder:32b,direct,crn-007219,1717,620,unclosed_code_fence,multiple_code_fences_used_longest,
qwen2.5-coder:32b,direct,crn-000164,2605,418,unclosed_code_fence;near_num_predict_char_risk,multiple_code_fences_used_longest,
qwen2.5-coder:32b,direct,crn-007064,1980,263,unclosed_code_fence;near_num_predict_char_risk,multiple_code_fences_used_longest,
qwen2.5-coder:32b,direct,crn-005573,1970,285,unclosed_code_fence;near_num_predict_char_risk,multiple_code_fences_used_longest,
qwen2.5-coder:32b,direct,crn-013012,2212,844,unclosed_code_fence;near_num_predict_char_risk,multiple_code_fences_used_longest,
qwen2.5-coder:32b,direct,crn-007029,1819,397,unclosed_code_fence;near_num_predict_char_risk,multiple_code_fences_used_longest,
qwen2.5-coder:32b,direct,crn-000793,2627,754,unclosed_code_fence;near_num_predict_char_risk,multiple_code_fences_used_longest,
qwen2.5-coder:32b,direct,crn-012005,2202,1015,unclosed_code_fence;near_num_predict_char_risk,multiple_code_fences_used_longest,
qwen2.5-coder:32b,direct,crn-009382,2130,500,unclosed_code_fence;near_num_predict_char_risk,multiple_code_fences_used_longest,
qwen2.5-coder:32b,direct,crn-012892,2032,237,unclosed_code_fence;near_num_predict_char_risk,multiple_code_fences_used_longest,
qwen2.5-coder:32b,direct,crn-010014,782,673,unclosed_code_fence,extracted_from_code_fence,
qwen2.5-coder:32b,direct,crn-005952,2230,316,unclosed_code_fence;near_num_predict_char_risk,multiple_code_fences_used_longest,
qwen2.5-coder:32b,direct,crn-005754,1893,182,unclosed_code_fence;near_num_predict_char_risk,multiple_code_fences_used_longest,
qwen2.5-coder:32b,direct,crn-006453,2143,457,unclosed_code_fence;near_num_predict_char_risk,multiple_code_fences_used_longest,
qwen2.5-coder:32b,direct,crn-013291,2446,632,unclosed_code_fence;near_num_predict_char_risk,multiple_code_fences_used_longest,
qwen2.5-coder:32b,direct,crn-007959,1774,556,unclosed_code_fence,multiple_code_fences_used_longest,
qwen2.5-coder:32b,direct,crn-000238,2507,381,unclosed_code_fence;near_num_predict_char_risk,multiple_code_fences_used_longest,
qwen2.5-coder:32b,direct,crn-006890,2086,916,near_num_predict_char_risk,multiple_code_fences_used_longest,
qwen2.5-coder:32b,direct,crn-012346,1542,455,unclosed_code_fence,multiple_code_fences_used_longest,
qwen2.5-coder:32b,direct,crn-001555,275,275,unclosed_code_fence,no_code_fence_used_raw_text,
qwen2.5-coder:32b,direct,crn-011321,1893,508,unclosed_code_fence;near_num_predict_char_risk,multiple_code_fences_used_longest,
qwen2.5-coder:32b,direct,crn-004779,2142,662,near_num_predict_char_risk,multiple_code_fences_used_longest,
qwen2.5-coder:32b,direct,crn-013542,2438,571,unclosed_code_fence;near_num_predict_char_risk,multiple_code_fences_used_longest,
qwen2.5-coder:32b,direct,crn-009886,2150,249,unclosed_code_fence;near_num_predict_char_risk,multiple_code_fences_used_longest,
qwen2.5-coder:32b,direct,crn-007216,2082,402,unclosed_code_fence;near_num_predict_char_risk,multiple_code_fences_used_longest,
qwen2.5-coder:32b,direct,crn-009269,1971,528,unclosed_code_fence;near_num_predict_char_risk,multiple_code_fences_used_longest,
qwen2.5-coder:32b,direct,crn-001599,2406,433,near_num_predict_char_risk,multiple_code_fences_used_longest,
qwen2.5-coder:32b,direct,crn-009022,1969,581,unclosed_code_fence;near_num_predict_char_risk,multiple_code_fences_used_longest,
qwen2.5-coder:32b,direct,crn-013392,2311,303,unclosed_code_fence;near_num_predict_char_risk,multiple_code_fences_used_longest,
qwen2.5-coder:32b,direct,crn-010700,2157,471,unclosed_code_fence;near_num_predict_char_risk,multiple_code_fences_used_longest,
qwen2.5-coder:32b,direct,crn-004678,1668,515,unclosed_code_fence,multiple_code_fences_used_longest,
qwen2.5-coder:32b,direct,crn-001443,2689,595,unclosed_code_fence;near_num_predict_char_risk,multiple_code_fences_used_longest,
qwen2.5-coder:32b,direct,crn-013558,1814,563,unclosed_code_fence;near_num_predict_char_risk,multiple_code_fences_used_longest,
qwen2.5-coder:32b,direct,crn-002974,2073,241,unclosed_code_fence;near_num_predict_char_risk,multiple_code_fences_used_longest,
qwen2.5-coder:32b,direct,crn-005533,2014,434,unclosed_code_fence;near_num_predict_char_risk,multiple_code_fences_used_longest,
qwen2.5-coder:32b,direct,crn-014402,1812,480,unclosed_code_fence;near_num_predict_char_risk,multiple_code_fences_used_longest,
qwen2.5-coder:32b,direct,crn-008930,2300,1374,unclosed_code_fence;near_num_predict_char_risk,extracted_from_code_fence,
qwen2.5-coder:32b,direct,crn-002833,1673,297,unclosed_code_fence,multiple_code_fences_used_longest,
qwen2.5-coder:32b,direct,crn-009009,1833,238,unclosed_code_fence;near_num_predict_char_risk,multiple_code_fences_used_longest,
qwen2.5-coder:32b,direct,crn-002350,385,368,unclosed_code_fence,extracted_from_code_fence,
qwen2.5-coder:32b,direct,crn-014339,2311,627,unclosed_code_fence;near_num_predict_char_risk,multiple_code_fences_used_longest,
qwen2.5-coder:32b,direct,crn-011196,2037,265,unclosed_code_fence;near_num_predict_char_risk,multiple_code_fences_used_longest,
qwen2.5-coder:32b,direct,crn-005322,2168,412,near_num_predict_char_risk,multiple_code_fences_used_longest,
qwen2.5-coder:32b,direct,crn-008916,1961,482,unclosed_code_fence;near_num_predict_char_risk,multiple_code_fences_used_longest,
qwen2.5-coder:32b,direct,crn-002857,1716,240,unclosed_code_fence,multiple_code_fences_used_longest,
qwen2.5-coder:32b,direct,crn-009774,2074,339,unclosed_code_fence;near_num_predict_char_risk,multiple_code_fences_used_longest,
qwen2.5-coder:32b,direct,crn-011543,2225,350,unclosed_code_fence;near_num_predict_char_risk,multiple_code_fences_used_longest,
qwen2.5-coder:32b,direct,crn-012365,2433,282,unclosed_code_fence;near_num_predict_char_risk,multiple_code_fences_used_longest,
qwen2.5-coder:32b,direct,crn-002906,1521,579,unclosed_code_fence,multiple_code_fences_used_longest,
qwen2.5-coder:32b,direct,crn-008879,1861,699,unclosed_code_fence;near_num_predict_char_risk,multiple_code_fences_used_longest,
qwen2.5-coder:32b,direct,crn-010155,2281,722,unclosed_code_fence;near_num_predict_char_risk,multiple_code_fences_used_longest,
qwen2.5-coder:32b,direct,crn-006961,1697,179,unclosed_code_fence,multiple_code_fences_used_longest,
qwen2.5-coder:32b,direct,crn-002224,2088,441,unclosed_code_fence;near_num_predict_char_risk,multiple_code_fences_used_longest,
qwen2.5-coder:32b,direct,crn-007946,1926,1200,unclosed_code_fence;near_num_predict_char_risk,extracted_from_code_fence,
qwen2.5-coder:32b,direct,crn-013705,2615,866,unclosed_code_fence;near_num_predict_char_risk,multiple_code_fences_used_longest,
qwen2.5-coder:32b,direct,crn-004601,1896,598,unclosed_code_fence;near_num_predict_char_risk,multiple_code_fences_used_longest,
qwen2.5-coder:32b,direct,crn-000712,2395,404,unclosed_code_fence;near_num_predict_char_risk,multiple_code_fences_used_longest,
qwen2.5-coder:32b,direct,crn-014926,2316,1395,unclosed_code_fence;near_num_predict_char_risk,extracted_from_code_fence,
qwen2.5-coder:32b,direct,crn-014846,2519,927,unclosed_code_fence;near_num_predict_char_risk,multiple_code_fences_used_longest,
qwen2.5-coder:32b,direct,crn-014295,2486,524,unclosed_code_fence;near_num_predict_char_risk,multiple_code_fences_used_longest,
qwen2.5-coder:32b,direct,crn-000037,2626,544,unclosed_code_fence;near_num_predict_char_risk,multiple_code_fences_used_longest,
qwen2.5-coder:32b,direct,crn-000311,2323,192,unclosed_code_fence;near_num_predict_char_risk,multiple_code_fences_used_longest,
qwen2.5-coder:32b,direct,crn-004904,2009,229,unclosed_code_fence;near_num_predict_char_risk,multiple_code_fences_used_longest,
qwen2.5-coder:32b,direct,crn-007262,1865,563,unclosed_code_fence;near_num_predict_char_risk,multiple_code_fences_used_longest,
qwen2.5-coder:32b,direct,crn-009152,2337,291,near_num_predict_char_risk,multiple_code_fences_used_longest,
qwen2.5-coder:32b,direct,crn-000159,2541,343,unclosed_code_fence;near_num_predict_char_risk,multiple_code_fences_used_longest,
qwen2.5-coder:32b,direct,crn-005474,2034,468,unclosed_code_fence;near_num_predict_char_risk,multiple_code_fences_used_longest,
qwen2.5-coder:32b,direct,crn-005378,1830,548,near_num_predict_char_risk,multiple_code_fences_used_longest,
qwen2.5-coder:32b,direct,crn-011164,2473,412,unclosed_code_fence;near_num_predict_char_risk,multiple_code_fences_used_longest,
qwen2.5-coder:32b,direct,crn-005498,2619,267,unclosed_code_fence;near_num_predict_char_risk,multiple_code_fences_used_longest,
qwen2.5-coder:32b,direct,crn-001069,2487,359,unclosed_code_fence;near_num_predict_char_risk,multiple_code_fences_used_longest,
qwen2.5-coder:32b,direct,crn-000711,2575,400,near_num_predict_char_risk,multiple_code_fences_used_longest,
qwen2.5-coder:32b,direct,crn-006886,2103,390,unclosed_code_fence;near_num_predict_char_risk,multiple_code_fences_used_longest,
qwen2.5-coder:32b,direct,crn-004897,2068,461,unclosed_code_fence;near_num_predict_char_risk,multiple_code_fences_used_longest,
qwen2.5-coder:32b,direct,crn-007675,2922,691,near_num_predict_char_risk,multiple_code_fences_used_longest,
qwen2.5-coder:32b,direct,crn-013674,2348,683,unclosed_code_fence;near_num_predict_char_risk,multiple_code_fences_used_longest,
qwen2.5-coder:32b,direct,crn-005371,2818,904,unclosed_code_fence;near_num_predict_char_risk,multiple_code_fences_used_longest,
qwen2.5-coder:32b,direct,crn-014156,2609,346,unclosed_code_fence;near_num_predict_char_risk,multiple_code_fences_used_longest,
qwen2.5-coder:32b,direct,crn-007172,1962,179,unclosed_code_fence;near_num_predict_char_risk,multiple_code_fences_used_longest,
qwen2.5-coder:32b,direct,crn-010021,1874,350,unclosed_code_fence;near_num_predict_char_risk,multiple_code_fences_used_longest,
qwen2.5-coder:32b,direct,crn-001928,2113,424,unclosed_code_fence;near_num_predict_char_risk,multiple_code_fences_used_longest,
qwen2.5-coder:32b,direct,crn-011707,2205,374,unclosed_code_fence;near_num_predict_char_risk,multiple_code_fences_used_longest,
qwen2.5-coder:32b,direct,crn-007853,1747,230,unclosed_code_fence,multiple_code_fences_used_longest,
qwen2.5-coder:32b,direct,crn-012677,2187,466,unclosed_code_fence;near_num_predict_char_risk,multiple_code_fences_used_longest,
qwen2.5-coder:32b,direct,crn-013747,2705,976,unclosed_code_fence;near_num_predict_char_risk,multiple_code_fences_used_longest,
qwen2.5-coder:32b,direct,crn-005775,756,337,unclosed_code_fence,extracted_from_code_fence,
qwen2.5-coder:32b,direct,crn-002363,1803,397,unclosed_code_fence;near_num_predict_char_risk,multiple_code_fences_used_longest,
qwen2.5-coder:32b,direct,crn-011331,1647,260,unclosed_code_fence,multiple_code_fences_used_longest,
qwen2.5-coder:32b,direct,crn-009165,2157,313,near_num_predict_char_risk,multiple_code_fences_used_longest,
qwen2.5-coder:32b,direct,crn-008693,1853,707,unclosed_code_fence;near_num_predict_char_risk,extracted_from_code_fence,
qwen2.5-coder:32b,direct,crn-012143,2241,245,unclosed_code_fence;near_num_predict_char_risk,multiple_code_fences_used_longest,
qwen2.5-coder:32b,direct,crn-013557,1967,1053,near_num_predict_char_risk,multiple_code_fences_used_longest,
qwen2.5-coder:32b,direct,crn-006581,2290,314,unclosed_code_fence;near_num_predict_char_risk,multiple_code_fences_used_longest,
qwen2.5-coder:32b,direct,crn-002908,1818,258,unclosed_code_fence;near_num_predict_char_risk,multiple_code_fences_used_longest,
qwen2.5-coder:32b,direct,crn-007731,2180,350,unclosed_code_fence;near_num_predict_char_risk,multiple_code_fences_used_longest,
qwen2.5-coder:32b,direct,crn-009479,2068,1223,unclosed_code_fence;near_num_predict_char_risk,extracted_from_code_fence,
qwen2.5-coder:32b,direct,crn-005027,1842,795,unclosed_code_fence;near_num_predict_char_risk,multiple_code_fences_used_longest,
qwen2.5-coder:32b,direct,crn-013517,2398,736,unclosed_code_fence;near_num_predict_char_risk,multiple_code_fences_used_longest,
qwen2.5-coder:32b,direct,crn-010623,1951,459,unclosed_code_fence;near_num_predict_char_risk,multiple_code_fences_used_longest,
qwen2.5-coder:32b,direct,crn-010171,1751,650,unclosed_code_fence,multiple_code_fences_used_longest,
qwen2.5-coder:32b,direct,crn-005291,1920,267,unclosed_code_fence;near_num_predict_char_risk,multiple_code_fences_used_longest,
qwen2.5-coder:32b,direct,crn-012223,2335,769,unclosed_code_fence;near_num_predict_char_risk,multiple_code_fences_used_longest,
qwen2.5-coder:32b,direct,crn-008892,2109,579,unclosed_code_fence;near_num_predict_char_risk,multiple_code_fences_used_longest,
qwen2.5-coder:32b,direct,crn-012574,2030,519,unclosed_code_fence;near_num_predict_char_risk,multiple_code_fences_used_longest,
qwen2.5-coder:32b,direct,crn-006710,2041,393,unclosed_code_fence;near_num_predict_char_risk,multiple_code_fences_used_longest,
qwen2.5-coder:32b,direct,crn-000803,2558,790,near_num_predict_char_risk,multiple_code_fences_used_longest,
qwen2.5-coder:32b,direct,crn-014682,2519,395,unclosed_code_fence;near_num_predict_char_risk,multiple_code_fences_used_longest,
qwen2.5-coder:32b,direct,crn-009537,2205,899,unclosed_code_fence;near_num_predict_char_risk,multiple_code_fences_used_longest,
qwen2.5-coder:32b,direct,crn-011802,2340,376,unclosed_code_fence;near_num_predict_char_risk,multiple_code_fences_used_longest,
qwen2.5-coder:32b,direct,crn-011492,2313,248,near_num_predict_char_risk,multiple_code_fences_used_longest,
qwen2.5-coder:32b,direct,crn-011997,1878,1324,unclosed_code_fence;near_num_predict_char_risk,extracted_from_code_fence,
qwen2.5-coder:32b,direct,crn-006533,2314,508,unclosed_code_fence;near_num_predict_char_risk,multiple_code_fences_used_longest,
qwen2.5-coder:32b,direct,crn-004581,2159,551,unclosed_code_fence;near_num_predict_char_risk,multiple_code_fences_used_longest,
qwen2.5-coder:32b,direct,crn-013692,1958,276,unclosed_code_fence;near_num_predict_char_risk,multiple_code_fences_used_longest,
qwen2.5-coder:32b,direct,crn-001048,2310,488,unclosed_code_fence;near_num_predict_char_risk,multiple_code_fences_used_longest,
qwen2.5-coder:32b,direct,crn-007094,2965,580,unclosed_code_fence;near_num_predict_char_risk,multiple_code_fences_used_longest,
qwen2.5-coder:32b,direct,crn-009264,1113,525,unclosed_code_fence,extracted_from_code_fence,
qwen2.5-coder:32b,direct,crn-012569,2168,378,unclosed_code_fence;near_num_predict_char_risk,multiple_code_fences_used_longest,
qwen2.5-coder:32b,direct,crn-008268,2262,386,unclosed_code_fence;near_num_predict_char_risk,multiple_code_fences_used_longest,
qwen2.5-coder:32b,direct,crn-013846,2339,407,near_num_predict_char_risk,multiple_code_fences_used_longest,
qwen2.5-coder:32b,direct,crn-012862,1910,707,unclosed_code_fence;near_num_predict_char_risk,multiple_code_fences_used_longest,
qwen2.5-coder:32b,direct,crn-004898,1934,369,unclosed_code_fence;near_num_predict_char_risk,multiple_code_fences_used_longest,
qwen2.5-coder:32b,direct,crn-008001,1610,317,unclosed_code_fence,multiple_code_fences_used_longest,
qwen2.5-coder:32b,direct,crn-007685,2430,645,near_num_predict_char_risk,multiple_code_fences_used_longest,
qwen2.5-coder:32b,direct,crn-012234,2651,219,near_num_predict_char_risk,multiple_code_fences_used_longest,
qwen2.5-coder:32b,direct,crn-001570,702,683,unclosed_code_fence,extracted_from_code_fence,
qwen2.5-coder:32b,direct,crn-014062,1947,537,near_num_predict_char_risk,multiple_code_fences_used_longest,
qwen2.5-coder:32b,direct,crn-005162,2245,417,unclosed_code_fence;near_num_predict_char_risk,multiple_code_fences_used_longest,
qwen2.5-coder:32b,direct,crn-011039,556,555,unclosed_code_fence,no_code_fence_used_raw_text,
qwen2.5-coder:32b,direct,crn-004574,2002,556,unclosed_code_fence;near_num_predict_char_risk,multiple_code_fences_used_longest,
qwen2.5-coder:32b,direct,crn-010284,1804,203,unclosed_code_fence;near_num_predict_char_risk,multiple_code_fences_used_longest,
qwen2.5-coder:32b,direct,crn-009248,1941,816,unclosed_code_fence;near_num_predict_char_risk,multiple_code_fences_used_longest,
qwen2.5-coder:32b,direct,crn-000012,2013,663,near_num_predict_char_risk,multiple_code_fences_used_longest,
qwen2.5-coder:32b,direct,crn-005206,1991,686,unclosed_code_fence;near_num_predict_char_risk,multiple_code_fences_used_longest,
qwen2.5-coder:32b,direct,crn-007698,2267,956,near_num_predict_char_risk,multiple_code_fences_used_longest,
qwen2.5-coder:32b,direct,crn-013150,963,962,unclosed_code_fence,no_code_fence_used_raw_text,
qwen2.5-coder:32b,direct,crn-010845,1593,788,unclosed_code_fence,extracted_from_code_fence,
qwen2.5-coder:32b,direct,crn-014226,1980,1979,unclosed_code_fence;near_num_predict_char_risk,no_code_fence_used_raw_text,
qwen2.5-coder:32b,direct,crn-008351,2523,625,unclosed_code_fence;near_num_predict_char_risk,multiple_code_fences_used_longest,
qwen2.5-coder:32b,direct,crn-011973,2736,1328,unclosed_code_fence;near_num_predict_char_risk,extracted_from_code_fence,
qwen2.5-coder:32b,direct,crn-011538,2075,355,unclosed_code_fence;near_num_predict_char_risk,multiple_code_fences_used_longest,
qwen2.5-coder:32b,direct,crn-007678,2561,506,near_num_predict_char_risk,multiple_code_fences_used_longest,
qwen2.5-coder:32b,direct,crn-005537,1812,654,unclosed_code_fence;near_num_predict_char_risk,multiple_code_fences_used_longest,
qwen2.5-coder:32b,direct,crn-001713,1944,617,unclosed_code_fence;near_num_predict_char_risk,multiple_code_fences_used_longest,
qwen2.5-coder:32b,direct,crn-002292,1918,240,unclosed_code_fence;near_num_predict_char_risk,multiple_code_fences_used_longest,
qwen2.5-coder:32b,direct,crn-004509,2355,478,unclosed_code_fence;near_num_predict_char_risk,multiple_code_fences_used_longest,
qwen2.5-coder:32b,direct,crn-003739,1726,212,unclosed_code_fence,multiple_code_fences_used_longest,
qwen2.5-coder:32b,direct,crn-004107,2717,2716,near_num_predict_char_risk,no_code_fence_used_raw_text,
qwen2.5-coder:32b,direct,crn-012327,1985,614,unclosed_code_fence;near_num_predict_char_risk,multiple_code_fences_used_longest,
qwen2.5-coder:32b,direct,crn-003134,2125,846,unclosed_code_fence;near_num_predict_char_risk,multiple_code_fences_used_longest,
qwen2.5-coder:32b,direct,crn-012847,2234,225,unclosed_code_fence;near_num_predict_char_risk,multiple_code_fences_used_longest,
qwen2.5-coder:32b,direct,crn-006522,1997,988,unclosed_code_fence;near_num_predict_char_risk,extracted_from_code_fence,
qwen2.5-coder:32b,direct,crn-000207,2609,409,near_num_predict_char_risk,multiple_code_fences_used_longest,
qwen2.5-coder:32b,direct,crn-002666,2001,467,unclosed_code_fence;near_num_predict_char_risk,multiple_code_fences_used_longest,
qwen2.5-coder:32b,direct,crn-006964,1318,760,unclosed_code_fence,extracted_from_code_fence,
qwen2.5-coder:32b,direct,crn-013500,2146,538,unclosed_code_fence;near_num_predict_char_risk,multiple_code_fences_used_longest,
qwen2.5-coder:32b,direct,crn-004048,2258,586,unclosed_code_fence;near_num_predict_char_risk,multiple_code_fences_used_longest,
qwen2.5-coder:32b,direct,crn-013984,2501,282,unclosed_code_fence;near_num_predict_char_risk,multiple_code_fences_used_longest,
qwen2.5-coder:32b,direct,crn-004511,2360,1054,unclosed_code_fence;near_num_predict_char_risk,multiple_code_fences_used_longest,
qwen2.5-coder:32b,direct,crn-006779,2118,934,unclosed_code_fence;near_num_predict_char_risk,multiple_code_fences_used_longest,
qwen2.5-coder:32b,direct,crn-006879,1892,330,unclosed_code_fence;near_num_predict_char_risk,multiple_code_fences_used_longest,
qwen2.5-coder:32b,direct,crn-009568,1741,886,unclosed_code_fence,extracted_from_code_fence,
qwen2.5-coder:32b,direct,crn-004616,2243,228,unclosed_code_fence;near_num_predict_char_risk,multiple_code_fences_used_longest,
qwen2.5-coder:32b,direct,crn-014814,2288,1116,near_num_predict_char_risk,multiple_code_fences_used_longest,
qwen2.5-coder:32b,direct,crn-004208,499,498,unclosed_code_fence,no_code_fence_used_raw_text,
qwen2.5-coder:32b,direct,crn-007664,2177,769,unclosed_code_fence;near_num_predict_char_risk,multiple_code_fences_used_longest,
qwen2.5-coder:32b,direct,crn-007966,1875,381,unclosed_code_fence;near_num_predict_char_risk,multiple_code_fences_used_longest,
qwen2.5-coder:32b,direct,crn-009190,1940,737,unclosed_code_fence;near_num_predict_char_risk,multiple_code_fences_used_longest,
qwen2.5-coder:32b,direct,crn-005864,1588,529,unclosed_code_fence,multiple_code_fences_used_longest,
qwen2.5-coder:32b,direct,crn-000109,2614,285,unclosed_code_fence;near_num_predict_char_risk,multiple_code_fences_used_longest,
qwen2.5-coder:32b,direct,crn-008848,833,832,unclosed_code_fence,no_code_fence_used_raw_text,
qwen2.5-coder:32b,direct,crn-002948,1664,394,unclosed_code_fence,multiple_code_fences_used_longest,
qwen2.5-coder:32b,direct,crn-000999,429,428,unclosed_code_fence,no_code_fence_used_raw_text,
qwen2.5-coder:32b,direct,crn-001168,166,57,unclosed_code_fence,extracted_from_code_fence,
qwen2.5-coder:32b,direct,crn-006386,1920,522,unclosed_code_fence;near_num_predict_char_risk,multiple_code_fences_used_longest,
qwen2.5-coder:32b,direct,crn-000309,584,583,unclosed_code_fence,no_code_fence_used_raw_text,
qwen2.5-coder:32b,direct,crn-000692,2485,821,unclosed_code_fence;near_num_predict_char_risk,multiple_code_fences_used_longest,
qwen2.5-coder:32b,direct,crn-004549,2320,541,unclosed_code_fence;near_num_predict_char_risk,multiple_code_fences_used_longest,
qwen2.5-coder:32b,direct,crn-004072,2024,587,unclosed_code_fence;near_num_predict_char_risk,multiple_code_fences_used_longest,
qwen2.5-coder:32b,direct,crn-012537,1946,180,near_num_predict_char_risk,multiple_code_fences_used_longest,
qwen2.5-coder:32b,direct,crn-012283,2253,672,near_num_predict_char_risk,multiple_code_fences_used_longest,
qwen2.5-coder:32b,direct,crn-006122,1883,330,unclosed_code_fence;near_num_predict_char_risk,multiple_code_fences_used_longest,
qwen2.5-coder:32b,direct,crn-008139,2343,753,unclosed_code_fence;near_num_predict_char_risk,extracted_from_code_fence,
qwen2.5-coder:32b,direct,crn-014122,2936,905,unclosed_code_fence;near_num_predict_char_risk,multiple_code_fences_used_longest,
qwen2.5-coder:32b,direct,crn-000139,2371,237,near_num_predict_char_risk,multiple_code_fences_used_longest,
qwen2.5-coder:32b,direct,crn-010615,1997,846,unclosed_code_fence;near_num_predict_char_risk,multiple_code_fences_used_longest,
qwen2.5-coder:32b,direct,crn-011775,2100,501,unclosed_code_fence;near_num_predict_char_risk,multiple_code_fences_used_longest,
qwen2.5-coder:32b,direct,crn-007422,2736,508,unclosed_code_fence;near_num_predict_char_risk,multiple_code_fences_used_longest,
qwen2.5-coder:32b,direct,crn-005987,2474,655,unclosed_code_fence;near_num_predict_char_risk,multiple_code_fences_used_longest,
qwen2.5-coder:32b,direct,crn-006954,1579,547,unclosed_code_fence,extracted_from_code_fence,
qwen2.5-coder:32b,direct,crn-002693,1851,228,unclosed_code_fence;near_num_predict_char_risk,multiple_code_fences_used_longest,
qwen2.5-coder:32b,direct,crn-006988,2082,306,unclosed_code_fence;near_num_predict_char_risk,multiple_code_fences_used_longest,
qwen2.5-coder:32b,direct,crn-010519,2058,298,unclosed_code_fence;near_num_predict_char_risk,multiple_code_fences_used_longest,
qwen2.5-coder:32b,direct,crn-005870,2183,658,unclosed_code_fence;near_num_predict_char_risk,multiple_code_fences_used_longest,
qwen2.5-coder:32b,direct,crn-011743,2819,337,unclosed_code_fence;near_num_predict_char_risk,multiple_code_fences_used_longest,
qwen2.5-coder:32b,direct,crn-006606,2560,373,unclosed_code_fence;near_num_predict_char_risk,multiple_code_fences_used_longest,
qwen2.5-coder:32b,direct,crn-001455,2101,291,near_num_predict_char_risk,multiple_code_fences_used_longest,
qwen2.5-coder:32b,direct,crn-008961,1891,474,unclosed_code_fence;near_num_predict_char_risk,multiple_code_fences_used_longest,
qwen2.5-coder:32b,direct,crn-006106,2321,425,unclosed_code_fence;near_num_predict_char_risk,multiple_code_fences_used_longest,
qwen2.5-coder:32b,direct,crn-006934,1843,645,unclosed_code_fence;near_num_predict_char_risk,multiple_code_fences_used_longest,
qwen2.5-coder:32b,direct,crn-008316,2199,967,unclosed_code_fence;near_num_predict_char_risk,multiple_code_fences_used_longest,
qwen2.5-coder:32b,direct,crn-006234,2150,424,unclosed_code_fence;near_num_predict_char_risk,multiple_code_fences_used_longest,
qwen2.5-coder:32b,direct,crn-004015,1887,762,near_num_predict_char_risk,multiple_code_fences_used_longest,
qwen2.5-coder:32b,direct,crn-007942,1812,237,unclosed_code_fence;near_num_predict_char_risk,multiple_code_fences_used_longest,
qwen2.5-coder:32b,direct,crn-008483,2460,287,unclosed_code_fence;near_num_predict_char_risk,multiple_code_fences_used_longest,
qwen2.5-coder:32b,direct,crn-004338,2190,565,near_num_predict_char_risk,multiple_code_fences_used_longest,
qwen2.5-coder:32b,direct,crn-007743,960,470,unclosed_code_fence,extracted_from_code_fence,
qwen2.5-coder:32b,direct,crn-002313,1712,200,unclosed_code_fence,multiple_code_fences_used_longest,
qwen2.5-coder:32b,direct,crn-011985,1872,231,unclosed_code_fence;near_num_predict_char_risk,multiple_code_fences_used_longest,
qwen2.5-coder:32b,direct,crn-009091,1741,434,unclosed_code_fence,multiple_code_fences_used_longest,
qwen2.5-coder:32b,direct,crn-008031,1551,368,unclosed_code_fence,multiple_code_fences_used_longest,
qwen2.5-coder:32b,direct,crn-005038,1234,175,unclosed_code_fence,multiple_code_fences_used_longest,
qwen2.5-coder:32b,direct,crn-008853,2001,348,unclosed_code_fence;near_num_predict_char_risk,multiple_code_fences_used_longest,
qwen2.5-coder:32b,direct,crn-010037,2047,524,unclosed_code_fence;near_num_predict_char_risk,multiple_code_fences_used_longest,
qwen2.5-coder:32b,direct,crn-004839,2260,505,unclosed_code_fence;near_num_predict_char_risk,multiple_code_fences_used_longest,
qwen2.5-coder:32b,direct,crn-005903,2079,558,unclosed_code_fence;near_num_predict_char_risk,multiple_code_fences_used_longest,
qwen2.5-coder:32b,direct,crn-002533,2143,321,unclosed_code_fence;near_num_predict_char_risk,multiple_code_fences_used_longest,
qwen2.5-coder:32b,direct,crn-005445,2206,646,unclosed_code_fence;near_num_predict_char_risk,multiple_code_fences_used_longest,
qwen2.5-coder:32b,direct,crn-001969,2240,346,near_num_predict_char_risk,multiple_code_fences_used_longest,
qwen2.5-coder:32b,direct,crn-012025,2129,1019,near_num_predict_char_risk,multiple_code_fences_used_longest,
qwen2.5-coder:32b,direct,crn-012774,401,400,unclosed_code_fence,no_code_fence_used_raw_text,
qwen2.5-coder:32b,direct,crn-008446,2170,1045,unclosed_code_fence;near_num_predict_char_risk,multiple_code_fences_used_longest,
qwen2.5-coder:32b,direct,crn-002277,1574,505,unclosed_code_fence,multiple_code_fences_used_longest,
qwen2.5-coder:32b,direct,crn-000765,2509,1140,unclosed_code_fence;near_num_predict_char_risk,multiple_code_fences_used_longest,
qwen2.5-coder:32b,direct,crn-007800,1933,635,unclosed_code_fence;near_num_predict_char_risk,multiple_code_fences_used_longest,
qwen2.5-coder:32b,direct,crn-014371,2022,558,unclosed_code_fence;near_num_predict_char_risk,multiple_code_fences_used_longest,
qwen2.5-coder:32b,direct,crn-014113,2389,297,unclosed_code_fence;near_num_predict_char_risk,multiple_code_fences_used_longest,
qwen2.5-coder:32b,direct,crn-010954,2739,198,unclosed_code_fence;near_num_predict_char_risk,multiple_code_fences_used_longest,
qwen2.5-coder:32b,direct,crn-006780,2118,934,unclosed_code_fence;near_num_predict_char_risk,multiple_code_fences_used_longest,
qwen2.5-coder:32b,direct,crn-002627,2023,592,unclosed_code_fence;near_num_predict_char_risk,multiple_code_fences_used_longest,
qwen2.5-coder:32b,direct,crn-002749,2155,571,unclosed_code_fence;near_num_predict_char_risk,multiple_code_fences_used_longest,
qwen2.5-coder:32b,direct,crn-007214,2035,953,unclosed_code_fence;near_num_predict_char_risk,extracted_from_code_fence,
qwen2.5-coder:32b,direct,crn-001568,702,683,unclosed_code_fence,extracted_from_code_fence,
qwen2.5-coder:32b,direct,crn-013960,2161,725,unclosed_code_fence;near_num_predict_char_risk,multiple_code_fences_used_longest,
qwen2.5-coder:32b,direct,crn-012183,2471,198,near_num_predict_char_risk,multiple_code_fences_used_longest,
qwen2.5-coder:32b,direct,crn-005446,2291,405,near_num_predict_char_risk,multiple_code_fences_used_longest,
qwen2.5-coder:32b,direct,crn-003289,1746,321,unclosed_code_fence,multiple_code_fences_used_longest,
qwen2.5-coder:32b,direct,crn-006904,1936,487,unclosed_code_fence;near_num_predict_char_risk,multiple_code_fences_used_longest,
qwen2.5-coder:32b,direct,crn-004449,2808,506,unclosed_code_fence;near_num_predict_char_risk,multiple_code_fences_used_longest,
qwen2.5-coder:32b,direct,crn-004163,2144,1179,unclosed_code_fence;near_num_predict_char_risk,extracted_from_code_fence,
qwen2.5-coder:32b,direct,crn-005650,1766,493,unclosed_code_fence,multiple_code_fences_used_longest,
qwen2.5-coder:32b,direct,crn-001074,2289,705,unclosed_code_fence;near_num_predict_char_risk,multiple_code_fences_used_longest,
qwen2.5-coder:32b,direct,crn-000296,2646,349,unclosed_code_fence;near_num_predict_char_risk,multiple_code_fences_used_longest,
qwen2.5-coder:32b,direct,crn-010640,2415,521,unclosed_code_fence;near_num_predict_char_risk,multiple_code_fences_used_longest,
qwen2.5-coder:32b,direct,crn-005531,1938,761,unclosed_code_fence;near_num_predict_char_risk,multiple_code_fences_used_longest,
qwen2.5-coder:32b,direct,crn-009606,2238,269,unclosed_code_fence;near_num_predict_char_risk,multiple_code_fences_used_longest,
qwen2.5-coder:32b,direct,crn-014615,2031,366,unclosed_code_fence;near_num_predict_char_risk,multiple_code_fences_used_longest,
qwen2.5-coder:32b,direct,crn-014292,2621,686,unclosed_code_fence;near_num_predict_char_risk,multiple_code_fences_used_longest,
qwen2.5-coder:32b,direct,crn-008433,2408,599,unclosed_code_fence;near_num_predict_char_risk,multiple_code_fences_used_longest,
qwen2.5-coder:32b,direct,crn-007694,2577,892,unclosed_code_fence;near_num_predict_char_risk,multiple_code_fences_used_longest,
qwen2.5-coder:32b,direct,crn-010299,2237,315,unclosed_code_fence;near_num_predict_char_risk,multiple_code_fences_used_longest,
qwen2.5-coder:32b,direct,crn-005765,2059,181,near_num_predict_char_risk,multiple_code_fences_used_longest,
qwen2.5-coder:32b,direct,crn-007834,2000,237,unclosed_code_fence;near_num_predict_char_risk,multiple_code_fences_used_longest,
qwen2.5-coder:32b,direct,crn-007799,2085,669,unclosed_code_fence;near_num_predict_char_risk,multiple_code_fences_used_longest,
qwen2.5-coder:32b,direct,crn-001294,2480,292,unclosed_code_fence;near_num_predict_char_risk,multiple_code_fences_used_longest,
qwen2.5-coder:32b,direct,crn-010220,2511,574,unclosed_code_fence;near_num_predict_char_risk,multiple_code_fences_used_longest,
qwen2.5-coder:32b,direct,crn-006900,609,291,unclosed_code_fence,extracted_from_code_fence,
qwen2.5-coder:32b,direct,crn-001353,2009,478,unclosed_code_fence;near_num_predict_char_risk,multiple_code_fences_used_longest,
qwen2.5-coder:32b,direct,crn-007048,2173,1022,unclosed_code_fence;near_num_predict_char_risk,extracted_from_code_fence,
qwen2.5-coder:32b,direct,crn-012673,2061,365,unclosed_code_fence;near_num_predict_char_risk,multiple_code_fences_used_longest,
qwen2.5-coder:32b,direct,crn-014126,2250,772,near_num_predict_char_risk,multiple_code_fences_used_longest,
qwen2.5-coder:32b,direct,crn-014851,2029,337,unclosed_code_fence;near_num_predict_char_risk,multiple_code_fences_used_longest,
qwen2.5-coder:32b,direct,crn-005777,1902,348,unclosed_code_fence;near_num_predict_char_risk,multiple_code_fences_used_longest,
qwen2.5-coder:32b,direct,crn-006456,2123,463,unclosed_code_fence;near_num_predict_char_risk,multiple_code_fences_used_longest,
qwen2.5-coder:32b,direct,crn-009703,2269,350,unclosed_code_fence;near_num_predict_char_risk,multiple_code_fences_used_longest,
qwen2.5-coder:32b,direct,crn-005883,2058,300,unclosed_code_fence;near_num_predict_char_risk,multiple_code_fences_used_longest,
qwen2.5-coder:32b,direct,crn-013932,2029,253,unclosed_code_fence;near_num_predict_char_risk,multiple_code_fences_used_longest,
qwen2.5-coder:32b,direct,crn-011570,2214,1412,unclosed_code_fence;near_num_predict_char_risk,extracted_from_code_fence,
qwen2.5-coder:32b,direct,crn-011639,2145,544,unclosed_code_fence;near_num_predict_char_risk,multiple_code_fences_used_longest,
qwen2.5-coder:32b,direct,crn-011942,2112,453,unclosed_code_fence;near_num_predict_char_risk,multiple_code_fences_used_longest,
qwen2.5-coder:32b,direct,crn-013926,583,537,unclosed_code_fence,extracted_from_code_fence,
qwen2.5-coder:32b,direct,crn-001517,302,283,unclosed_code_fence,extracted_from_code_fence,
qwen2.5-coder:32b,direct,crn-012838,1795,745,unclosed_code_fence;near_num_predict_char_risk,multiple_code_fences_used_longest,
qwen2.5-coder:32b,direct,crn-007453,2697,895,unclosed_code_fence;near_num_predict_char_risk,multiple_code_fences_used_longest,
qwen2.5-coder:32b,direct,crn-012043,2455,407,unclosed_code_fence;near_num_predict_char_risk,multiple_code_fences_used_longest,
qwen2.5-coder:32b,direct,crn-006502,2071,347,unclosed_code_fence;near_num_predict_char_risk,multiple_code_fences_used_longest,
qwen2.5-coder:32b,direct,crn-003925,2509,467,unclosed_code_fence;near_num_predict_char_risk,multiple_code_fences_used_longest,
qwen2.5-coder:32b,direct,crn-007647,2620,633,unclosed_code_fence;near_num_predict_char_risk,multiple_code_fences_used_longest,
qwen2.5-coder:32b,direct,crn-014288,2279,757,unclosed_code_fence;near_num_predict_char_risk,multiple_code_fences_used_longest,
qwen2.5-coder:32b,direct,crn-014782,2151,367,unclosed_code_fence;near_num_predict_char_risk,multiple_code_fences_used_longest,
qwen2.5-coder:32b,direct,crn-013446,2217,293,unclosed_code_fence;near_num_predict_char_risk,multiple_code_fences_used_longest,
qwen2.5-coder:32b,direct,crn-010921,2157,564,near_num_predict_char_risk,multiple_code_fences_used_longest,
qwen2.5-coder:32b,direct,crn-009282,1705,399,unclosed_code_fence,multiple_code_fences_used_longest,
qwen2.5-coder:32b,direct,crn-001571,702,683,unclosed_code_fence,extracted_from_code_fence,
qwen2.5-coder:32b,direct,crn-008004,1844,139,near_num_predict_char_risk,multiple_code_fences_used_longest,
qwen2.5-coder:32b,direct,crn-009020,1626,175,unclosed_code_fence,multiple_code_fences_used_longest,
qwen2.5-coder:32b,direct,crn-008049,2579,831,unclosed_code_fence;near_num_predict_char_risk,multiple_code_fences_used_longest,
qwen2.5-coder:32b,direct,crn-010441,1924,513,unclosed_code_fence;near_num_predict_char_risk,multiple_code_fences_used_longest,
qwen2.5-coder:32b,direct,crn-002411,1945,557,unclosed_code_fence;near_num_predict_char_risk,multiple_code_fences_used_longest,
qwen2.5-coder:32b,direct,crn-001572,702,683,unclosed_code_fence,extracted_from_code_fence,
qwen2.5-coder:32b,direct,crn-009394,2398,266,unclosed_code_fence;near_num_predict_char_risk,multiple_code_fences_used_longest,
qwen2.5-coder:32b,direct,crn-009004,2081,912,unclosed_code_fence;near_num_predict_char_risk,multiple_code_fences_used_longest,
qwen2.5-coder:32b,direct,crn-002312,1873,188,unclosed_code_fence;near_num_predict_char_risk,multiple_code_fences_used_longest,
qwen2.5-coder:32b,direct,crn-003016,1819,1529,unclosed_code_fence;near_num_predict_char_risk,extracted_from_code_fence,
qwen2.5-coder:32b,direct,crn-003821,1940,476,near_num_predict_char_risk,multiple_code_fences_used_longest,
qwen2.5-coder:32b,direct,crn-004019,548,547,unclosed_code_fence,no_code_fence_used_raw_text,
qwen2.5-coder:32b,direct,crn-004949,2063,666,unclosed_code_fence;near_num_predict_char_risk,multiple_code_fences_used_longest,
qwen2.5-coder:32b,direct,crn-004262,1788,341,unclosed_code_fence,multiple_code_fences_used_longest,
qwen2.5-coder:32b,direct,crn-007226,2091,2090,unclosed_code_fence;near_num_predict_char_risk,no_code_fence_used_raw_text,
qwen2.5-coder:32b,direct,crn-007900,1836,198,unclosed_code_fence;near_num_predict_char_risk,multiple_code_fences_used_longest,
qwen2.5-coder:32b,direct,crn-011686,1918,791,unclosed_code_fence;near_num_predict_char_risk,multiple_code_fences_used_longest,
qwen2.5-coder:32b,direct,crn-007255,398,398,unclosed_code_fence,no_code_fence_used_raw_text,
qwen2.5-coder:32b,direct,crn-007547,2224,729,near_num_predict_char_risk,multiple_code_fences_used_longest,
qwen2.5-coder:32b,direct,crn-004963,2177,339,unclosed_code_fence;near_num_predict_char_risk,multiple_code_fences_used_longest,
qwen2.5-coder:32b,direct,crn-014476,2225,542,unclosed_code_fence;near_num_predict_char_risk,multiple_code_fences_used_longest,
qwen2.5-coder:32b,direct,crn-006263,2166,1150,unclosed_code_fence;near_num_predict_char_risk,multiple_code_fences_used_longest,
qwen2.5-coder:32b,direct,crn-013069,2109,557,unclosed_code_fence;near_num_predict_char_risk,multiple_code_fences_used_longest,
qwen2.5-coder:32b,direct,crn-000489,2707,422,unclosed_code_fence;near_num_predict_char_risk,multiple_code_fences_used_longest,
qwen2.5-coder:32b,direct,crn-005377,2133,207,unclosed_code_fence;near_num_predict_char_risk,multiple_code_fences_used_longest,
qwen2.5-coder:32b,direct,crn-006326,1781,237,unclosed_code_fence,multiple_code_fences_used_longest,
qwen2.5-coder:32b,direct,crn-003962,2223,555,unclosed_code_fence;near_num_predict_char_risk,multiple_code_fences_used_longest,
qwen2.5-coder:32b,direct,crn-011786,1379,335,unclosed_code_fence,multiple_code_fences_used_longest,
qwen2.5-coder:32b,direct,crn-013192,2013,757,unclosed_code_fence;near_num_predict_char_risk,multiple_code_fences_used_longest,
qwen2.5-coder:32b,direct,crn-005182,2349,345,unclosed_code_fence;near_num_predict_char_risk,multiple_code_fences_used_longest,
qwen2.5-coder:32b,direct,crn-000766,2534,1140,unclosed_code_fence;near_num_predict_char_risk,multiple_code_fences_used_longest,
qwen2.5-coder:32b,direct,crn-011878,1950,489,unclosed_code_fence;near_num_predict_char_risk,multiple_code_fences_used_longest,
qwen2.5-coder:32b,direct,crn-002824,2021,202,unclosed_code_fence;near_num_predict_char_risk,multiple_code_fences_used_longest,
qwen2.5-coder:32b,direct,crn-009109,2118,660,near_num_predict_char_risk,multiple_code_fences_used_longest,
qwen2.5-coder:32b,direct,crn-012352,1399,392,unclosed_code_fence,multiple_code_fences_used_longest,
qwen2.5-coder:32b,direct,crn-008678,1749,229,unclosed_code_fence,multiple_code_fences_used_longest,
qwen2.5-coder:32b,direct,crn-006781,2118,934,unclosed_code_fence;near_num_predict_char_risk,multiple_code_fences_used_longest,
qwen2.5-coder:32b,direct,crn-009119,2253,641,unclosed_code_fence;near_num_predict_char_risk,multiple_code_fences_used_longest,
qwen2.5-coder:32b,direct,crn-004663,368,289,unclosed_code_fence,extracted_from_code_fence,
qwen2.5-coder:32b,direct,crn-011861,2250,370,unclosed_code_fence;near_num_predict_char_risk,multiple_code_fences_used_longest,
qwen2.5-coder:32b,direct,crn-007687,2767,799,near_num_predict_char_risk,multiple_code_fences_used_longest,
qwen2.5-coder:32b,direct,crn-007898,1742,200,unclosed_code_fence,multiple_code_fences_used_longest,
qwen2.5-coder:32b,direct,crn-004943,1931,493,unclosed_code_fence;near_num_predict_char_risk,multiple_code_fences_used_longest,
qwen2.5-coder:32b,direct,crn-011472,1661,928,unclosed_code_fence,extracted_from_code_fence,
qwen2.5-coder:32b,direct,crn-003643,2330,362,unclosed_code_fence;near_num_predict_char_risk,multiple_code_fences_used_longest,
qwen2.5-coder:32b,direct,crn-009785,2202,747,unclosed_code_fence;near_num_predict_char_risk,multiple_code_fences_used_longest,
qwen2.5-coder:32b,direct,crn-010877,1815,763,unclosed_code_fence;near_num_predict_char_risk,multiple_code_fences_used_longest,
qwen2.5-coder:32b,direct,crn-000375,2075,1216,near_num_predict_char_risk,multiple_code_fences_used_longest,
qwen2.5-coder:32b,direct,crn-000523,2417,198,near_num_predict_char_risk,multiple_code_fences_used_longest,
qwen2.5-coder:32b,direct,crn-008919,1847,574,unclosed_code_fence;near_num_predict_char_risk,multiple_code_fences_used_longest,
qwen2.5-coder:32b,direct,crn-002175,765,203,unclosed_code_fence,multiple_code_fences_used_longest,
qwen2.5-coder:32b,direct,crn-000949,2417,261,unclosed_code_fence;near_num_predict_char_risk,multiple_code_fences_used_longest,
qwen2.5-coder:32b,direct,crn-003640,2265,341,unclosed_code_fence;near_num_predict_char_risk,multiple_code_fences_used_longest,
qwen2.5-coder:32b,direct,crn-011892,1832,523,unclosed_code_fence;near_num_predict_char_risk,multiple_code_fences_used_longest,
qwen2.5-coder:32b,direct,crn-000114,2105,642,near_num_predict_char_risk,multiple_code_fences_used_longest,
qwen2.5-coder:32b,direct,crn-005331,1763,263,unclosed_code_fence,multiple_code_fences_used_longest,
qwen2.5-coder:32b,direct,crn-001859,1939,250,unclosed_code_fence;near_num_predict_char_risk,multiple_code_fences_used_longest,
qwen2.5-coder:32b,direct,crn-010567,1912,852,near_num_predict_char_risk,multiple_code_fences_used_longest,
qwen2.5-coder:32b,direct,crn-008954,1761,182,unclosed_code_fence,multiple_code_fences_used_longest,
qwen2.5-coder:32b,direct,crn-006546,1874,299,unclosed_code_fence;near_num_predict_char_risk,multiple_code_fences_used_longest,
qwen2.5-coder:32b,direct,crn-007842,1986,624,unclosed_code_fence;near_num_predict_char_risk,multiple_code_fences_used_longest,
qwen2.5-coder:32b,direct,crn-002266,1916,216,unclosed_code_fence;near_num_predict_char_risk,multiple_code_fences_used_longest,
qwen2.5-coder:32b,direct,crn-005709,2293,342,unclosed_code_fence;near_num_predict_char_risk,multiple_code_fences_used_longest,
qwen2.5-coder:32b,direct,crn-004786,2190,428,unclosed_code_fence;near_num_predict_char_risk,multiple_code_fences_used_longest,
qwen2.5-coder:32b,direct,crn-012858,2351,565,unclosed_code_fence;near_num_predict_char_risk,multiple_code_fences_used_longest,
qwen2.5-coder:32b,direct,crn-009449,1908,283,unclosed_code_fence;near_num_predict_char_risk,extracted_from_code_fence,
qwen2.5-coder:32b,direct,crn-011889,2038,1092,unclosed_code_fence;near_num_predict_char_risk,extracted_from_code_fence,
qwen2.5-coder:32b,direct,crn-003706,2090,537,unclosed_code_fence;near_num_predict_char_risk,multiple_code_fences_used_longest,
qwen2.5-coder:32b,direct,crn-005170,2075,482,unclosed_code_fence;near_num_predict_char_risk,multiple_code_fences_used_longest,
qwen2.5-coder:32b,direct,crn-008662,1955,937,unclosed_code_fence;near_num_predict_char_risk,multiple_code_fences_used_longest,
qwen2.5-coder:32b,direct,crn-001814,2029,523,near_num_predict_char_risk,multiple_code_fences_used_longest,
qwen2.5-coder:32b,direct,crn-002436,2226,433,unclosed_code_fence;near_num_predict_char_risk,multiple_code_fences_used_longest,
qwen2.5-coder:32b,direct,crn-007829,371,370,unclosed_code_fence,no_code_fence_used_raw_text,
qwen2.5-coder:32b,direct,crn-009062,1524,1523,unclosed_code_fence,no_code_fence_used_raw_text,
qwen2.5-coder:32b,direct,crn-004635,2284,398,unclosed_code_fence;near_num_predict_char_risk,multiple_code_fences_used_longest,
qwen2.5-coder:32b,direct,crn-005816,2175,383,unclosed_code_fence;near_num_predict_char_risk,multiple_code_fences_used_longest,
qwen2.5-coder:32b,direct,crn-009518,198,198,unclosed_code_fence,no_code_fence_used_raw_text,
qwen2.5-coder:32b,direct,crn-013988,1684,302,unclosed_code_fence,multiple_code_fences_used_longest,
qwen2.5-coder:32b,direct,crn-014736,2314,846,near_num_predict_char_risk,multiple_code_fences_used_longest,
qwen2.5-coder:32b,direct,crn-002541,1850,428,near_num_predict_char_risk,multiple_code_fences_used_longest,
qwen2.5-coder:32b,direct,crn-010124,2700,352,unclosed_code_fence;near_num_predict_char_risk,multiple_code_fences_used_longest,
qwen2.5-coder:32b,direct,crn-004128,1815,566,unclosed_code_fence;near_num_predict_char_risk,multiple_code_fences_used_longest,
qwen2.5-coder:32b,direct,crn-010542,1711,765,unclosed_code_fence,multiple_code_fences_used_longest,
qwen2.5-coder:32b,direct,crn-009086,1792,509,near_num_predict_char_risk,multiple_code_fences_used_longest,
qwen2.5-coder:32b,direct,crn-013151,1302,1301,unclosed_code_fence,no_code_fence_used_raw_text,
qwen2.5-coder:32b,direct,crn-008147,2552,1004,unclosed_code_fence;near_num_predict_char_risk,multiple_code_fences_used_longest,
qwen2.5-coder:32b,direct,crn-004944,2020,864,unclosed_code_fence;near_num_predict_char_risk,multiple_code_fences_used_longest,
qwen2.5-coder:32b,direct,crn-008935,2178,1328,unclosed_code_fence;near_num_predict_char_risk,extracted_from_code_fence,
qwen2.5-coder:32b,direct,crn-001068,2363,598,unclosed_code_fence;near_num_predict_char_risk,multiple_code_fences_used_longest,
qwen2.5-coder:32b,direct,crn-008229,3236,438,unclosed_code_fence;near_num_predict_char_risk,multiple_code_fences_used_longest,
qwen2.5-coder:32b,direct,crn-005180,2073,577,unclosed_code_fence;near_num_predict_char_risk,multiple_code_fences_used_longest,
qwen2.5-coder:32b,direct,crn-013134,2287,519,unclosed_code_fence;near_num_predict_char_risk,multiple_code_fences_used_longest,
qwen2.5-coder:32b,direct,crn-007169,406,406,unclosed_code_fence,no_code_fence_used_raw_text,
qwen2.5-coder:32b,direct,crn-007024,2074,712,unclosed_code_fence;near_num_predict_char_risk,multiple_code_fences_used_longest,
qwen2.5-coder:32b,direct,crn-002973,438,437,unclosed_code_fence,no_code_fence_used_raw_text,
qwen2.5-coder:32b,direct,crn-007202,1768,323,unclosed_code_fence,multiple_code_fences_used_longest,
qwen2.5-coder:32b,direct,crn-005468,1987,750,unclosed_code_fence;near_num_predict_char_risk,multiple_code_fences_used_longest,
qwen2.5-coder:32b,direct,crn-005885,2051,251,unclosed_code_fence;near_num_predict_char_risk,multiple_code_fences_used_longest,
qwen2.5-coder:32b,direct,crn-004714,2516,254,unclosed_code_fence;near_num_predict_char_risk,multiple_code_fences_used_longest,
qwen2.5-coder:32b,direct,crn-012410,2461,213,unclosed_code_fence;near_num_predict_char_risk,multiple_code_fences_used_longest,
qwen2.5-coder:32b,direct,crn-014646,395,139,unclosed_code_fence,extracted_from_code_fence,
qwen2.5-coder:32b,direct,crn-000269,2302,230,unclosed_code_fence;near_num_predict_char_risk,multiple_code_fences_used_longest,
qwen2.5-coder:32b,direct,crn-005815,2283,324,unclosed_code_fence;near_num_predict_char_risk,multiple_code_fences_used_longest,
qwen2.5-coder:32b,direct,crn-012990,2150,249,unclosed_code_fence;near_num_predict_char_risk,multiple_code_fences_used_longest,
qwen2.5-coder:32b,direct,crn-010139,2264,626,unclosed_code_fence;near_num_predict_char_risk,multiple_code_fences_used_longest,
qwen2.5-coder:32b,direct,crn-005525,2017,772,unclosed_code_fence;near_num_predict_char_risk,multiple_code_fences_used_longest,
qwen2.5-coder:32b,direct,crn-010708,2413,585,unclosed_code_fence;near_num_predict_char_risk,multiple_code_fences_used_longest,
qwen2.5-coder:32b,direct,crn-006364,2107,383,near_num_predict_char_risk,multiple_code_fences_used_longest,
qwen2.5-coder:32b,direct,crn-006537,1990,239,unclosed_code_fence;near_num_predict_char_risk,multiple_code_fences_used_longest,
qwen2.5-coder:32b,direct,crn-009139,2532,260,unclosed_code_fence;near_num_predict_char_risk,multiple_code_fences_used_longest,
qwen2.5-coder:32b,direct,crn-006294,1638,735,unclosed_code_fence,multiple_code_fences_used_longest,
qwen2.5-coder:32b,direct,crn-003195,2250,756,unclosed_code_fence;near_num_predict_char_risk,multiple_code_fences_used_longest,
qwen2.5-coder:32b,direct,crn-010183,2277,867,unclosed_code_fence;near_num_predict_char_risk,multiple_code_fences_used_longest,
qwen2.5-coder:32b,direct,crn-001669,1870,556,near_num_predict_char_risk,multiple_code_fences_used_longest,
qwen2.5-coder:32b,direct,crn-002970,1829,217,unclosed_code_fence;near_num_predict_char_risk,multiple_code_fences_used_longest,
qwen2.5-coder:32b,direct,crn-006385,2098,494,unclosed_code_fence;near_num_predict_char_risk,multiple_code_fences_used_longest,
qwen2.5-coder:32b,direct,crn-004082,2199,792,unclosed_code_fence;near_num_predict_char_risk,extracted_from_code_fence,
qwen2.5-coder:32b,direct,crn-007841,1968,386,unclosed_code_fence;near_num_predict_char_risk,multiple_code_fences_used_longest,
qwen2.5-coder:32b,direct,crn-012175,2552,412,unclosed_code_fence;near_num_predict_char_risk,multiple_code_fences_used_longest,
qwen2.5-coder:32b,direct,crn-005209,1915,728,unclosed_code_fence;near_num_predict_char_risk,multiple_code_fences_used_longest,
qwen2.5-coder:32b,direct,crn-014729,1847,912,near_num_predict_char_risk,multiple_code_fences_used_longest,
qwen2.5-coder:32b,direct,crn-007198,2041,386,unclosed_code_fence;near_num_predict_char_risk,multiple_code_fences_used_longest,
qwen2.5-coder:32b,direct,crn-001901,1266,841,unclosed_code_fence,extracted_from_code_fence,
qwen2.5-coder:32b,direct,crn-000129,2309,448,unclosed_code_fence;near_num_predict_char_risk,multiple_code_fences_used_longest,
qwen2.5-coder:32b,direct,crn-002564,2193,677,unclosed_code_fence;near_num_predict_char_risk,multiple_code_fences_used_longest,
qwen2.5-coder:32b,direct,crn-011577,2157,1267,unclosed_code_fence;near_num_predict_char_risk,extracted_from_code_fence,
qwen2.5-coder:32b,direct,crn-010589,1930,370,unclosed_code_fence;near_num_predict_char_risk,multiple_code_fences_used_longest,
qwen2.5-coder:32b,direct,crn-009244,2029,419,unclosed_code_fence;near_num_predict_char_risk,multiple_code_fences_used_longest,
qwen2.5-coder:32b,direct,crn-009167,2371,353,unclosed_code_fence;near_num_predict_char_risk,multiple_code_fences_used_longest,
qwen2.5-coder:32b,direct,crn-013961,2134,778,unclosed_code_fence;near_num_predict_char_risk,multiple_code_fences_used_longest,
qwen2.5-coder:32b,direct,crn-001569,702,683,unclosed_code_fence,extracted_from_code_fence,
qwen2.5-coder:32b,direct,crn-011305,1914,488,unclosed_code_fence;near_num_predict_char_risk,multiple_code_fences_used_longest,
qwen2.5-coder:32b,direct,crn-007027,2055,392,unclosed_code_fence;near_num_predict_char_risk,multiple_code_fences_used_longest,
qwen2.5-coder:32b,direct,crn-012903,2201,331,unclosed_code_fence;near_num_predict_char_risk,multiple_code_fences_used_longest,
qwen2.5-coder:32b,direct,crn-010891,324,323,unclosed_code_fence,no_code_fence_used_raw_text,
qwen2.5-coder:32b,direct,crn-000352,2727,1537,unclosed_code_fence;near_num_predict_char_risk,extracted_from_code_fence,
qwen2.5-coder:32b,direct,crn-010790,1961,726,unclosed_code_fence;near_num_predict_char_risk,multiple_code_fences_used_longest,
qwen2.5-coder:32b,direct,crn-010470,1442,1441,unclosed_code_fence,no_code_fence_used_raw_text,
qwen2.5-coder:32b,direct,crn-009252,2082,431,unclosed_code_fence;near_num_predict_char_risk,multiple_code_fences_used_longest,
qwen2.5-coder:32b,direct,crn-000413,3133,403,unclosed_code_fence;near_num_predict_char_risk,multiple_code_fences_used_longest,
qwen2.5-coder:32b,direct,crn-007773,2039,1183,unclosed_code_fence;near_num_predict_char_risk,extracted_from_code_fence,
qwen2.5-coder:32b,direct,crn-009185,2223,852,unclosed_code_fence;near_num_predict_char_risk,multiple_code_fences_used_longest,
qwen2.5-coder:32b,direct,crn-001242,2273,303,unclosed_code_fence;near_num_predict_char_risk,multiple_code_fences_used_longest,
qwen2.5-coder:32b,direct,crn-005581,2441,485,unclosed_code_fence;near_num_predict_char_risk,multiple_code_fences_used_longest,
qwen2.5-coder:32b,direct,crn-007947,1984,903,unclosed_code_fence;near_num_predict_char_risk,multiple_code_fences_used_longest,
qwen2.5-coder:32b,direct,crn-014774,2082,634,unclosed_code_fence;near_num_predict_char_risk,multiple_code_fences_used_longest,
qwen2.5-coder:32b,direct,crn-013427,2509,513,unclosed_code_fence;near_num_predict_char_risk,multiple_code_fences_used_longest,
qwen2.5-coder:32b,direct,crn-011520,2617,631,unclosed_code_fence;near_num_predict_char_risk,multiple_code_fences_used_longest,
qwen2.5-coder:32b,direct,crn-009471,2247,534,unclosed_code_fence;near_num_predict_char_risk,multiple_code_fences_used_longest,
qwen2.5-coder:32b,direct,crn-002603,322,308,unclosed_code_fence,extracted_from_code_fence,
qwen2.5-coder:32b,direct,crn-000156,2416,1200,near_num_predict_char_risk,multiple_code_fences_used_longest,
qwen2.5-coder:32b,direct,crn-013957,2152,772,unclosed_code_fence;near_num_predict_char_risk,multiple_code_fences_used_longest,
qwen2.5-coder:32b,direct,crn-000477,1867,631,near_num_predict_char_risk,multiple_code_fences_used_longest,
qwen2.5-coder:32b,direct,crn-006264,2075,991,unclosed_code_fence;near_num_predict_char_risk,multiple_code_fences_used_longest,
qwen2.5-coder:32b,direct,crn-008795,1894,396,unclosed_code_fence;near_num_predict_char_risk,multiple_code_fences_used_longest,
qwen2.5-coder:32b,direct,crn-012875,2765,447,unclosed_code_fence;near_num_predict_char_risk,multiple_code_fences_used_longest,
qwen2.5-coder:32b,direct,crn-005469,2050,714,unclosed_code_fence;near_num_predict_char_risk,multiple_code_fences_used_longest,
qwen2.5-coder:32b,direct,crn-013804,1572,228,unclosed_code_fence,multiple_code_fences_used_longest,
qwen2.5-coder:32b,direct,crn-005302,1862,1119,unclosed_code_fence;near_num_predict_char_risk,extracted_from_code_fence,
qwen2.5-coder:32b,direct,crn-013014,2129,1133,unclosed_code_fence;near_num_predict_char_risk,extracted_from_code_fence,
qwen2.5-coder:32b,direct,crn-002384,2124,511,unclosed_code_fence;near_num_predict_char_risk,multiple_code_fences_used_longest,
qwen2.5-coder:32b,direct,crn-000018,2522,696,unclosed_code_fence;near_num_predict_char_risk,multiple_code_fences_used_longest,
qwen2.5-coder:32b,direct,crn-005183,1557,457,unclosed_code_fence,extracted_from_code_fence,
qwen2.5-coder:32b,direct,crn-014887,2307,512,unclosed_code_fence;near_num_predict_char_risk,multiple_code_fences_used_longest,
qwen2.5-coder:32b,direct,crn-002344,1458,515,unclosed_code_fence,multiple_code_fences_used_longest,
qwen2.5-coder:32b,direct,crn-011358,1931,372,unclosed_code_fence;near_num_predict_char_risk,multiple_code_fences_used_longest,
qwen2.5-coder:32b,direct,crn-013759,2387,452,unclosed_code_fence;near_num_predict_char_risk,multiple_code_fences_used_longest,
qwen2.5-coder:32b,direct,crn-002588,1652,327,unclosed_code_fence,multiple_code_fences_used_longest,
qwen2.5-coder:32b,direct,crn-004901,2025,1003,unclosed_code_fence;near_num_predict_char_risk,extracted_from_code_fence,
qwen2.5-coder:32b,direct,crn-013026,1977,547,unclosed_code_fence;near_num_predict_char_risk,multiple_code_fences_used_longest,
qwen2.5-coder:32b,direct,crn-002500,2112,377,unclosed_code_fence;near_num_predict_char_risk,multiple_code_fences_used_longest,
qwen2.5-coder:32b,direct,crn-010370,2074,407,unclosed_code_fence;near_num_predict_char_risk,multiple_code_fences_used_longest,
qwen2.5-coder:32b,direct,crn-001075,2283,705,unclosed_code_fence;near_num_predict_char_risk,multiple_code_fences_used_longest,
qwen2.5-coder:32b,direct,crn-004982,2080,890,unclosed_code_fence;near_num_predict_char_risk,extracted_from_code_fence,
qwen2.5-coder:32b,direct,crn-004556,2262,326,unclosed_code_fence;near_num_predict_char_risk,multiple_code_fences_used_longest,
qwen2.5-coder:32b,direct,crn-012240,2641,594,unclosed_code_fence;near_num_predict_char_risk,multiple_code_fences_used_longest,
qwen2.5-coder:32b,direct,crn-005053,2455,522,unclosed_code_fence;near_num_predict_char_risk,multiple_code_fences_used_longest,
qwen2.5-coder:32b,direct,crn-004464,1997,761,unclosed_code_fence;near_num_predict_char_risk,multiple_code_fences_used_longest,
qwen2.5-coder:32b,direct,crn-007014,1759,237,unclosed_code_fence,multiple_code_fences_used_longest,
qwen2.5-coder:32b,direct,crn-008751,2540,432,unclosed_code_fence;near_num_predict_char_risk,multiple_code_fences_used_longest,
qwen2.5-coder:32b,direct,crn-009582,1850,958,unclosed_code_fence;near_num_predict_char_risk,multiple_code_fences_used_longest,
qwen2.5-coder:32b,direct,crn-009150,2346,657,unclosed_code_fence;near_num_predict_char_risk,multiple_code_fences_used_longest,
qwen2.5-coder:32b,direct,crn-004423,2118,232,unclosed_code_fence;near_num_predict_char_risk,multiple_code_fences_used_longest,
qwen2.5-coder:32b,direct,crn-010149,318,317,unclosed_code_fence,no_code_fence_used_raw_text,
qwen2.5-coder:32b,direct,crn-012893,2196,205,unclosed_code_fence;near_num_predict_char_risk,multiple_code_fences_used_longest,
qwen2.5-coder:32b,direct,crn-006187,2113,656,unclosed_code_fence;near_num_predict_char_risk,multiple_code_fences_used_longest,
qwen2.5-coder:32b,direct,crn-004074,2031,256,near_num_predict_char_risk,multiple_code_fences_used_longest,
qwen2.5-coder:32b,direct,crn-001131,2599,436,unclosed_code_fence;near_num_predict_char_risk,multiple_code_fences_used_longest,
qwen2.5-coder:32b,direct,crn-003695,1767,748,unclosed_code_fence,multiple_code_fences_used_longest,
qwen2.5-coder:32b,direct,crn-012341,1767,394,unclosed_code_fence,multiple_code_fences_used_longest,
qwen2.5-coder:32b,direct,crn-004584,1818,686,unclosed_code_fence;near_num_predict_char_risk,multiple_code_fences_used_longest,
qwen2.5-coder:32b,direct,crn-005393,2194,900,unclosed_code_fence;near_num_predict_char_risk,multiple_code_fences_used_longest,
qwen2.5-coder:32b,direct,crn-011931,2228,490,unclosed_code_fence;near_num_predict_char_risk,multiple_code_fences_used_longest,
qwen2.5-coder:32b,direct,crn-009623,2147,258,unclosed_code_fence;near_num_predict_char_risk,multiple_code_fences_used_longest,
qwen2.5-coder:32b,direct,crn-006854,2422,506,unclosed_code_fence;near_num_predict_char_risk,multiple_code_fences_used_longest,
qwen2.5-coder:32b,direct,crn-005534,2229,242,unclosed_code_fence;near_num_predict_char_risk,multiple_code_fences_used_longest,
qwen2.5-coder:32b,direct,crn-011755,1964,415,unclosed_code_fence;near_num_predict_char_risk,multiple_code_fences_used_longest,
qwen2.5-coder:32b,direct,crn-010326,1940,535,unclosed_code_fence;near_num_predict_char_risk,multiple_code_fences_used_longest,
qwen2.5-coder:32b,direct,crn-014693,2391,711,unclosed_code_fence;near_num_predict_char_risk,multiple_code_fences_used_longest,
qwen2.5-coder:32b,direct,crn-010095,1970,192,unclosed_code_fence;near_num_predict_char_risk,multiple_code_fences_used_longest,
qwen2.5-coder:32b,direct,crn-007295,2495,666,unclosed_code_fence;near_num_predict_char_risk,multiple_code_fences_used_longest,
qwen2.5-coder:32b,direct,crn-011000,1975,1974,near_num_predict_char_risk,no_code_fence_used_raw_text,
qwen2.5-coder:32b,direct,crn-007658,2007,1864,near_num_predict_char_risk,extracted_from_code_fence,
qwen2.5-coder:32b,direct,crn-006832,1808,715,unclosed_code_fence;near_num_predict_char_risk,multiple_code_fences_used_longest,
qwen2.5-coder:32b,direct,crn-009556,902,461,unclosed_code_fence,extracted_from_code_fence,
qwen2.5-coder:32b,direct,crn-006930,2250,933,unclosed_code_fence;near_num_predict_char_risk,extracted_from_code_fence,
qwen2.5-coder:32b,direct,crn-009137,2883,1043,unclosed_code_fence;near_num_predict_char_risk,multiple_code_fences_used_longest,
qwen2.5-coder:32b,direct,crn-013101,1929,307,unclosed_code_fence;near_num_predict_char_risk,multiple_code_fences_used_longest,
qwen2.5-coder:32b,direct,crn-002679,2202,258,unclosed_code_fence;near_num_predict_char_risk,multiple_code_fences_used_longest,
qwen2.5-coder:32b,direct,crn-002664,2105,1011,unclosed_code_fence;near_num_predict_char_risk,multiple_code_fences_used_longest,
qwen2.5-coder:32b,direct,crn-000726,2825,349,unclosed_code_fence;near_num_predict_char_risk,multiple_code_fences_used_longest,
qwen2.5-coder:32b,direct,crn-003353,1638,571,unclosed_code_fence,multiple_code_fences_used_longest,
qwen2.5-coder:32b,direct,crn-012232,2369,724,unclosed_code_fence;near_num_predict_char_risk,multiple_code_fences_used_longest,
qwen2.5-coder:32b,direct,crn-002214,1872,457,unclosed_code_fence;near_num_predict_char_risk,multiple_code_fences_used_longest,
qwen2.5-coder:32b,direct,crn-009140,2594,472,unclosed_code_fence;near_num_predict_char_risk,multiple_code_fences_used_longest,
qwen2.5-coder:32b,direct,crn-008341,2214,440,near_num_predict_char_risk,multiple_code_fences_used_longest,
qwen2.5-coder:32b,direct,crn-001196,2595,440,unclosed_code_fence;near_num_predict_char_risk,multiple_code_fences_used_longest,
qwen2.5-coder:32b,direct,crn-010830,2049,164,unclosed_code_fence;near_num_predict_char_risk,multiple_code_fences_used_longest,
qwen2.5-coder:32b,direct,crn-004096,1963,256,unclosed_code_fence;near_num_predict_char_risk,multiple_code_fences_used_longest,
qwen2.5-coder:32b,direct,crn-003136,2102,843,unclosed_code_fence;near_num_predict_char_risk,multiple_code_fences_used_longest,
qwen2.5-coder:32b,direct,crn-007798,2000,656,unclosed_code_fence;near_num_predict_char_risk,multiple_code_fences_used_longest,
qwen2.5-coder:32b,direct,crn-004588,1511,179,unclosed_code_fence,multiple_code_fences_used_longest,
qwen2.5-coder:32b,direct,crn-009129,2661,441,unclosed_code_fence;near_num_predict_char_risk,multiple_code_fences_used_longest,
qwen2.5-coder:32b,direct,crn-003492,1847,199,near_num_predict_char_risk,multiple_code_fences_used_longest,
qwen2.5-coder:32b,direct,crn-006975,2031,590,unclosed_code_fence;near_num_predict_char_risk,multiple_code_fences_used_longest,
qwen2.5-coder:32b,direct,crn-012530,2238,260,unclosed_code_fence;near_num_predict_char_risk,multiple_code_fences_used_longest,
qwen2.5-coder:32b,direct,crn-001140,1471,489,unclosed_code_fence,multiple_code_fences_used_longest,
qwen2.5-coder:32b,direct,crn-008058,2664,824,unclosed_code_fence;near_num_predict_char_risk,multiple_code_fences_used_longest,
qwen2.5-coder:32b,direct,crn-002663,611,519,unclosed_code_fence,extracted_from_code_fence,
qwen2.5-coder:32b,direct,crn-014775,1937,770,unclosed_code_fence;near_num_predict_char_risk,multiple_code_fences_used_longest,
qwen2.5-coder:32b,direct,crn-014347,2212,401,unclosed_code_fence;near_num_predict_char_risk,multiple_code_fences_used_longest,
qwen2.5-coder:32b,direct,crn-001841,362,343,unclosed_code_fence,extracted_from_code_fence,
qwen2.5-coder:32b,direct,crn-004395,2268,471,near_num_predict_char_risk,multiple_code_fences_used_longest,
qwen2.5-coder:32b,direct,crn-004142,2094,448,unclosed_code_fence;near_num_predict_char_risk,multiple_code_fences_used_longest,
qwen2.5-coder:32b,direct,crn-002519,562,561,unclosed_code_fence,no_code_fence_used_raw_text,
qwen2.5-coder:32b,direct,crn-002301,1660,267,unclosed_code_fence,multiple_code_fences_used_longest,
qwen2.5-coder:32b,direct,crn-007473,2692,367,near_num_predict_char_risk,multiple_code_fences_used_longest,
qwen2.5-coder:32b,direct,crn-004580,2128,490,unclosed_code_fence;near_num_predict_char_risk,multiple_code_fences_used_longest,
qwen2.5-coder:32b,direct,crn-011607,2373,470,unclosed_code_fence;near_num_predict_char_risk,multiple_code_fences_used_longest,
qwen2.5-coder:32b,direct,crn-014595,1932,869,unclosed_code_fence;near_num_predict_char_risk,extracted_from_code_fence,
qwen2.5-coder:32b,direct,crn-013662,1938,462,unclosed_code_fence;near_num_predict_char_risk,multiple_code_fences_used_longest,
qwen2.5-coder:32b,direct,crn-014327,1998,1176,unclosed_code_fence;near_num_predict_char_risk,extracted_from_code_fence,
qwen2.5-coder:32b,direct,crn-000437,2031,208,unclosed_code_fence;near_num_predict_char_risk,multiple_code_fences_used_longest,
qwen2.5-coder:32b,direct,crn-001547,2272,368,unclosed_code_fence;near_num_predict_char_risk,multiple_code_fences_used_longest,
qwen2.5-coder:32b,direct,crn-004532,2130,409,unclosed_code_fence;near_num_predict_char_risk,multiple_code_fences_used_longest,
qwen2.5-coder:32b,direct,crn-010536,1885,250,unclosed_code_fence;near_num_predict_char_risk,multiple_code_fences_used_longest,
qwen2.5-coder:32b,gold_location,crn-002590,29,19,very_short_extracted_code,extracted_from_code_fence,
qwen2.5-coder:32b,gold_location,crn-007808,2085,1380,unclosed_code_fence;near_num_predict_char_risk,extracted_from_code_fence,
qwen2.5-coder:32b,gold_location,crn-004391,2449,2097,unclosed_code_fence;near_num_predict_char_risk,extracted_from_code_fence,
qwen2.5-coder:32b,gold_location,crn-004653,2543,226,unclosed_code_fence;near_num_predict_char_risk,multiple_code_fences_used_longest,
qwen2.5-coder:32b,gold_location,crn-013461,1840,1825,near_num_predict_char_risk,extracted_from_code_fence,
qwen2.5-coder:32b,gold_location,crn-002037,2592,448,unclosed_code_fence;near_num_predict_char_risk,multiple_code_fences_used_longest,
qwen2.5-coder:32b,gold_location,crn-006057,710,709,unclosed_code_fence,no_code_fence_used_raw_text,
qwen2.5-coder:32b,gold_location,crn-013404,606,68,unclosed_code_fence,extracted_from_code_fence,
qwen2.5-coder:32b,gold_location,crn-006514,1570,686,unclosed_code_fence,multiple_code_fences_used_longest,
qwen2.5-coder:32b,gold_location,crn-014500,1754,689,unclosed_code_fence,multiple_code_fences_used_longest,
qwen2.5-coder:32b,gold_location,crn-004661,667,184,unclosed_code_fence,extracted_from_code_fence,
qwen2.5-coder:32b,gold_location,crn-007011,1850,1839,near_num_predict_char_risk,extracted_from_code_fence,
qwen2.5-coder:32b,gold_location,crn-011036,572,554,unclosed_code_fence,extracted_from_code_fence,
qwen2.5-coder:32b,gold_location,crn-001707,2190,639,unclosed_code_fence;near_num_predict_char_risk,multiple_code_fences_used_longest,
qwen2.5-coder:32b,gold_location,crn-011262,1763,329,unclosed_code_fence,multiple_code_fences_used_longest,
qwen2.5-coder:32b,gold_location,crn-003015,1874,437,unclosed_code_fence;near_num_predict_char_risk,multiple_code_fences_used_longest,
qwen2.5-coder:32b,gold_location,crn-005981,2220,604,unclosed_code_fence;near_num_predict_char_risk,multiple_code_fences_used_longest,
qwen2.5-coder:32b,gold_location,crn-002323,1785,576,unclosed_code_fence,multiple_code_fences_used_longest,
qwen2.5-coder:32b,gold_location,crn-001518,299,280,unclosed_code_fence,extracted_from_code_fence,
qwen2.5-coder:32b,gold_location,crn-010491,2135,493,unclosed_code_fence;near_num_predict_char_risk,multiple_code_fences_used_longest,
qwen2.5-coder:32b,gold_location,crn-001217,472,289,unclosed_code_fence,multiple_code_fences_used_longest,
qwen2.5-coder:32b,gold_location,crn-012384,2097,352,near_num_predict_char_risk,multiple_code_fences_used_longest,
qwen2.5-coder:32b,gold_location,crn-002282,2124,230,near_num_predict_char_risk,multiple_code_fences_used_longest,
qwen2.5-coder:32b,gold_location,crn-014781,2385,388,unclosed_code_fence;near_num_predict_char_risk,multiple_code_fences_used_longest,
qwen2.5-coder:32b,gold_location,crn-002391,1671,348,unclosed_code_fence,multiple_code_fences_used_longest,
qwen2.5-coder:32b,gold_location,crn-014797,218,180,unclosed_code_fence,extracted_from_code_fence,
qwen2.5-coder:32b,gold_location,crn-009365,2479,282,unclosed_code_fence;near_num_predict_char_risk,multiple_code_fences_used_longest,
qwen2.5-coder:32b,gold_location,crn-007115,1701,405,unclosed_code_fence,multiple_code_fences_used_longest,
qwen2.5-coder:32b,gold_location,crn-006105,1476,1469,unclosed_code_fence,no_code_fence_used_raw_text,
qwen2.5-coder:32b,gold_location,crn-002070,2407,759,unclosed_code_fence;near_num_predict_char_risk,multiple_code_fences_used_longest,
qwen2.5-coder:32b,gold_location,crn-014606,437,436,unclosed_code_fence,no_code_fence_used_raw_text,
qwen2.5-coder:32b,gold_location,crn-013606,1888,772,near_num_predict_char_risk,multiple_code_fences_used_longest,
qwen2.5-coder:32b,gold_location,crn-007558,2546,487,unclosed_code_fence;near_num_predict_char_risk,multiple_code_fences_used_longest,
qwen2.5-coder:32b,gold_location,crn-002689,1812,589,unclosed_code_fence;near_num_predict_char_risk,multiple_code_fences_used_longest,
qwen2.5-coder:32b,gold_location,crn-007246,2654,269,near_num_predict_char_risk,multiple_code_fences_used_longest,
qwen2.5-coder:32b,gold_location,crn-005222,2016,688,unclosed_code_fence;near_num_predict_char_risk,multiple_code_fences_used_longest,
qwen2.5-coder:32b,gold_location,crn-002283,2162,233,near_num_predict_char_risk,multiple_code_fences_used_longest,
qwen2.5-coder:32b,gold_location,crn-005460,1994,509,unclosed_code_fence;near_num_predict_char_risk,multiple_code_fences_used_longest,
qwen2.5-coder:32b,gold_location,crn-000612,2561,354,unclosed_code_fence;near_num_predict_char_risk,multiple_code_fences_used_longest,
qwen2.5-coder:32b,gold_location,crn-011198,1240,1239,unclosed_code_fence,no_code_fence_used_raw_text,
qwen2.5-coder:32b,gold_location,crn-004378,2006,727,unclosed_code_fence;near_num_predict_char_risk,multiple_code_fences_used_longest,
qwen2.5-coder:32b,gold_location,crn-008948,1783,478,unclosed_code_fence,multiple_code_fences_used_longest,
qwen2.5-coder:32b,gold_location,crn-013438,1573,398,unclosed_code_fence,multiple_code_fences_used_longest,
qwen2.5-coder:32b,gold_location,crn-014918,1801,320,near_num_predict_char_risk,multiple_code_fences_used_longest,
qwen2.5-coder:32b,gold_location,crn-005982,2100,634,unclosed_code_fence;near_num_predict_char_risk,multiple_code_fences_used_longest,
qwen2.5-coder:32b,gold_location,crn-013319,1187,1186,unclosed_code_fence,no_code_fence_used_raw_text,
qwen2.5-coder:32b,gold_location,crn-000182,2025,444,unclosed_code_fence;near_num_predict_char_risk,multiple_code_fences_used_longest,
qwen2.5-coder:32b,gold_location,crn-002316,1972,614,unclosed_code_fence;near_num_predict_char_risk,multiple_code_fences_used_longest,
qwen2.5-coder:32b,gold_location,crn-001546,2319,910,unclosed_code_fence;near_num_predict_char_risk,multiple_code_fences_used_longest,
qwen2.5-coder:32b,gold_location,crn-005817,2446,415,unclosed_code_fence;near_num_predict_char_risk,multiple_code_fences_used_longest,
qwen2.5-coder:32b,gold_location,crn-011987,2182,278,unclosed_code_fence;near_num_predict_char_risk,multiple_code_fences_used_longest,
qwen2.5-coder:32b,gold_location,crn-005282,1905,92,near_num_predict_char_risk,multiple_code_fences_used_longest,
qwen2.5-coder:32b,gold_location,crn-005660,2195,412,unclosed_code_fence;near_num_predict_char_risk,multiple_code_fences_used_longest,
qwen2.5-coder:32b,gold_location,crn-006104,1476,1469,unclosed_code_fence,no_code_fence_used_raw_text,
qwen2.5-coder:32b,gold_location,crn-001561,33,17,very_short_extracted_code,extracted_from_code_fence,
qwen2.5-coder:32b,gold_location,crn-004340,2195,511,unclosed_code_fence;near_num_predict_char_risk,multiple_code_fences_used_longest,
qwen2.5-coder:32b,gold_location,crn-007189,655,655,unclosed_code_fence,no_code_fence_used_raw_text,
qwen2.5-coder:32b,gold_location,crn-008346,1953,1862,near_num_predict_char_risk,extracted_from_code_fence,
qwen2.5-coder:32b,gold_location,crn-005511,2363,423,unclosed_code_fence;near_num_predict_char_risk,multiple_code_fences_used_longest,
qwen2.5-coder:32b,gold_location,crn-004177,1607,1606,unclosed_code_fence,no_code_fence_used_raw_text,
qwen2.5-coder:32b,gold_location,crn-011780,2427,454,unclosed_code_fence;near_num_predict_char_risk,multiple_code_fences_used_longest,
qwen2.5-coder:32b,gold_location,crn-006995,2019,351,unclosed_code_fence;near_num_predict_char_risk,multiple_code_fences_used_longest,
qwen2.5-coder:32b,gold_location,crn-000008,2029,243,unclosed_code_fence;near_num_predict_char_risk,multiple_code_fences_used_longest,
qwen2.5-coder:32b,gold_location,crn-003477,2076,129,unclosed_code_fence;near_num_predict_char_risk,multiple_code_fences_used_longest,
qwen2.5-coder:32b,gold_location,crn-006089,651,650,unclosed_code_fence,no_code_fence_used_raw_text,
qwen2.5-coder:32b,gold_location,crn-004561,2263,596,unclosed_code_fence;near_num_predict_char_risk,multiple_code_fences_used_longest,
qwen2.5-coder:32b,gold_location,crn-005895,2118,356,unclosed_code_fence;near_num_predict_char_risk,multiple_code_fences_used_longest,
qwen2.5-coder:32b,gold_location,crn-001661,1337,1336,unclosed_code_fence,no_code_fence_used_raw_text,
qwen2.5-coder:32b,gold_location,crn-002816,1639,216,unclosed_code_fence,multiple_code_fences_used_longest,
qwen2.5-coder:32b,gold_location,crn-005058,2053,183,near_num_predict_char_risk,multiple_code_fences_used_longest,
qwen2.5-coder:32b,gold_location,crn-004783,520,503,unclosed_code_fence,extracted_from_code_fence,
qwen2.5-coder:32b,gold_location,crn-003250,302,284,unclosed_code_fence,extracted_from_code_fence,
qwen2.5-coder:32b,gold_location,crn-007995,1825,393,unclosed_code_fence;near_num_predict_char_risk,multiple_code_fences_used_longest,
qwen2.5-coder:32b,gold_location,crn-002392,1675,364,unclosed_code_fence,multiple_code_fences_used_longest,
qwen2.5-coder:32b,gold_location,crn-008626,2196,93,near_num_predict_char_risk,multiple_code_fences_used_longest,
qwen2.5-coder:32b,gold_location,crn-005878,1866,341,unclosed_code_fence;near_num_predict_char_risk,multiple_code_fences_used_longest,
qwen2.5-coder:32b,gold_location,crn-009650,2612,265,unclosed_code_fence;near_num_predict_char_risk,multiple_code_fences_used_longest,
qwen2.5-coder:32b,gold_location,crn-001664,2394,616,near_num_predict_char_risk,multiple_code_fences_used_longest,
qwen2.5-coder:32b,gold_location,crn-009238,25,12,very_short_extracted_code,extracted_from_code_fence,
qwen2.5-coder:32b,gold_location,crn-007064,1909,274,unclosed_code_fence;near_num_predict_char_risk,multiple_code_fences_used_longest,
qwen2.5-coder:32b,gold_location,crn-011575,1907,310,unclosed_code_fence;near_num_predict_char_risk,multiple_code_fences_used_longest,
qwen2.5-coder:32b,gold_location,crn-009545,2425,554,unclosed_code_fence;near_num_predict_char_risk,multiple_code_fences_used_longest,
qwen2.5-coder:32b,gold_location,crn-007820,2127,1015,unclosed_code_fence;near_num_predict_char_risk,multiple_code_fences_used_longest,
qwen2.5-coder:32b,gold_location,crn-011321,1867,420,unclosed_code_fence;near_num_predict_char_risk,multiple_code_fences_used_longest,
qwen2.5-coder:32b,gold_location,crn-001599,2334,374,unclosed_code_fence;near_num_predict_char_risk,multiple_code_fences_used_longest,
qwen2.5-coder:32b,gold_location,crn-004070,1673,341,unclosed_code_fence,multiple_code_fences_used_longest,
qwen2.5-coder:32b,gold_location,crn-007999,1662,474,unclosed_code_fence,multiple_code_fences_used_longest,
qwen2.5-coder:32b,gold_location,crn-007376,2542,1265,near_num_predict_char_risk,multiple_code_fences_used_longest,
qwen2.5-coder:32b,gold_location,crn-002350,385,368,unclosed_code_fence,extracted_from_code_fence,
qwen2.5-coder:32b,gold_location,crn-003822,2057,433,unclosed_code_fence;near_num_predict_char_risk,multiple_code_fences_used_longest,
qwen2.5-coder:32b,gold_location,crn-014926,2379,1262,unclosed_code_fence;near_num_predict_char_risk,multiple_code_fences_used_longest,
qwen2.5-coder:32b,gold_location,crn-002687,1646,293,unclosed_code_fence,multiple_code_fences_used_longest,
qwen2.5-coder:32b,gold_location,crn-014942,2345,810,unclosed_code_fence;near_num_predict_char_risk,multiple_code_fences_used_longest,
qwen2.5-coder:32b,gold_location,crn-007209,2193,373,unclosed_code_fence;near_num_predict_char_risk,multiple_code_fences_used_longest,
qwen2.5-coder:32b,gold_location,crn-002182,2389,267,unclosed_code_fence;near_num_predict_char_risk,multiple_code_fences_used_longest,
qwen2.5-coder:32b,gold_location,crn-006886,2168,380,near_num_predict_char_risk,multiple_code_fences_used_longest,
qwen2.5-coder:32b,gold_location,crn-014112,2156,349,unclosed_code_fence;near_num_predict_char_risk,multiple_code_fences_used_longest,
qwen2.5-coder:32b,gold_location,crn-014156,2788,462,unclosed_code_fence;near_num_predict_char_risk,multiple_code_fences_used_longest,
qwen2.5-coder:32b,gold_location,crn-007172,258,257,unclosed_code_fence,no_code_fence_used_raw_text,
qwen2.5-coder:32b,gold_location,crn-012556,2056,1325,unclosed_code_fence;near_num_predict_char_risk,extracted_from_code_fence,
qwen2.5-coder:32b,gold_location,crn-006581,2293,314,unclosed_code_fence;near_num_predict_char_risk,multiple_code_fences_used_longest,
qwen2.5-coder:32b,gold_location,crn-007731,2189,334,unclosed_code_fence;near_num_predict_char_risk,multiple_code_fences_used_longest,
qwen2.5-coder:32b,gold_location,crn-003757,2190,410,unclosed_code_fence;near_num_predict_char_risk,multiple_code_fences_used_longest,
qwen2.5-coder:32b,gold_location,crn-003685,2248,823,unclosed_code_fence;near_num_predict_char_risk,multiple_code_fences_used_longest,
qwen2.5-coder:32b,gold_location,crn-007605,2247,357,unclosed_code_fence;near_num_predict_char_risk,multiple_code_fences_used_longest,
qwen2.5-coder:32b,gold_location,crn-007227,2076,952,unclosed_code_fence;near_num_predict_char_risk,multiple_code_fences_used_longest,
qwen2.5-coder:32b,gold_location,crn-012813,2120,343,unclosed_code_fence;near_num_predict_char_risk,multiple_code_fences_used_longest,
qwen2.5-coder:32b,gold_location,crn-013150,905,904,unclosed_code_fence,no_code_fence_used_raw_text,
qwen2.5-coder:32b,gold_location,crn-004509,2391,478,unclosed_code_fence;near_num_predict_char_risk,multiple_code_fences_used_longest,
qwen2.5-coder:32b,gold_location,crn-011034,513,496,unclosed_code_fence,extracted_from_code_fence,
qwen2.5-coder:32b,gold_location,crn-003739,1734,287,unclosed_code_fence,multiple_code_fences_used_longest,
qwen2.5-coder:32b,gold_location,crn-003738,1783,652,unclosed_code_fence,multiple_code_fences_used_longest,
qwen2.5-coder:32b,gold_location,crn-008339,2444,445,unclosed_code_fence;near_num_predict_char_risk,multiple_code_fences_used_longest,
qwen2.5-coder:32b,gold_location,crn-011044,1958,560,unclosed_code_fence;near_num_predict_char_risk,multiple_code_fences_used_longest,
qwen2.5-coder:32b,gold_location,crn-007664,2334,676,unclosed_code_fence;near_num_predict_char_risk,multiple_code_fences_used_longest,
qwen2.5-coder:32b,gold_location,crn-001855,2426,382,unclosed_code_fence;near_num_predict_char_risk,multiple_code_fences_used_longest,
qwen2.5-coder:32b,gold_location,crn-008848,833,832,unclosed_code_fence,no_code_fence_used_raw_text,
qwen2.5-coder:32b,gold_location,crn-000309,567,566,unclosed_code_fence,no_code_fence_used_raw_text,
qwen2.5-coder:32b,gold_location,crn-004858,2047,738,near_num_predict_char_risk,multiple_code_fences_used_longest,
qwen2.5-coder:32b,gold_location,crn-012537,1956,434,near_num_predict_char_risk,multiple_code_fences_used_longest,
qwen2.5-coder:32b,gold_location,crn-011770,2034,442,unclosed_code_fence;near_num_predict_char_risk,multiple_code_fences_used_longest,
qwen2.5-coder:32b,gold_location,crn-002876,1822,212,unclosed_code_fence;near_num_predict_char_risk,multiple_code_fences_used_longest,
qwen2.5-coder:32b,gold_location,crn-011810,2097,290,near_num_predict_char_risk,multiple_code_fences_used_longest,
qwen2.5-coder:32b,gold_location,crn-006988,1913,306,unclosed_code_fence;near_num_predict_char_risk,multiple_code_fences_used_longest,
qwen2.5-coder:32b,gold_location,crn-005930,1987,348,unclosed_code_fence;near_num_predict_char_risk,multiple_code_fences_used_longest,
qwen2.5-coder:32b,gold_location,crn-003207,1809,478,unclosed_code_fence;near_num_predict_char_risk,multiple_code_fences_used_longest,
qwen2.5-coder:32b,gold_location,crn-006934,1827,643,unclosed_code_fence;near_num_predict_char_risk,multiple_code_fences_used_longest,
qwen2.5-coder:32b,gold_location,crn-007188,1553,397,unclosed_code_fence,multiple_code_fences_used_longest,
qwen2.5-coder:32b,gold_location,crn-007173,204,203,unclosed_code_fence,no_code_fence_used_raw_text,
qwen2.5-coder:32b,gold_location,crn-012865,1774,268,unclosed_code_fence,multiple_code_fences_used_longest,
qwen2.5-coder:32b,gold_location,crn-012273,1892,958,unclosed_code_fence;near_num_predict_char_risk,extracted_from_code_fence,
qwen2.5-coder:32b,gold_location,crn-011694,1636,218,unclosed_code_fence,multiple_code_fences_used_longest,
qwen2.5-coder:32b,gold_location,crn-007800,1964,396,unclosed_code_fence;near_num_predict_char_risk,multiple_code_fences_used_longest,
qwen2.5-coder:32b,gold_location,crn-001533,1923,338,unclosed_code_fence;near_num_predict_char_risk,multiple_code_fences_used_longest,
qwen2.5-coder:32b,gold_location,crn-008577,2601,1275,unclosed_code_fence;near_num_predict_char_risk,extracted_from_code_fence,
qwen2.5-coder:32b,gold_location,crn-009606,2418,487,unclosed_code_fence;near_num_predict_char_risk,multiple_code_fences_used_longest,
qwen2.5-coder:32b,gold_location,crn-005461,2074,529,unclosed_code_fence;near_num_predict_char_risk,multiple_code_fences_used_longest,
qwen2.5-coder:32b,gold_location,crn-014285,2086,713,unclosed_code_fence;near_num_predict_char_risk,multiple_code_fences_used_longest,
qwen2.5-coder:32b,gold_location,crn-001517,301,282,unclosed_code_fence,extracted_from_code_fence,
qwen2.5-coder:32b,gold_location,crn-012155,3060,554,unclosed_code_fence;near_num_predict_char_risk,multiple_code_fences_used_longest,
qwen2.5-coder:32b,gold_location,crn-011439,2516,580,unclosed_code_fence;near_num_predict_char_risk,multiple_code_fences_used_longest,
qwen2.5-coder:32b,gold_location,crn-003821,2082,413,unclosed_code_fence;near_num_predict_char_risk,multiple_code_fences_used_longest,
qwen2.5-coder:32b,gold_location,crn-003407,2043,310,unclosed_code_fence;near_num_predict_char_risk,multiple_code_fences_used_longest,
qwen2.5-coder:32b,gold_location,crn-005462,2089,539,unclosed_code_fence;near_num_predict_char_risk,multiple_code_fences_used_longest,
qwen2.5-coder:32b,gold_location,crn-006895,977,976,unclosed_code_fence,no_code_fence_used_raw_text,
qwen2.5-coder:32b,gold_location,crn-011559,2209,611,unclosed_code_fence;near_num_predict_char_risk,multiple_code_fences_used_longest,
qwen2.5-coder:32b,gold_location,crn-009324,2188,403,near_num_predict_char_risk,multiple_code_fences_used_longest,
qwen2.5-coder:32b,gold_location,crn-008678,1719,231,unclosed_code_fence,multiple_code_fences_used_longest,
qwen2.5-coder:32b,gold_location,crn-009969,2496,467,unclosed_code_fence;near_num_predict_char_risk,multiple_code_fences_used_longest,
qwen2.5-coder:32b,gold_location,crn-011249,2297,651,unclosed_code_fence;near_num_predict_char_risk,extracted_from_code_fence,
qwen2.5-coder:32b,gold_location,crn-005563,2198,275,unclosed_code_fence;near_num_predict_char_risk,multiple_code_fences_used_longest,
qwen2.5-coder:32b,gold_location,crn-013151,905,904,unclosed_code_fence,no_code_fence_used_raw_text,
qwen2.5-coder:32b,gold_location,crn-007317,19,5,very_short_extracted_code,extracted_from_code_fence,
qwen2.5-coder:32b,gold_location,crn-006039,2304,889,unclosed_code_fence;near_num_predict_char_risk,multiple_code_fences_used_longest,
qwen2.5-coder:32b,gold_location,crn-014646,372,139,unclosed_code_fence,extracted_from_code_fence,
qwen2.5-coder:32b,gold_location,crn-007892,1911,1453,unclosed_code_fence;near_num_predict_char_risk,extracted_from_code_fence,
qwen2.5-coder:32b,gold_location,crn-003249,308,290,unclosed_code_fence,extracted_from_code_fence,
qwen2.5-coder:32b,gold_location,crn-009522,36,23,very_short_extracted_code,extracted_from_code_fence,
qwen2.5-coder:32b,gold_location,crn-007027,2534,209,unclosed_code_fence;near_num_predict_char_risk,multiple_code_fences_used_longest,
qwen2.5-coder:32b,gold_location,crn-010891,283,282,unclosed_code_fence,no_code_fence_used_raw_text,
qwen2.5-coder:32b,gold_location,crn-011120,1927,557,unclosed_code_fence;near_num_predict_char_risk,multiple_code_fences_used_longest,
qwen2.5-coder:32b,gold_location,crn-011144,1927,1890,near_num_predict_char_risk,extracted_from_code_fence,
qwen2.5-coder:32b,gold_location,crn-004979,2002,119,unclosed_code_fence;near_num_predict_char_risk,multiple_code_fences_used_longest,
qwen2.5-coder:32b,gold_location,crn-000849,2402,370,unclosed_code_fence;near_num_predict_char_risk,multiple_code_fences_used_longest,
qwen2.5-coder:32b,gold_location,crn-008975,1828,716,unclosed_code_fence;near_num_predict_char_risk,multiple_code_fences_used_longest,
qwen2.5-coder:32b,gold_location,crn-001693,245,205,unclosed_code_fence,extracted_from_code_fence,
qwen2.5-coder:32b,gold_location,crn-005199,1978,570,unclosed_code_fence;near_num_predict_char_risk,multiple_code_fences_used_longest,
qwen2.5-coder:32b,gold_location,crn-009150,2321,650,unclosed_code_fence;near_num_predict_char_risk,multiple_code_fences_used_longest,
qwen2.5-coder:32b,gold_location,crn-002996,2377,416,unclosed_code_fence;near_num_predict_char_risk,multiple_code_fences_used_longest,
qwen2.5-coder:32b,gold_location,crn-006949,2152,1113,unclosed_code_fence;near_num_predict_char_risk,multiple_code_fences_used_longest,
qwen2.5-coder:32b,gold_location,crn-002994,2513,212,unclosed_code_fence;near_num_predict_char_risk,multiple_code_fences_used_longest,
qwen2.5-coder:32b,gold_location,crn-007065,1981,274,unclosed_code_fence;near_num_predict_char_risk,multiple_code_fences_used_longest,
qwen2.5-coder:32b,gold_location,crn-009941,19,18,very_short_extracted_code,no_code_fence_used_raw_text,
qwen2.5-coder:32b,gold_location,crn-001400,1846,662,unclosed_code_fence;near_num_predict_char_risk,multiple_code_fences_used_longest,
qwen2.5-coder:32b,gold_location,crn-009556,1806,476,unclosed_code_fence;near_num_predict_char_risk,multiple_code_fences_used_longest,
qwen2.5-coder:32b,gold_location,crn-011038,416,398,unclosed_code_fence,extracted_from_code_fence,
qwen2.5-coder:32b,gold_location,crn-004025,2419,521,unclosed_code_fence;near_num_predict_char_risk,multiple_code_fences_used_longest,
qwen2.5-coder:32b,gold_location,crn-011035,537,520,unclosed_code_fence,extracted_from_code_fence,
qwen2.5-coder:32b,gold_location,crn-003136,849,831,unclosed_code_fence,extracted_from_code_fence,
qwen2.5-coder:32b,gold_location,crn-007798,2125,651,unclosed_code_fence;near_num_predict_char_risk,multiple_code_fences_used_longest,
qwen2.5-coder:32b,gold_location,crn-014167,1776,1208,unclosed_code_fence,extracted_from_code_fence,
qwen2.5-coder:32b,gold_location,crn-004084,1696,291,unclosed_code_fence,multiple_code_fences_used_longest,
qwen2.5-coder:32b,gold_location,crn-002663,389,357,unclosed_code_fence,extracted_from_code_fence,
qwen2.5-coder:32b,gold_location,crn-013959,2257,731,unclosed_code_fence;near_num_predict_char_risk,multiple_code_fences_used_longest,
qwen2.5-coder:32b,gold_location,crn-009249,2113,1130,unclosed_code_fence;near_num_predict_char_risk,extracted_from_code_fence,
